network_profile,network_label,method,logN,m,metric,count,median,mean,stddev,min,max
FAST,emulated TCP network,RM_VECTOR_GENERIC_SPLIT,14,16,total_wall_ms,10,250.16949999999997,249.96970000000002,0.6652837063990108,248.606,250.991
FAST,emulated TCP network,RM_VECTOR_GENERIC_SPLIT,14,16,total_comm_bytes,10,16941392.0,16941392.0,0.0,16941392.0,16941392.0
FAST,emulated TCP network,RM_VECTOR_GENERIC_SPLIT,14,16,split_input_phase_wall_ms,10,175.659,175.518,0.5384399687987471,174.54600000000002,176.28
FAST,emulated TCP network,RM_VECTOR_GENERIC_SPLIT,14,32,total_wall_ms,10,537.32,537.7484000000001,1.5496859165650223,535.871,540.919
FAST,emulated TCP network,RM_VECTOR_GENERIC_SPLIT,14,32,total_comm_bytes,10,67373392.0,67373392.0,0.0,67373392.0,67373392.0
FAST,emulated TCP network,RM_VECTOR_GENERIC_SPLIT,14,32,split_input_phase_wall_ms,10,448.68,449.0637,1.2418483039405357,447.498,451.654
FAST,emulated TCP network,RM_VECTOR_GENERIC_SPLIT,14,8,total_wall_ms,10,131.5625,131.6865,0.4558068121474246,131.056,132.677
FAST,emulated TCP network,RM_VECTOR_GENERIC_SPLIT,14,8,total_comm_bytes,10,4308304.0,4308304.0,0.0,4308304.0,4308304.0
FAST,emulated TCP network,RM_VECTOR_GENERIC_SPLIT,14,8,split_input_phase_wall_ms,10,61.5925,61.6205,0.27386210033518676,61.229,62.098
FAST,emulated TCP network,RM_VECTOR_GENERIC_SPLIT,16,16,total_wall_ms,10,303.95849999999996,304.10999999999996,1.93947389773618,301.161,308.37199999999996
FAST,emulated TCP network,RM_VECTOR_GENERIC_SPLIT,16,16,total_comm_bytes,10,16958288.0,16958288.0,0.0,16958288.0,16958288.0
FAST,emulated TCP network,RM_VECTOR_GENERIC_SPLIT,16,16,split_input_phase_wall_ms,10,174.929,174.9914,0.33718368881070676,174.431,175.69299999999998
FAST,emulated TCP network,RM_VECTOR_GENERIC_SPLIT,16,32,total_wall_ms,10,633.6145,633.7533000000001,2.166861972992297,629.393,637.7080000000001
FAST,emulated TCP network,RM_VECTOR_GENERIC_SPLIT,16,32,total_comm_bytes,10,67390288.0,67390288.0,0.0,67390288.0,67390288.0
FAST,emulated TCP network,RM_VECTOR_GENERIC_SPLIT,16,32,split_input_phase_wall_ms,10,451.289,451.1492,1.479249323136546,448.31300000000005,454.20899999999995
FAST,emulated TCP network,RM_VECTOR_GENERIC_SPLIT,16,8,total_wall_ms,10,175.28650000000002,175.0401,2.1872183452961402,171.601,178.052
FAST,emulated TCP network,RM_VECTOR_GENERIC_SPLIT,16,8,total_comm_bytes,10,4325200.0,4325200.0,0.0,4325200.0,4325200.0
FAST,emulated TCP network,RM_VECTOR_GENERIC_SPLIT,16,8,split_input_phase_wall_ms,10,61.7465,61.7751,0.3444054151722935,61.295,62.423
FAST,emulated TCP network,RM_VECTOR_GENERIC_SPLIT,18,16,total_wall_ms,10,510.75200000000007,511.32480000000004,3.466347784051695,506.1600000000001,518.3370000000001
FAST,emulated TCP network,RM_VECTOR_GENERIC_SPLIT,18,16,total_comm_bytes,10,16975184.0,16975184.0,0.0,16975184.0,16975184.0
FAST,emulated TCP network,RM_VECTOR_GENERIC_SPLIT,18,16,split_input_phase_wall_ms,10,176.001,176.1797,0.7056208684555719,175.475,178.207
FAST,emulated TCP network,RM_VECTOR_GENERIC_SPLIT,18,32,total_wall_ms,10,998.936,999.7194,4.301615956823629,993.2189999999999,1007.4369999999999
FAST,emulated TCP network,RM_VECTOR_GENERIC_SPLIT,18,32,total_comm_bytes,10,67407184.0,67407184.0,0.0,67407184.0,67407184.0
FAST,emulated TCP network,RM_VECTOR_GENERIC_SPLIT,18,32,split_input_phase_wall_ms,10,447.60749999999996,448.20889999999997,1.4760143935612557,446.395,451.308
FAST,emulated TCP network,RM_VECTOR_GENERIC_SPLIT,18,8,total_wall_ms,10,290.07849999999996,289.5897,1.5608437493868503,286.082,291.97
FAST,emulated TCP network,RM_VECTOR_GENERIC_SPLIT,18,8,total_comm_bytes,10,4342096.0,4342096.0,0.0,4342096.0,4342096.0
FAST,emulated TCP network,RM_VECTOR_GENERIC_SPLIT,18,8,split_input_phase_wall_ms,10,61.9715,62.0676,0.36636135167345546,61.644,62.934000000000005
FAST,emulated TCP network,RM_VECTOR_GENERIC_SPLIT,20,16,total_wall_ms,10,1328.939,1332.0578,5.672390885684784,1327.156,1342.3
FAST,emulated TCP network,RM_VECTOR_GENERIC_SPLIT,20,16,total_comm_bytes,10,16992080.0,16992080.0,0.0,16992080.0,16992080.0
FAST,emulated TCP network,RM_VECTOR_GENERIC_SPLIT,20,16,split_input_phase_wall_ms,10,175.098,175.08350000000002,0.4620186684539892,174.245,175.821
FAST,emulated TCP network,RM_VECTOR_GENERIC_SPLIT,20,32,total_wall_ms,10,2706.911,2706.74,3.1498524092408298,2700.6749999999997,2710.3269999999998
FAST,emulated TCP network,RM_VECTOR_GENERIC_SPLIT,20,32,total_comm_bytes,10,67424080.0,67424080.0,0.0,67424080.0,67424080.0
FAST,emulated TCP network,RM_VECTOR_GENERIC_SPLIT,20,32,split_input_phase_wall_ms,10,447.82000000000005,447.8437,0.6507133086083321,446.687,448.90000000000003
FAST,emulated TCP network,RM_VECTOR_GENERIC_SPLIT,20,8,total_wall_ms,10,704.005,706.6457,6.989272666737213,699.526,718.967
FAST,emulated TCP network,RM_VECTOR_GENERIC_SPLIT,20,8,total_comm_bytes,10,4358992.0,4358992.0,0.0,4358992.0,4358992.0
FAST,emulated TCP network,RM_VECTOR_GENERIC_SPLIT,20,8,split_input_phase_wall_ms,10,61.644999999999996,61.635999999999996,0.20098855688819828,61.281,61.932
FAST,emulated TCP network,RM_VECTOR_OPT,14,16,total_wall_ms,10,120.3355,120.1747,0.8437581466273375,118.248,121.394
FAST,emulated TCP network,RM_VECTOR_OPT,14,16,total_comm_bytes,10,2507360.0,2507360.0,0.0,2507360.0,2507360.0
FAST,emulated TCP network,RM_VECTOR_OPT,14,16,split_input_phase_wall_ms,10,35.241,35.2402,0.0873233073125392,35.134,35.441
FAST,emulated TCP network,RM_VECTOR_OPT,14,32,total_wall_ms,10,140.808,140.89350000000002,1.794491975462697,136.992,144.954
FAST,emulated TCP network,RM_VECTOR_OPT,14,32,total_comm_bytes,10,4571744.0,4571744.0,0.0,4571744.0,4571744.0
FAST,emulated TCP network,RM_VECTOR_OPT,14,32,split_input_phase_wall_ms,10,40.8795,40.9162,0.10927744506530086,40.803,41.157
FAST,emulated TCP network,RM_VECTOR_OPT,14,8,total_wall_ms,10,105.4625,105.769,1.0742828305432408,104.95500000000001,108.874
FAST,emulated TCP network,RM_VECTOR_OPT,14,8,total_comm_bytes,10,1475168.0,1475168.0,0.0,1475168.0,1475168.0
FAST,emulated TCP network,RM_VECTOR_OPT,14,8,split_input_phase_wall_ms,10,32.3575,32.4894,0.5137486155699102,32.106,33.985
FAST,emulated TCP network,RM_VECTOR_OPT,16,16,total_wall_ms,10,180.632,180.5363,2.3008953496410895,176.719,185.122
FAST,emulated TCP network,RM_VECTOR_OPT,16,16,total_comm_bytes,10,2524256.0,2524256.0,0.0,2524256.0,2524256.0
FAST,emulated TCP network,RM_VECTOR_OPT,16,16,split_input_phase_wall_ms,10,35.269000000000005,35.296,0.09679669415842582,35.159000000000006,35.448
FAST,emulated TCP network,RM_VECTOR_OPT,16,32,total_wall_ms,10,230.75849999999997,231.1534,2.931134838249514,226.993,237.64
FAST,emulated TCP network,RM_VECTOR_OPT,16,32,total_comm_bytes,10,4588640.0,4588640.0,0.0,4588640.0,4588640.0
FAST,emulated TCP network,RM_VECTOR_OPT,16,32,split_input_phase_wall_ms,10,40.9965,40.994,0.12056284668172122,40.825,41.251000000000005
FAST,emulated TCP network,RM_VECTOR_OPT,16,8,total_wall_ms,10,150.85500000000002,151.0727,0.8946724596186044,149.72,152.642
FAST,emulated TCP network,RM_VECTOR_OPT,16,8,total_comm_bytes,10,1492064.0,1492064.0,0.0,1492064.0,1492064.0
FAST,emulated TCP network,RM_VECTOR_OPT,16,8,split_input_phase_wall_ms,10,32.2625,32.3086,0.09686712548641198,32.204,32.505
FAST,emulated TCP network,RM_VECTOR_OPT,18,16,total_wall_ms,10,387.30100000000004,388.1082,3.928645410316376,383.514,395.337
FAST,emulated TCP network,RM_VECTOR_OPT,18,16,total_comm_bytes,10,2541152.0,2541152.0,0.0,2541152.0,2541152.0
FAST,emulated TCP network,RM_VECTOR_OPT,18,16,split_input_phase_wall_ms,10,35.306,35.356899999999996,0.19036567442687757,35.175,35.763999999999996
FAST,emulated TCP network,RM_VECTOR_OPT,18,32,total_wall_ms,10,615.81,620.6654,13.520798661321736,607.931,652.01
FAST,emulated TCP network,RM_VECTOR_OPT,18,32,total_comm_bytes,10,4605536.0,4605536.0,0.0,4605536.0,4605536.0
FAST,emulated TCP network,RM_VECTOR_OPT,18,32,split_input_phase_wall_ms,10,40.9315,42.1121,3.585282149287556,40.785000000000004,52.863
FAST,emulated TCP network,RM_VECTOR_OPT,18,8,total_wall_ms,10,263.5245,273.5793,31.58695629227357,256.904,367.92900000000003
FAST,emulated TCP network,RM_VECTOR_OPT,18,8,total_comm_bytes,10,1508960.0,1508960.0,0.0,1508960.0,1508960.0
FAST,emulated TCP network,RM_VECTOR_OPT,18,8,split_input_phase_wall_ms,10,32.26,33.0048,1.9974512659887353,32.059999999999995,38.93
FAST,emulated TCP network,RM_VECTOR_OPT,20,16,total_wall_ms,10,1226.4074999999998,1227.5735,2.816589045281557,1224.1979999999999,1233.344
FAST,emulated TCP network,RM_VECTOR_OPT,20,16,total_comm_bytes,10,2558048.0,2558048.0,0.0,2558048.0,2558048.0
FAST,emulated TCP network,RM_VECTOR_OPT,20,16,split_input_phase_wall_ms,10,35.426500000000004,35.4483,0.12791798153504455,35.288,35.632
FAST,emulated TCP network,RM_VECTOR_OPT,20,32,total_wall_ms,10,2367.2995,2373.2924000000003,8.662457032505289,2365.218,2387.842
FAST,emulated TCP network,RM_VECTOR_OPT,20,32,total_comm_bytes,10,4622432.0,4622432.0,0.0,4622432.0,4622432.0
FAST,emulated TCP network,RM_VECTOR_OPT,20,32,split_input_phase_wall_ms,10,40.879000000000005,40.9256,0.1010358352269135,40.799,41.113
FAST,emulated TCP network,RM_VECTOR_OPT,20,8,total_wall_ms,10,680.389,695.679,38.11094406860055,677.111,806.165
FAST,emulated TCP network,RM_VECTOR_OPT,20,8,total_comm_bytes,10,1525856.0,1525856.0,0.0,1525856.0,1525856.0
FAST,emulated TCP network,RM_VECTOR_OPT,20,8,split_input_phase_wall_ms,10,32.4835,32.8916,1.2707370459697795,32.25,36.679
FAST,emulated TCP network,SILENT_SVOLE,14,16,total_wall_ms,10,641.696,641.5371,1.1817291948665423,639.9110000000001,643.5999999999999
FAST,emulated TCP network,SILENT_SVOLE,14,16,total_comm_bytes,10,32785160.0,32785160.0,0.0,32785160.0,32785160.0
FAST,emulated TCP network,SILENT_SVOLE,14,16,split_input_phase_wall_ms,10,0.0,0.0,0.0,0.0,0.0
FAST,emulated TCP network,SILENT_SVOLE,14,32,total_wall_ms,10,1331.614,1330.6024,2.5636623100556926,1325.634,1333.489
FAST,emulated TCP network,SILENT_SVOLE,14,32,total_comm_bytes,10,130462472.0,130462472.0,0.0,130462472.0,130462472.0
FAST,emulated TCP network,SILENT_SVOLE,14,32,split_input_phase_wall_ms,10,0.0,0.0,0.0,0.0,0.0
FAST,emulated TCP network,SILENT_SVOLE,14,8,total_wall_ms,10,464.99649999999997,465.06399999999996,0.3976116195485208,464.409,465.941
FAST,emulated TCP network,SILENT_SVOLE,14,8,total_comm_bytes,10,8325896.0,8325896.0,0.0,8325896.0,8325896.0
FAST,emulated TCP network,SILENT_SVOLE,14,8,split_input_phase_wall_ms,10,0.0,0.0,0.0,0.0,0.0
FAST,emulated TCP network,SILENT_SVOLE,16,16,total_wall_ms,10,767.0215,767.7063,1.6032722195560005,766.225,771.331
FAST,emulated TCP network,SILENT_SVOLE,16,16,total_comm_bytes,10,32816904.0,32816904.0,0.0,32816904.0,32816904.0
FAST,emulated TCP network,SILENT_SVOLE,16,16,split_input_phase_wall_ms,10,0.0,0.0,0.0,0.0,0.0
FAST,emulated TCP network,SILENT_SVOLE,16,32,total_wall_ms,10,1335.286,1334.7935,1.749425519992238,1331.623,1336.8660000000002
FAST,emulated TCP network,SILENT_SVOLE,16,32,total_comm_bytes,10,130494216.0,130494216.0,0.0,130494216.0,130494216.0
FAST,emulated TCP network,SILENT_SVOLE,16,32,split_input_phase_wall_ms,10,0.0,0.0,0.0,0.0,0.0
FAST,emulated TCP network,SILENT_SVOLE,16,8,total_wall_ms,10,602.09,602.3679,1.9973055574948977,600.482,607.395
FAST,emulated TCP network,SILENT_SVOLE,16,8,total_comm_bytes,10,8357640.0,8357640.0,0.0,8357640.0,8357640.0
FAST,emulated TCP network,SILENT_SVOLE,16,8,split_input_phase_wall_ms,10,0.0,0.0,0.0,0.0,0.0
FAST,emulated TCP network,SILENT_SVOLE,18,16,total_wall_ms,10,1188.701,1190.6368,4.548106524697928,1185.529,1198.8799999999999
FAST,emulated TCP network,SILENT_SVOLE,18,16,total_comm_bytes,10,32848648.0,32848648.0,0.0,32848648.0,32848648.0
FAST,emulated TCP network,SILENT_SVOLE,18,16,split_input_phase_wall_ms,10,0.0,0.0,0.0,0.0,0.0
FAST,emulated TCP network,SILENT_SVOLE,18,32,total_wall_ms,10,1833.477,1832.7322,13.540896674888243,1815.457,1849.95
FAST,emulated TCP network,SILENT_SVOLE,18,32,total_comm_bytes,10,130525960.0,130525960.0,0.0,130525960.0,130525960.0
FAST,emulated TCP network,SILENT_SVOLE,18,32,split_input_phase_wall_ms,10,0.0,0.0,0.0,0.0,0.0
FAST,emulated TCP network,SILENT_SVOLE,18,8,total_wall_ms,10,878.5715,878.8294,1.0820418845867248,877.258,880.302
FAST,emulated TCP network,SILENT_SVOLE,18,8,total_comm_bytes,10,8389384.0,8389384.0,0.0,8389384.0,8389384.0
FAST,emulated TCP network,SILENT_SVOLE,18,8,split_input_phase_wall_ms,10,0.0,0.0,0.0,0.0,0.0
FAST,emulated TCP network,SILENT_SVOLE,20,16,total_wall_ms,10,2978.809,2979.8709,4.083711435691784,2975.897,2987.527
FAST,emulated TCP network,SILENT_SVOLE,20,16,total_comm_bytes,10,32880392.0,32880392.0,0.0,32880392.0,32880392.0
FAST,emulated TCP network,SILENT_SVOLE,20,16,split_input_phase_wall_ms,10,0.0,0.0,0.0,0.0,0.0
FAST,emulated TCP network,SILENT_SVOLE,20,32,total_wall_ms,10,4015.4855000000002,4010.4879,14.774462551646275,3985.947,4030.2
FAST,emulated TCP network,SILENT_SVOLE,20,32,total_comm_bytes,10,130557704.0,130557704.0,0.0,130557704.0,130557704.0
FAST,emulated TCP network,SILENT_SVOLE,20,32,split_input_phase_wall_ms,10,0.0,0.0,0.0,0.0,0.0
FAST,emulated TCP network,SILENT_SVOLE,20,8,total_wall_ms,10,1968.3825000000002,1973.2384,12.027970428962634,1960.784,1992.918
FAST,emulated TCP network,SILENT_SVOLE,20,8,total_comm_bytes,10,8421128.0,8421128.0,0.0,8421128.0,8421128.0
FAST,emulated TCP network,SILENT_SVOLE,20,8,split_input_phase_wall_ms,10,0.0,0.0,0.0,0.0,0.0
WAN10,emulated TCP network,RM_VECTOR_GENERIC_SPLIT,14,16,total_wall_ms,5,11994.131,12038.043,86.00984085556738,11956.094000000001,12147.468
WAN10,emulated TCP network,RM_VECTOR_GENERIC_SPLIT,14,16,total_comm_bytes,5,16941392.0,16941392.0,0.0,16941392.0,16941392.0
WAN10,emulated TCP network,RM_VECTOR_GENERIC_SPLIT,14,16,split_input_phase_wall_ms,5,11724.916000000001,11738.2656,51.64331785855726,11687.453,11823.579
WAN10,emulated TCP network,RM_VECTOR_GENERIC_SPLIT,14,8,total_wall_ms,5,3480.024,3502.2491999999997,76.62707024387672,3418.3289999999997,3646.46
WAN10,emulated TCP network,RM_VECTOR_GENERIC_SPLIT,14,8,total_comm_bytes,5,4308304.0,4308304.0,0.0,4308304.0,4308304.0
WAN10,emulated TCP network,RM_VECTOR_GENERIC_SPLIT,14,8,split_input_phase_wall_ms,5,3182.71,3189.868,44.22141551330075,3130.051,3267.854
WAN10,emulated TCP network,RM_VECTOR_GENERIC_SPLIT,18,16,total_wall_ms,5,12213.36,12227.399,65.22039773874403,12157.411,12317.394999999999
WAN10,emulated TCP network,RM_VECTOR_GENERIC_SPLIT,18,16,total_comm_bytes,5,16975184.0,16975184.0,0.0,16975184.0,16975184.0
WAN10,emulated TCP network,RM_VECTOR_GENERIC_SPLIT,18,16,split_input_phase_wall_ms,5,11697.957,11697.539999999999,53.203002727289466,11647.741999999998,11793.654999999999
WAN10,emulated TCP network,RM_VECTOR_GENERIC_SPLIT,18,8,total_wall_ms,5,3605.185,3606.1072,25.56233845640878,3562.335,3640.2839999999997
WAN10,emulated TCP network,RM_VECTOR_GENERIC_SPLIT,18,8,total_comm_bytes,5,4342096.0,4342096.0,0.0,4342096.0,4342096.0
WAN10,emulated TCP network,RM_VECTOR_GENERIC_SPLIT,18,8,split_input_phase_wall_ms,5,3166.471,3159.9372,15.203370605230978,3129.705,3169.676
WAN10,emulated TCP network,RM_VECTOR_GENERIC_SPLIT,20,16,total_wall_ms,5,12984.078,13034.247,80.8431850436389,12959.177,13153.11
WAN10,emulated TCP network,RM_VECTOR_GENERIC_SPLIT,20,16,total_comm_bytes,5,16992080.0,16992080.0,0.0,16992080.0,16992080.0
WAN10,emulated TCP network,RM_VECTOR_GENERIC_SPLIT,20,16,split_input_phase_wall_ms,5,11649.336,11689.5774,60.41554041999465,11648.075,11804.143
WAN10,emulated TCP network,RM_VECTOR_GENERIC_SPLIT,20,8,total_wall_ms,5,3932.8880000000004,3934.0316000000003,2.8613633533684326,3931.167,3937.478
WAN10,emulated TCP network,RM_VECTOR_GENERIC_SPLIT,20,8,total_comm_bytes,5,4358992.0,4358992.0,0.0,4358992.0,4358992.0
WAN10,emulated TCP network,RM_VECTOR_GENERIC_SPLIT,20,8,split_input_phase_wall_ms,5,3129.7000000000003,3129.762,0.19580704788119274,3129.4900000000002,3130.0099999999998
WAN10,emulated TCP network,RM_VECTOR_OPT,14,16,total_wall_ms,5,2249.8469999999998,2268.3504,37.076920603523696,2249.663,2342.504
WAN10,emulated TCP network,RM_VECTOR_OPT,14,16,total_comm_bytes,5,2507360.0,2507360.0,0.0,2507360.0,2507360.0
WAN10,emulated TCP network,RM_VECTOR_OPT,14,16,split_input_phase_wall_ms,5,1925.8200000000002,1944.2798,36.980135383202665,1925.718,2018.24
WAN10,emulated TCP network,RM_VECTOR_OPT,14,32,total_wall_ms,5,3646.414,3650.408,8.475434974088293,3642.291,3666.518
WAN10,emulated TCP network,RM_VECTOR_OPT,14,32,total_comm_bytes,5,4571744.0,4571744.0,0.0,4571744.0,4571744.0
WAN10,emulated TCP network,RM_VECTOR_OPT,14,32,split_input_phase_wall_ms,5,3263.587,3267.8024,8.290846533376355,3263.455,3284.3779999999997
WAN10,emulated TCP network,RM_VECTOR_OPT,14,8,total_wall_ms,5,1549.301,1576.8529999999998,54.13548221268563,1548.462,1685.078
WAN10,emulated TCP network,RM_VECTOR_OPT,14,8,total_comm_bytes,5,1475168.0,1475168.0,0.0,1475168.0,1475168.0
WAN10,emulated TCP network,RM_VECTOR_OPT,14,8,split_input_phase_wall_ms,5,1257.662,1285.312,54.15118465555489,1256.75,1393.565
WAN10,emulated TCP network,RM_VECTOR_OPT,18,16,total_wall_ms,5,2476.643,2497.6316,42.90687047828127,2474.317,2583.371
WAN10,emulated TCP network,RM_VECTOR_OPT,18,16,total_comm_bytes,5,2541152.0,2541152.0,0.0,2541152.0,2541152.0
WAN10,emulated TCP network,RM_VECTOR_OPT,18,16,split_input_phase_wall_ms,5,1925.7839999999999,1947.4214,43.134829753228374,1925.5230000000001,2033.6889999999999
WAN10,emulated TCP network,RM_VECTOR_OPT,18,32,total_wall_ms,5,4077.54,4078.1248,4.403504395364988,4070.9730000000004,4084.48
WAN10,emulated TCP network,RM_VECTOR_OPT,18,32,total_comm_bytes,5,4605536.0,4605536.0,0.0,4605536.0,4605536.0
WAN10,emulated TCP network,RM_VECTOR_OPT,18,32,split_input_phase_wall_ms,5,3302.356,3302.481,0.28694668494334685,3302.276,3303.042
WAN10,emulated TCP network,RM_VECTOR_OPT,18,8,total_wall_ms,5,1691.826,1690.9548,1.21581830879451,1689.231,1692.03
WAN10,emulated TCP network,RM_VECTOR_OPT,18,8,total_comm_bytes,5,1508960.0,1508960.0,0.0,1508960.0,1508960.0
WAN10,emulated TCP network,RM_VECTOR_OPT,18,8,split_input_phase_wall_ms,5,1256.054,1256.071,0.06874009019485042,1255.999,1256.168
WAN10,emulated TCP network,RM_VECTOR_OPT,20,16,total_wall_ms,5,3328.9610000000002,3356.8354,40.05593890348838,3321.236,3420.6639999999998
WAN10,emulated TCP network,RM_VECTOR_OPT,20,16,total_comm_bytes,5,2558048.0,2558048.0,0.0,2558048.0,2558048.0
WAN10,emulated TCP network,RM_VECTOR_OPT,20,16,split_input_phase_wall_ms,5,1925.982,1953.1476,34.05858749038187,1925.78,2004.3959999999997
WAN10,emulated TCP network,RM_VECTOR_OPT,20,32,total_wall_ms,5,6294.846,7249.9002,2022.948945797041,5986.705,11282.337
WAN10,emulated TCP network,RM_VECTOR_OPT,20,32,total_comm_bytes,5,4622432.0,4622432.0,0.0,4622432.0,4622432.0
WAN10,emulated TCP network,RM_VECTOR_OPT,20,32,split_input_phase_wall_ms,5,3648.231,4068.8226,944.7384557064669,3406.142,5946.896
WAN10,emulated TCP network,RM_VECTOR_OPT,20,8,total_wall_ms,5,2105.118,2117.6117999999997,21.901911016164767,2103.174,2160.727
WAN10,emulated TCP network,RM_VECTOR_OPT,20,8,total_comm_bytes,5,1525856.0,1525856.0,0.0,1525856.0,1525856.0
WAN10,emulated TCP network,RM_VECTOR_OPT,20,8,split_input_phase_wall_ms,5,1256.208,1267.9378,23.55366722529639,1256.097,1315.045
WAN10,emulated TCP network,SILENT_SVOLE,14,16,total_wall_ms,5,22927.485,22933.4906,112.2311593677967,22778.210000000003,23128.479
WAN10,emulated TCP network,SILENT_SVOLE,14,16,total_comm_bytes,5,32785160.0,32785160.0,0.0,32785160.0,32785160.0
WAN10,emulated TCP network,SILENT_SVOLE,14,16,split_input_phase_wall_ms,5,0.0,0.0,0.0,0.0,0.0
WAN10,emulated TCP network,SILENT_SVOLE,14,32,total_wall_ms,5,88984.117,89480.1178,1050.5565449089213,88287.49799999999,90832.751
WAN10,emulated TCP network,SILENT_SVOLE,14,32,total_comm_bytes,5,130462472.0,130462472.0,0.0,130462472.0,130462472.0
WAN10,emulated TCP network,SILENT_SVOLE,14,32,split_input_phase_wall_ms,5,0.0,0.0,0.0,0.0,0.0
WAN10,emulated TCP network,SILENT_SVOLE,14,8,total_wall_ms,5,6192.393,6202.1686,20.238863185465856,6190.722,6242.618
WAN10,emulated TCP network,SILENT_SVOLE,14,8,total_comm_bytes,5,8325896.0,8325896.0,0.0,8325896.0,8325896.0
WAN10,emulated TCP network,SILENT_SVOLE,14,8,split_input_phase_wall_ms,5,0.0,0.0,0.0,0.0,0.0
WAN10,emulated TCP network,SILENT_SVOLE,18,16,total_wall_ms,5,23347.151,23452.269,154.71290624379154,23303.172,23701.508
WAN10,emulated TCP network,SILENT_SVOLE,18,16,total_comm_bytes,5,32848648.0,32848648.0,0.0,32848648.0,32848648.0
WAN10,emulated TCP network,SILENT_SVOLE,18,16,split_input_phase_wall_ms,5,0.0,0.0,0.0,0.0,0.0
WAN10,emulated TCP network,SILENT_SVOLE,18,32,total_wall_ms,5,89768.264,94097.73240000001,7688.296935913172,89442.761,109323.339
WAN10,emulated TCP network,SILENT_SVOLE,18,32,total_comm_bytes,5,130525960.0,130525960.0,0.0,130525960.0,130525960.0
WAN10,emulated TCP network,SILENT_SVOLE,18,32,split_input_phase_wall_ms,5,0.0,0.0,0.0,0.0,0.0
WAN10,emulated TCP network,SILENT_SVOLE,18,8,total_wall_ms,5,6436.559,6466.1566,57.583306138497896,6434.801,6581.179999999999
WAN10,emulated TCP network,SILENT_SVOLE,18,8,total_comm_bytes,5,8389384.0,8389384.0,0.0,8389384.0,8389384.0
WAN10,emulated TCP network,SILENT_SVOLE,18,8,split_input_phase_wall_ms,5,0.0,0.0,0.0,0.0,0.0
WAN10,emulated TCP network,SILENT_SVOLE,20,16,total_wall_ms,5,25001.739,24955.280600000002,82.39905325815427,24817.942,25035.969
WAN10,emulated TCP network,SILENT_SVOLE,20,16,total_comm_bytes,5,32880392.0,32880392.0,0.0,32880392.0,32880392.0
WAN10,emulated TCP network,SILENT_SVOLE,20,16,split_input_phase_wall_ms,5,0.0,0.0,0.0,0.0,0.0
WAN10,emulated TCP network,SILENT_SVOLE,20,32,total_wall_ms,5,92063.886,92097.9608,456.3949801298895,91651.145,92922.90400000001
WAN10,emulated TCP network,SILENT_SVOLE,20,32,total_comm_bytes,5,130557704.0,130557704.0,0.0,130557704.0,130557704.0
WAN10,emulated TCP network,SILENT_SVOLE,20,32,split_input_phase_wall_ms,5,0.0,0.0,0.0,0.0,0.0
WAN10,emulated TCP network,SILENT_SVOLE,20,8,total_wall_ms,5,7418.499,7427.7154,20.343921456789182,7403.436,7452.154
WAN10,emulated TCP network,SILENT_SVOLE,20,8,total_comm_bytes,5,8421128.0,8421128.0,0.0,8421128.0,8421128.0
WAN10,emulated TCP network,SILENT_SVOLE,20,8,split_input_phase_wall_ms,5,0.0,0.0,0.0,0.0,0.0
WAN100,emulated TCP network,RM_VECTOR_GENERIC_SPLIT,14,16,total_wall_ms,5,1849.6919999999998,1844.668,14.47558072064819,1820.311,1859.6490000000001
WAN100,emulated TCP network,RM_VECTOR_GENERIC_SPLIT,14,16,total_comm_bytes,5,16941392.0,16941392.0,0.0,16941392.0,16941392.0
WAN100,emulated TCP network,RM_VECTOR_GENERIC_SPLIT,14,16,split_input_phase_wall_ms,5,1584.2369999999999,1579.1671999999999,14.372397536945716,1554.9679999999998,1593.9840000000002
WAN100,emulated TCP network,RM_VECTOR_GENERIC_SPLIT,14,32,total_wall_ms,5,4976.464,4984.4698,32.4669288870999,4933.79,5020.684
WAN100,emulated TCP network,RM_VECTOR_GENERIC_SPLIT,14,32,total_comm_bytes,5,67373392.0,67373392.0,0.0,67373392.0,67373392.0
WAN100,emulated TCP network,RM_VECTOR_GENERIC_SPLIT,14,32,split_input_phase_wall_ms,5,4703.945,4711.7126,32.70940950002034,4659.971,4747.466
WAN100,emulated TCP network,RM_VECTOR_GENERIC_SPLIT,14,8,total_wall_ms,5,1006.459,1006.3485999999999,0.49490629416085175,1005.5289999999999,1006.977
WAN100,emulated TCP network,RM_VECTOR_GENERIC_SPLIT,14,8,total_comm_bytes,5,4308304.0,4308304.0,0.0,4308304.0,4308304.0
WAN100,emulated TCP network,RM_VECTOR_GENERIC_SPLIT,14,8,split_input_phase_wall_ms,5,741.7620000000001,741.6532,0.5216364251085398,740.718,742.225
WAN100,emulated TCP network,RM_VECTOR_GENERIC_SPLIT,18,16,total_wall_ms,5,2028.8059999999998,2040.8193999999999,18.623418285588638,2026.0410000000002,2074.238
WAN100,emulated TCP network,RM_VECTOR_GENERIC_SPLIT,18,16,total_comm_bytes,5,16975184.0,16975184.0,0.0,16975184.0,16975184.0
WAN100,emulated TCP network,RM_VECTOR_GENERIC_SPLIT,18,16,split_input_phase_wall_ms,5,1527.812,1541.0538000000001,18.35637145407557,1527.044,1573.258
WAN100,emulated TCP network,RM_VECTOR_GENERIC_SPLIT,18,32,total_wall_ms,5,5396.505999999999,5406.0188,20.26401714764395,5386.563,5442.154
WAN100,emulated TCP network,RM_VECTOR_GENERIC_SPLIT,18,32,total_comm_bytes,5,67407184.0,67407184.0,0.0,67407184.0,67407184.0
WAN100,emulated TCP network,RM_VECTOR_GENERIC_SPLIT,18,32,split_input_phase_wall_ms,5,4704.363,4710.6606,15.453930122787675,4695.444,4738.794000000001
WAN100,emulated TCP network,RM_VECTOR_GENERIC_SPLIT,18,8,total_wall_ms,5,1041.8670000000002,1041.9292,1.0468632002320373,1040.721,1043.728
WAN100,emulated TCP network,RM_VECTOR_GENERIC_SPLIT,18,8,total_comm_bytes,5,4342096.0,4342096.0,0.0,4342096.0,4342096.0
WAN100,emulated TCP network,RM_VECTOR_GENERIC_SPLIT,18,8,split_input_phase_wall_ms,5,646.7850000000001,646.9490000000001,0.5392947246172212,646.4250000000001,647.992
WAN100,emulated TCP network,RM_VECTOR_GENERIC_SPLIT,20,16,total_wall_ms,5,2851.097,2850.992,1.6988819853067634,2848.11,2853.109
WAN100,emulated TCP network,RM_VECTOR_GENERIC_SPLIT,20,16,total_comm_bytes,5,16992080.0,16992080.0,0.0,16992080.0,16992080.0
WAN100,emulated TCP network,RM_VECTOR_GENERIC_SPLIT,20,16,split_input_phase_wall_ms,5,1548.7759999999998,1548.7708,0.42389876149854344,1548.107,1549.378
WAN100,emulated TCP network,RM_VECTOR_GENERIC_SPLIT,20,32,total_wall_ms,5,7082.080999999999,7150.339,155.72068358056993,7040.495,7459.65
WAN100,emulated TCP network,RM_VECTOR_GENERIC_SPLIT,20,32,total_comm_bytes,5,67424080.0,67424080.0,0.0,67424080.0,67424080.0
WAN100,emulated TCP network,RM_VECTOR_GENERIC_SPLIT,20,32,split_input_phase_wall_ms,5,4699.611,4766.2998,151.6794688142068,4659.934,5067.822999999999
WAN100,emulated TCP network,RM_VECTOR_GENERIC_SPLIT,20,8,total_wall_ms,5,1410.13,1410.2692,1.2638717339982997,1408.469,1411.822
WAN100,emulated TCP network,RM_VECTOR_GENERIC_SPLIT,20,8,total_comm_bytes,5,4358992.0,4358992.0,0.0,4358992.0,4358992.0
WAN100,emulated TCP network,RM_VECTOR_GENERIC_SPLIT,20,8,split_input_phase_wall_ms,5,646.715,646.711,0.1552069586068884,646.467,646.952
WAN100,emulated TCP network,RM_VECTOR_OPT,14,16,total_wall_ms,5,904.982,904.9642,0.22489499772119512,904.598,905.2280000000001
WAN100,emulated TCP network,RM_VECTOR_OPT,14,16,total_comm_bytes,5,2507360.0,2507360.0,0.0,2507360.0,2507360.0
WAN100,emulated TCP network,RM_VECTOR_OPT,14,16,split_input_phase_wall_ms,5,620.436,620.4732,0.05217432318678907,620.4340000000001,620.567
WAN100,emulated TCP network,RM_VECTOR_OPT,14,32,total_wall_ms,5,989.13,988.7944,0.7801037366914978,987.251,989.359
WAN100,emulated TCP network,RM_VECTOR_OPT,14,32,total_comm_bytes,5,4571744.0,4571744.0,0.0,4571744.0,4571744.0
WAN100,emulated TCP network,RM_VECTOR_OPT,14,32,split_input_phase_wall_ms,5,726.968,727.0187999999999,0.10247224014337143,726.914,727.155
WAN100,emulated TCP network,RM_VECTOR_OPT,14,8,total_wall_ms,5,791.808,792.196,0.8882537925615404,791.5550000000001,793.944
WAN100,emulated TCP network,RM_VECTOR_OPT,14,8,total_comm_bytes,5,1475168.0,1475168.0,0.0,1475168.0,1475168.0
WAN100,emulated TCP network,RM_VECTOR_OPT,14,8,split_input_phase_wall_ms,5,519.401,519.408,0.06554998093059855,519.3389999999999,519.509
WAN100,emulated TCP network,RM_VECTOR_OPT,18,16,total_wall_ms,5,1085.5790000000002,1083.6978000000001,4.2479497831306565,1076.1190000000001,1087.968
WAN100,emulated TCP network,RM_VECTOR_OPT,18,16,total_comm_bytes,5,2541152.0,2541152.0,0.0,2541152.0,2541152.0
WAN100,emulated TCP network,RM_VECTOR_OPT,18,16,split_input_phase_wall_ms,5,571.042,571.0404,0.0696895975020807,570.958,571.144
WAN100,emulated TCP network,RM_VECTOR_OPT,18,32,total_wall_ms,5,1441.1940000000002,1439.4976,2.9750790644956395,1435.031,1442.5639999999999
WAN100,emulated TCP network,RM_VECTOR_OPT,18,32,total_comm_bytes,5,4605536.0,4605536.0,0.0,4605536.0,4605536.0
WAN100,emulated TCP network,RM_VECTOR_OPT,18,32,split_input_phase_wall_ms,5,707.024,707.0156000000001,0.07279175777518772,706.893,707.1220000000001
WAN100,emulated TCP network,RM_VECTOR_OPT,18,8,total_wall_ms,5,861.583,862.3394,2.867250711047092,858.245,866.0400000000001
WAN100,emulated TCP network,RM_VECTOR_OPT,18,8,total_comm_bytes,5,1508960.0,1508960.0,0.0,1508960.0,1508960.0
WAN100,emulated TCP network,RM_VECTOR_OPT,18,8,split_input_phase_wall_ms,5,473.096,473.1152,0.12116831268941339,472.951,473.293
WAN100,emulated TCP network,RM_VECTOR_OPT,20,16,total_wall_ms,5,1904.194,1903.7667999999999,1.3774407283073091,1901.486,1905.6329999999998
WAN100,emulated TCP network,RM_VECTOR_OPT,20,16,total_comm_bytes,5,2558048.0,2558048.0,0.0,2558048.0,2558048.0
WAN100,emulated TCP network,RM_VECTOR_OPT,20,16,split_input_phase_wall_ms,5,551.072,551.1258,0.18288838126025694,550.9540000000001,551.48
WAN100,emulated TCP network,RM_VECTOR_OPT,20,32,total_wall_ms,5,3190.52,3195.8302,9.23484281187291,3187.802,3211.2780000000002
WAN100,emulated TCP network,RM_VECTOR_OPT,20,32,total_comm_bytes,5,4622432.0,4622432.0,0.0,4622432.0,4622432.0
WAN100,emulated TCP network,RM_VECTOR_OPT,20,32,split_input_phase_wall_ms,5,707.114,709.1664,3.4116671936166423,706.927,715.84
WAN100,emulated TCP network,RM_VECTOR_OPT,20,8,total_wall_ms,5,1270.933,1270.8588,0.7257493782291283,1269.973,1271.6909999999998
WAN100,emulated TCP network,RM_VECTOR_OPT,20,8,total_comm_bytes,5,1525856.0,1525856.0,0.0,1525856.0,1525856.0
WAN100,emulated TCP network,RM_VECTOR_OPT,20,8,split_input_phase_wall_ms,5,473.192,473.169,0.0555517776493281,473.076,473.23900000000003
WAN100,emulated TCP network,SILENT_SVOLE,14,16,total_wall_ms,5,2981.639,2975.2766,48.83319660476884,2918.9669999999996,3037.959
WAN100,emulated TCP network,SILENT_SVOLE,14,16,total_comm_bytes,5,32785160.0,32785160.0,0.0,32785160.0,32785160.0
WAN100,emulated TCP network,SILENT_SVOLE,14,16,split_input_phase_wall_ms,5,0.0,0.0,0.0,0.0,0.0
WAN100,emulated TCP network,SILENT_SVOLE,14,32,total_wall_ms,5,9369.962,9416.057,162.68789057210157,9235.005,9655.285
WAN100,emulated TCP network,SILENT_SVOLE,14,32,total_comm_bytes,5,130462472.0,130462472.0,0.0,130462472.0,130462472.0
WAN100,emulated TCP network,SILENT_SVOLE,14,32,split_input_phase_wall_ms,5,0.0,0.0,0.0,0.0,0.0
WAN100,emulated TCP network,SILENT_SVOLE,14,8,total_wall_ms,5,1461.644,1462.6852,1.6940310977075583,1460.9589999999998,1465.267
WAN100,emulated TCP network,SILENT_SVOLE,14,8,total_comm_bytes,5,8325896.0,8325896.0,0.0,8325896.0,8325896.0
WAN100,emulated TCP network,SILENT_SVOLE,14,8,split_input_phase_wall_ms,5,0.0,0.0,0.0,0.0,0.0
WAN100,emulated TCP network,SILENT_SVOLE,18,16,total_wall_ms,5,3524.825,3525.322,4.569018231524048,3519.065,3532.352
WAN100,emulated TCP network,SILENT_SVOLE,18,16,total_comm_bytes,5,32848648.0,32848648.0,0.0,32848648.0,32848648.0
WAN100,emulated TCP network,SILENT_SVOLE,18,16,split_input_phase_wall_ms,5,0.0,0.0,0.0,0.0,0.0
WAN100,emulated TCP network,SILENT_SVOLE,18,32,total_wall_ms,5,10248.658000000001,10253.0348,11.274642298539122,10244.555,10275.299
WAN100,emulated TCP network,SILENT_SVOLE,18,32,total_comm_bytes,5,130525960.0,130525960.0,0.0,130525960.0,130525960.0
WAN100,emulated TCP network,SILENT_SVOLE,18,32,split_input_phase_wall_ms,5,0.0,0.0,0.0,0.0,0.0
WAN100,emulated TCP network,SILENT_SVOLE,18,8,total_wall_ms,5,1580.067,1581.3702,3.8992871861406115,1577.275,1588.0890000000002
WAN100,emulated TCP network,SILENT_SVOLE,18,8,total_comm_bytes,5,8389384.0,8389384.0,0.0,8389384.0,8389384.0
WAN100,emulated TCP network,SILENT_SVOLE,18,8,split_input_phase_wall_ms,5,0.0,0.0,0.0,0.0,0.0
WAN100,emulated TCP network,SILENT_SVOLE,20,16,total_wall_ms,5,5140.380999999999,5141.8356,7.034851600424913,5132.17,5150.684
WAN100,emulated TCP network,SILENT_SVOLE,20,16,total_comm_bytes,5,32880392.0,32880392.0,0.0,32880392.0,32880392.0
WAN100,emulated TCP network,SILENT_SVOLE,20,16,split_input_phase_wall_ms,5,0.0,0.0,0.0,0.0,0.0
WAN100,emulated TCP network,SILENT_SVOLE,20,32,total_wall_ms,5,12095.264000000001,12090.1268,146.87338163928848,11832.303,12262.275000000001
WAN100,emulated TCP network,SILENT_SVOLE,20,32,total_comm_bytes,5,130557704.0,130557704.0,0.0,130557704.0,130557704.0
WAN100,emulated TCP network,SILENT_SVOLE,20,32,split_input_phase_wall_ms,5,0.0,0.0,0.0,0.0,0.0
WAN100,emulated TCP network,SILENT_SVOLE,20,8,total_wall_ms,5,2551.9159999999997,2556.6274,9.422027331737151,2546.426,2571.404
WAN100,emulated TCP network,SILENT_SVOLE,20,8,total_comm_bytes,5,8421128.0,8421128.0,0.0,8421128.0,8421128.0
WAN100,emulated TCP network,SILENT_SVOLE,20,8,split_input_phase_wall_ms,5,0.0,0.0,0.0,0.0,0.0
