method,logN,m,metric,count,median,mean,stddev,min,max,table,network_profile
RM_VECTOR_OPT,12,16,total_wall_ms,10,83.48599999999999,83.5799,0.412414948807626,83.138,84.31099999999999,local_runtime,
RM_VECTOR_OPT,12,16,total_comm_bytes,10,2490464.0,2490464.0,0.0,2490464.0,2490464.0,local_runtime,
RM_VECTOR_OPT,12,32,total_wall_ms,10,93.253,93.251,0.20425670123645667,92.933,93.526,local_runtime,
RM_VECTOR_OPT,12,32,total_comm_bytes,10,4554848.0,4554848.0,0.0,4554848.0,4554848.0,local_runtime,
RM_VECTOR_OPT,12,8,total_wall_ms,10,78.255,78.325,0.2000264982446092,78.071,78.661,local_runtime,
RM_VECTOR_OPT,12,8,total_comm_bytes,10,1458272.0,1458272.0,0.0,1458272.0,1458272.0,local_runtime,
RM_VECTOR_OPT,14,16,total_wall_ms,10,117.007,117.13980000000001,0.27531610922719557,116.797,117.74900000000001,local_runtime,
RM_VECTOR_OPT,14,16,total_comm_bytes,10,2507360.0,2507360.0,0.0,2507360.0,2507360.0,local_runtime,
RM_VECTOR_OPT,14,32,total_wall_ms,10,136.707,138.2296,2.5160230603076803,136.22400000000002,144.038,local_runtime,
RM_VECTOR_OPT,14,32,total_comm_bytes,10,4571744.0,4571744.0,0.0,4571744.0,4571744.0,local_runtime,
RM_VECTOR_OPT,14,8,total_wall_ms,10,102.29599999999999,102.2401,0.24614891834009453,101.843,102.64099999999999,local_runtime,
RM_VECTOR_OPT,14,8,total_comm_bytes,10,1475168.0,1475168.0,0.0,1475168.0,1475168.0,local_runtime,
RM_VECTOR_OPT,16,16,total_wall_ms,10,180.549,180.6264,1.5212106494499642,178.62800000000001,183.35399999999998,local_runtime,
RM_VECTOR_OPT,16,16,total_comm_bytes,10,2524256.0,2524256.0,0.0,2524256.0,2524256.0,local_runtime,
RM_VECTOR_OPT,16,32,total_wall_ms,10,233.816,234.0899,4.1855948549758155,228.732,243.821,local_runtime,
RM_VECTOR_OPT,16,32,total_comm_bytes,10,4588640.0,4588640.0,0.0,4588640.0,4588640.0,local_runtime,
RM_VECTOR_OPT,16,8,total_wall_ms,10,149.04,149.4676,1.9199918853995201,147.227,154.471,local_runtime,
RM_VECTOR_OPT,16,8,total_comm_bytes,10,1492064.0,1492064.0,0.0,1492064.0,1492064.0,local_runtime,
RM_VECTOR_OPT,18,16,total_wall_ms,10,388.523,387.92379999999997,7.10772444316744,379.85,401.96999999999997,local_runtime,
RM_VECTOR_OPT,18,16,total_comm_bytes,10,2541152.0,2541152.0,0.0,2541152.0,2541152.0,local_runtime,
RM_VECTOR_OPT,18,32,total_wall_ms,10,605.4860000000001,606.9526,3.027618740858913,603.741,611.6899999999999,local_runtime,
RM_VECTOR_OPT,18,32,total_comm_bytes,10,4605536.0,4605536.0,0.0,4605536.0,4605536.0,local_runtime,
RM_VECTOR_OPT,18,8,total_wall_ms,10,259.4415,259.19739999999996,1.2898838087207563,255.79800000000003,260.883,local_runtime,
RM_VECTOR_OPT,18,8,total_comm_bytes,10,1508960.0,1508960.0,0.0,1508960.0,1508960.0,local_runtime,
RM_VECTOR_OPT,20,16,total_wall_ms,10,1221.359,1221.6313,0.8871589541902891,1220.5680000000002,1223.013,local_runtime,
RM_VECTOR_OPT,20,16,total_comm_bytes,10,2558048.0,2558048.0,0.0,2558048.0,2558048.0,local_runtime,
RM_VECTOR_OPT,20,32,total_wall_ms,10,2371.0474999999997,2371.8741,9.287678735292278,2359.6569999999997,2389.206,local_runtime,
RM_VECTOR_OPT,20,32,total_comm_bytes,10,4622432.0,4622432.0,0.0,4622432.0,4622432.0,local_runtime,
RM_VECTOR_OPT,20,8,total_wall_ms,10,672.6555000000001,672.8103,3.1701747286230186,668.655,677.155,local_runtime,
RM_VECTOR_OPT,20,8,total_comm_bytes,10,1525856.0,1525856.0,0.0,1525856.0,1525856.0,local_runtime,
SILENT_SVOLE,12,16,total_wall_ms,10,538.4984999999999,538.4754,0.6201277610299286,537.134,539.2529999999999,local_runtime,
SILENT_SVOLE,12,16,total_comm_bytes,10,32753416.0,32753416.0,0.0,32753416.0,32753416.0,local_runtime,
SILENT_SVOLE,12,32,total_wall_ms,10,1189.306,1189.2825,2.1494068600429284,1185.4530000000002,1193.7649999999999,local_runtime,
SILENT_SVOLE,12,32,total_comm_bytes,10,130430728.0,130430728.0,0.0,130430728.0,130430728.0,local_runtime,
SILENT_SVOLE,12,8,total_wall_ms,10,348.2025,348.3343,0.4411840998948142,347.551,349.027,local_runtime,
SILENT_SVOLE,12,8,total_comm_bytes,10,8294152.0,8294152.0,0.0,8294152.0,8294152.0,local_runtime,
SILENT_SVOLE,14,16,total_wall_ms,10,626.7040000000001,626.3482,1.2143958003879662,624.76,628.5469999999999,local_runtime,
SILENT_SVOLE,14,16,total_comm_bytes,10,32785160.0,32785160.0,0.0,32785160.0,32785160.0,local_runtime,
SILENT_SVOLE,14,32,total_wall_ms,10,1280.1105,1279.9006,1.2363083110616333,1277.843,1281.833,local_runtime,
SILENT_SVOLE,14,32,total_comm_bytes,10,130462472.0,130462472.0,0.0,130462472.0,130462472.0,local_runtime,
SILENT_SVOLE,14,8,total_wall_ms,10,458.78749999999997,458.7931,0.5845693200981485,457.55899999999997,459.648,local_runtime,
SILENT_SVOLE,14,8,total_comm_bytes,10,8325896.0,8325896.0,0.0,8325896.0,8325896.0,local_runtime,
SILENT_SVOLE,16,16,total_wall_ms,10,752.797,752.888,1.1947714425780394,750.98,754.993,local_runtime,
SILENT_SVOLE,16,16,total_comm_bytes,10,32816904.0,32816904.0,0.0,32816904.0,32816904.0,local_runtime,
SILENT_SVOLE,16,32,total_wall_ms,10,1278.2355,1278.7597,2.097822206479934,1275.793,1283.0140000000001,local_runtime,
SILENT_SVOLE,16,32,total_comm_bytes,10,130494216.0,130494216.0,0.0,130494216.0,130494216.0,local_runtime,
SILENT_SVOLE,16,8,total_wall_ms,10,598.913,598.9176,1.3722402267824825,597.076,601.375,local_runtime,
SILENT_SVOLE,16,8,total_comm_bytes,10,8357640.0,8357640.0,0.0,8357640.0,8357640.0,local_runtime,
SILENT_SVOLE,18,16,total_wall_ms,10,1174.8305,1176.123,4.89495174644241,1169.467,1186.6129999999998,local_runtime,
SILENT_SVOLE,18,16,total_comm_bytes,10,32848648.0,32848648.0,0.0,32848648.0,32848648.0,local_runtime,
SILENT_SVOLE,18,32,total_wall_ms,10,1773.621,1767.0288,11.111378895528647,1752.4820000000002,1780.844,local_runtime,
SILENT_SVOLE,18,32,total_comm_bytes,10,130525960.0,130525960.0,0.0,130525960.0,130525960.0,local_runtime,
SILENT_SVOLE,18,8,total_wall_ms,10,876.0245,875.9219,1.2867066837473191,873.379,877.9630000000001,local_runtime,
SILENT_SVOLE,18,8,total_comm_bytes,10,8389384.0,8389384.0,0.0,8389384.0,8389384.0,local_runtime,
SILENT_SVOLE,20,16,total_wall_ms,10,2973.0384999999997,2973.7907999999998,3.281265268154922,2968.8430000000003,2979.464,local_runtime,
SILENT_SVOLE,20,16,total_comm_bytes,10,32880392.0,32880392.0,0.0,32880392.0,32880392.0,local_runtime,
SILENT_SVOLE,20,32,total_wall_ms,10,3936.3105,3929.4327,35.58213695114448,3858.794,3978.719,local_runtime,
SILENT_SVOLE,20,32,total_comm_bytes,10,130557704.0,130557704.0,0.0,130557704.0,130557704.0,local_runtime,
SILENT_SVOLE,20,8,total_wall_ms,10,1964.4279999999999,1967.7701,9.026214970296282,1957.479,1982.699,local_runtime,
SILENT_SVOLE,20,8,total_comm_bytes,10,8421128.0,8421128.0,0.0,8421128.0,8421128.0,local_runtime,
RM_VECTOR_GENERIC_SPLIT,14,16,total_wall_ms,10,250.16949999999997,249.96970000000002,0.6652837063990108,248.606,250.991,network_runtime,FAST
RM_VECTOR_GENERIC_SPLIT,14,16,total_comm_bytes,10,16941392.0,16941392.0,0.0,16941392.0,16941392.0,network_runtime,FAST
RM_VECTOR_GENERIC_SPLIT,14,32,total_wall_ms,10,537.32,537.7484000000001,1.5496859165650223,535.871,540.919,network_runtime,FAST
RM_VECTOR_GENERIC_SPLIT,14,32,total_comm_bytes,10,67373392.0,67373392.0,0.0,67373392.0,67373392.0,network_runtime,FAST
RM_VECTOR_GENERIC_SPLIT,14,8,total_wall_ms,10,131.5625,131.6865,0.4558068121474246,131.056,132.677,network_runtime,FAST
RM_VECTOR_GENERIC_SPLIT,14,8,total_comm_bytes,10,4308304.0,4308304.0,0.0,4308304.0,4308304.0,network_runtime,FAST
RM_VECTOR_GENERIC_SPLIT,16,16,total_wall_ms,10,303.95849999999996,304.10999999999996,1.93947389773618,301.161,308.37199999999996,network_runtime,FAST
RM_VECTOR_GENERIC_SPLIT,16,16,total_comm_bytes,10,16958288.0,16958288.0,0.0,16958288.0,16958288.0,network_runtime,FAST
RM_VECTOR_GENERIC_SPLIT,16,32,total_wall_ms,10,633.6145,633.7533000000001,2.166861972992297,629.393,637.7080000000001,network_runtime,FAST
RM_VECTOR_GENERIC_SPLIT,16,32,total_comm_bytes,10,67390288.0,67390288.0,0.0,67390288.0,67390288.0,network_runtime,FAST
RM_VECTOR_GENERIC_SPLIT,16,8,total_wall_ms,10,175.28650000000002,175.0401,2.1872183452961402,171.601,178.052,network_runtime,FAST
RM_VECTOR_GENERIC_SPLIT,16,8,total_comm_bytes,10,4325200.0,4325200.0,0.0,4325200.0,4325200.0,network_runtime,FAST
RM_VECTOR_GENERIC_SPLIT,18,16,total_wall_ms,10,510.75200000000007,511.32480000000004,3.466347784051695,506.1600000000001,518.3370000000001,network_runtime,FAST
RM_VECTOR_GENERIC_SPLIT,18,16,total_comm_bytes,10,16975184.0,16975184.0,0.0,16975184.0,16975184.0,network_runtime,FAST
RM_VECTOR_GENERIC_SPLIT,18,32,total_wall_ms,10,998.936,999.7194,4.301615956823629,993.2189999999999,1007.4369999999999,network_runtime,FAST
RM_VECTOR_GENERIC_SPLIT,18,32,total_comm_bytes,10,67407184.0,67407184.0,0.0,67407184.0,67407184.0,network_runtime,FAST
RM_VECTOR_GENERIC_SPLIT,18,8,total_wall_ms,10,290.07849999999996,289.5897,1.5608437493868503,286.082,291.97,network_runtime,FAST
RM_VECTOR_GENERIC_SPLIT,18,8,total_comm_bytes,10,4342096.0,4342096.0,0.0,4342096.0,4342096.0,network_runtime,FAST
RM_VECTOR_GENERIC_SPLIT,20,16,total_wall_ms,10,1328.939,1332.0578,5.672390885684784,1327.156,1342.3,network_runtime,FAST
RM_VECTOR_GENERIC_SPLIT,20,16,total_comm_bytes,10,16992080.0,16992080.0,0.0,16992080.0,16992080.0,network_runtime,FAST
RM_VECTOR_GENERIC_SPLIT,20,32,total_wall_ms,10,2706.911,2706.74,3.1498524092408298,2700.6749999999997,2710.3269999999998,network_runtime,FAST
RM_VECTOR_GENERIC_SPLIT,20,32,total_comm_bytes,10,67424080.0,67424080.0,0.0,67424080.0,67424080.0,network_runtime,FAST
RM_VECTOR_GENERIC_SPLIT,20,8,total_wall_ms,10,704.005,706.6457,6.989272666737213,699.526,718.967,network_runtime,FAST
RM_VECTOR_GENERIC_SPLIT,20,8,total_comm_bytes,10,4358992.0,4358992.0,0.0,4358992.0,4358992.0,network_runtime,FAST
RM_VECTOR_OPT,14,16,total_wall_ms,10,120.3355,120.1747,0.8437581466273375,118.248,121.394,network_runtime,FAST
RM_VECTOR_OPT,14,16,total_comm_bytes,10,2507360.0,2507360.0,0.0,2507360.0,2507360.0,network_runtime,FAST
RM_VECTOR_OPT,14,32,total_wall_ms,10,140.808,140.89350000000002,1.794491975462697,136.992,144.954,network_runtime,FAST
RM_VECTOR_OPT,14,32,total_comm_bytes,10,4571744.0,4571744.0,0.0,4571744.0,4571744.0,network_runtime,FAST
RM_VECTOR_OPT,14,8,total_wall_ms,10,105.4625,105.769,1.0742828305432408,104.95500000000001,108.874,network_runtime,FAST
RM_VECTOR_OPT,14,8,total_comm_bytes,10,1475168.0,1475168.0,0.0,1475168.0,1475168.0,network_runtime,FAST
RM_VECTOR_OPT,16,16,total_wall_ms,10,180.632,180.5363,2.3008953496410895,176.719,185.122,network_runtime,FAST
RM_VECTOR_OPT,16,16,total_comm_bytes,10,2524256.0,2524256.0,0.0,2524256.0,2524256.0,network_runtime,FAST
RM_VECTOR_OPT,16,32,total_wall_ms,10,230.75849999999997,231.1534,2.931134838249514,226.993,237.64,network_runtime,FAST
RM_VECTOR_OPT,16,32,total_comm_bytes,10,4588640.0,4588640.0,0.0,4588640.0,4588640.0,network_runtime,FAST
RM_VECTOR_OPT,16,8,total_wall_ms,10,150.85500000000002,151.0727,0.8946724596186044,149.72,152.642,network_runtime,FAST
RM_VECTOR_OPT,16,8,total_comm_bytes,10,1492064.0,1492064.0,0.0,1492064.0,1492064.0,network_runtime,FAST
RM_VECTOR_OPT,18,16,total_wall_ms,10,387.30100000000004,388.1082,3.928645410316376,383.514,395.337,network_runtime,FAST
RM_VECTOR_OPT,18,16,total_comm_bytes,10,2541152.0,2541152.0,0.0,2541152.0,2541152.0,network_runtime,FAST
RM_VECTOR_OPT,18,32,total_wall_ms,10,615.81,620.6654,13.520798661321736,607.931,652.01,network_runtime,FAST
RM_VECTOR_OPT,18,32,total_comm_bytes,10,4605536.0,4605536.0,0.0,4605536.0,4605536.0,network_runtime,FAST
RM_VECTOR_OPT,18,8,total_wall_ms,10,263.5245,273.5793,31.58695629227357,256.904,367.92900000000003,network_runtime,FAST
RM_VECTOR_OPT,18,8,total_comm_bytes,10,1508960.0,1508960.0,0.0,1508960.0,1508960.0,network_runtime,FAST
RM_VECTOR_OPT,20,16,total_wall_ms,10,1226.4074999999998,1227.5735,2.816589045281557,1224.1979999999999,1233.344,network_runtime,FAST
RM_VECTOR_OPT,20,16,total_comm_bytes,10,2558048.0,2558048.0,0.0,2558048.0,2558048.0,network_runtime,FAST
RM_VECTOR_OPT,20,32,total_wall_ms,10,2367.2995,2373.2924000000003,8.662457032505289,2365.218,2387.842,network_runtime,FAST
RM_VECTOR_OPT,20,32,total_comm_bytes,10,4622432.0,4622432.0,0.0,4622432.0,4622432.0,network_runtime,FAST
RM_VECTOR_OPT,20,8,total_wall_ms,10,680.389,695.679,38.11094406860055,677.111,806.165,network_runtime,FAST
RM_VECTOR_OPT,20,8,total_comm_bytes,10,1525856.0,1525856.0,0.0,1525856.0,1525856.0,network_runtime,FAST
SILENT_SVOLE,14,16,total_wall_ms,10,641.696,641.5371,1.1817291948665423,639.9110000000001,643.5999999999999,network_runtime,FAST
SILENT_SVOLE,14,16,total_comm_bytes,10,32785160.0,32785160.0,0.0,32785160.0,32785160.0,network_runtime,FAST
SILENT_SVOLE,14,32,total_wall_ms,10,1331.614,1330.6024,2.5636623100556926,1325.634,1333.489,network_runtime,FAST
SILENT_SVOLE,14,32,total_comm_bytes,10,130462472.0,130462472.0,0.0,130462472.0,130462472.0,network_runtime,FAST
SILENT_SVOLE,14,8,total_wall_ms,10,464.99649999999997,465.06399999999996,0.3976116195485208,464.409,465.941,network_runtime,FAST
SILENT_SVOLE,14,8,total_comm_bytes,10,8325896.0,8325896.0,0.0,8325896.0,8325896.0,network_runtime,FAST
SILENT_SVOLE,16,16,total_wall_ms,10,767.0215,767.7063,1.6032722195560005,766.225,771.331,network_runtime,FAST
SILENT_SVOLE,16,16,total_comm_bytes,10,32816904.0,32816904.0,0.0,32816904.0,32816904.0,network_runtime,FAST
SILENT_SVOLE,16,32,total_wall_ms,10,1335.286,1334.7935,1.749425519992238,1331.623,1336.8660000000002,network_runtime,FAST
SILENT_SVOLE,16,32,total_comm_bytes,10,130494216.0,130494216.0,0.0,130494216.0,130494216.0,network_runtime,FAST
SILENT_SVOLE,16,8,total_wall_ms,10,602.09,602.3679,1.9973055574948977,600.482,607.395,network_runtime,FAST
SILENT_SVOLE,16,8,total_comm_bytes,10,8357640.0,8357640.0,0.0,8357640.0,8357640.0,network_runtime,FAST
SILENT_SVOLE,18,16,total_wall_ms,10,1188.701,1190.6368,4.548106524697928,1185.529,1198.8799999999999,network_runtime,FAST
SILENT_SVOLE,18,16,total_comm_bytes,10,32848648.0,32848648.0,0.0,32848648.0,32848648.0,network_runtime,FAST
SILENT_SVOLE,18,32,total_wall_ms,10,1833.477,1832.7322,13.540896674888243,1815.457,1849.95,network_runtime,FAST
SILENT_SVOLE,18,32,total_comm_bytes,10,130525960.0,130525960.0,0.0,130525960.0,130525960.0,network_runtime,FAST
SILENT_SVOLE,18,8,total_wall_ms,10,878.5715,878.8294,1.0820418845867248,877.258,880.302,network_runtime,FAST
SILENT_SVOLE,18,8,total_comm_bytes,10,8389384.0,8389384.0,0.0,8389384.0,8389384.0,network_runtime,FAST
SILENT_SVOLE,20,16,total_wall_ms,10,2978.809,2979.8709,4.083711435691784,2975.897,2987.527,network_runtime,FAST
SILENT_SVOLE,20,16,total_comm_bytes,10,32880392.0,32880392.0,0.0,32880392.0,32880392.0,network_runtime,FAST
SILENT_SVOLE,20,32,total_wall_ms,10,4015.4855000000002,4010.4879,14.774462551646275,3985.947,4030.2,network_runtime,FAST
SILENT_SVOLE,20,32,total_comm_bytes,10,130557704.0,130557704.0,0.0,130557704.0,130557704.0,network_runtime,FAST
SILENT_SVOLE,20,8,total_wall_ms,10,1968.3825000000002,1973.2384,12.027970428962634,1960.784,1992.918,network_runtime,FAST
SILENT_SVOLE,20,8,total_comm_bytes,10,8421128.0,8421128.0,0.0,8421128.0,8421128.0,network_runtime,FAST
RM_VECTOR_GENERIC_SPLIT,14,16,total_wall_ms,5,11994.131,12038.043,86.00984085556738,11956.094000000001,12147.468,network_runtime,WAN10
RM_VECTOR_GENERIC_SPLIT,14,16,total_comm_bytes,5,16941392.0,16941392.0,0.0,16941392.0,16941392.0,network_runtime,WAN10
RM_VECTOR_GENERIC_SPLIT,14,8,total_wall_ms,5,3480.024,3502.2491999999997,76.62707024387672,3418.3289999999997,3646.46,network_runtime,WAN10
RM_VECTOR_GENERIC_SPLIT,14,8,total_comm_bytes,5,4308304.0,4308304.0,0.0,4308304.0,4308304.0,network_runtime,WAN10
RM_VECTOR_GENERIC_SPLIT,18,16,total_wall_ms,5,12213.36,12227.399,65.22039773874403,12157.411,12317.394999999999,network_runtime,WAN10
RM_VECTOR_GENERIC_SPLIT,18,16,total_comm_bytes,5,16975184.0,16975184.0,0.0,16975184.0,16975184.0,network_runtime,WAN10
RM_VECTOR_GENERIC_SPLIT,18,8,total_wall_ms,5,3605.185,3606.1072,25.56233845640878,3562.335,3640.2839999999997,network_runtime,WAN10
RM_VECTOR_GENERIC_SPLIT,18,8,total_comm_bytes,5,4342096.0,4342096.0,0.0,4342096.0,4342096.0,network_runtime,WAN10
RM_VECTOR_GENERIC_SPLIT,20,16,total_wall_ms,5,12984.078,13034.247,80.8431850436389,12959.177,13153.11,network_runtime,WAN10
RM_VECTOR_GENERIC_SPLIT,20,16,total_comm_bytes,5,16992080.0,16992080.0,0.0,16992080.0,16992080.0,network_runtime,WAN10
RM_VECTOR_GENERIC_SPLIT,20,8,total_wall_ms,5,3932.8880000000004,3934.0316000000003,2.8613633533684326,3931.167,3937.478,network_runtime,WAN10
RM_VECTOR_GENERIC_SPLIT,20,8,total_comm_bytes,5,4358992.0,4358992.0,0.0,4358992.0,4358992.0,network_runtime,WAN10
RM_VECTOR_OPT,14,16,total_wall_ms,5,2249.8469999999998,2268.3504,37.076920603523696,2249.663,2342.504,network_runtime,WAN10
RM_VECTOR_OPT,14,16,total_comm_bytes,5,2507360.0,2507360.0,0.0,2507360.0,2507360.0,network_runtime,WAN10
RM_VECTOR_OPT,14,32,total_wall_ms,5,3646.414,3650.408,8.475434974088293,3642.291,3666.518,network_runtime,WAN10
RM_VECTOR_OPT,14,32,total_comm_bytes,5,4571744.0,4571744.0,0.0,4571744.0,4571744.0,network_runtime,WAN10
RM_VECTOR_OPT,14,8,total_wall_ms,5,1549.301,1576.8529999999998,54.13548221268563,1548.462,1685.078,network_runtime,WAN10
RM_VECTOR_OPT,14,8,total_comm_bytes,5,1475168.0,1475168.0,0.0,1475168.0,1475168.0,network_runtime,WAN10
RM_VECTOR_OPT,18,16,total_wall_ms,5,2476.643,2497.6316,42.90687047828127,2474.317,2583.371,network_runtime,WAN10
RM_VECTOR_OPT,18,16,total_comm_bytes,5,2541152.0,2541152.0,0.0,2541152.0,2541152.0,network_runtime,WAN10
RM_VECTOR_OPT,18,32,total_wall_ms,5,4077.54,4078.1248,4.403504395364988,4070.9730000000004,4084.48,network_runtime,WAN10
RM_VECTOR_OPT,18,32,total_comm_bytes,5,4605536.0,4605536.0,0.0,4605536.0,4605536.0,network_runtime,WAN10
RM_VECTOR_OPT,18,8,total_wall_ms,5,1691.826,1690.9548,1.21581830879451,1689.231,1692.03,network_runtime,WAN10
RM_VECTOR_OPT,18,8,total_comm_bytes,5,1508960.0,1508960.0,0.0,1508960.0,1508960.0,network_runtime,WAN10
RM_VECTOR_OPT,20,16,total_wall_ms,5,3328.9610000000002,3356.8354,40.05593890348838,3321.236,3420.6639999999998,network_runtime,WAN10
RM_VECTOR_OPT,20,16,total_comm_bytes,5,2558048.0,2558048.0,0.0,2558048.0,2558048.0,network_runtime,WAN10
RM_VECTOR_OPT,20,32,total_wall_ms,5,6294.846,7249.9002,2022.948945797041,5986.705,11282.337,network_runtime,WAN10
RM_VECTOR_OPT,20,32,total_comm_bytes,5,4622432.0,4622432.0,0.0,4622432.0,4622432.0,network_runtime,WAN10
RM_VECTOR_OPT,20,8,total_wall_ms,5,2105.118,2117.6117999999997,21.901911016164767,2103.174,2160.727,network_runtime,WAN10
RM_VECTOR_OPT,20,8,total_comm_bytes,5,1525856.0,1525856.0,0.0,1525856.0,1525856.0,network_runtime,WAN10
SILENT_SVOLE,14,16,total_wall_ms,5,22927.485,22933.4906,112.2311593677967,22778.210000000003,23128.479,network_runtime,WAN10
SILENT_SVOLE,14,16,total_comm_bytes,5,32785160.0,32785160.0,0.0,32785160.0,32785160.0,network_runtime,WAN10
SILENT_SVOLE,14,32,total_wall_ms,5,88984.117,89480.1178,1050.5565449089213,88287.49799999999,90832.751,network_runtime,WAN10
SILENT_SVOLE,14,32,total_comm_bytes,5,130462472.0,130462472.0,0.0,130462472.0,130462472.0,network_runtime,WAN10
SILENT_SVOLE,14,8,total_wall_ms,5,6192.393,6202.1686,20.238863185465856,6190.722,6242.618,network_runtime,WAN10
SILENT_SVOLE,14,8,total_comm_bytes,5,8325896.0,8325896.0,0.0,8325896.0,8325896.0,network_runtime,WAN10
SILENT_SVOLE,18,16,total_wall_ms,5,23347.151,23452.269,154.71290624379154,23303.172,23701.508,network_runtime,WAN10
SILENT_SVOLE,18,16,total_comm_bytes,5,32848648.0,32848648.0,0.0,32848648.0,32848648.0,network_runtime,WAN10
SILENT_SVOLE,18,32,total_wall_ms,5,89768.264,94097.73240000001,7688.296935913172,89442.761,109323.339,network_runtime,WAN10
SILENT_SVOLE,18,32,total_comm_bytes,5,130525960.0,130525960.0,0.0,130525960.0,130525960.0,network_runtime,WAN10
SILENT_SVOLE,18,8,total_wall_ms,5,6436.559,6466.1566,57.583306138497896,6434.801,6581.179999999999,network_runtime,WAN10
SILENT_SVOLE,18,8,total_comm_bytes,5,8389384.0,8389384.0,0.0,8389384.0,8389384.0,network_runtime,WAN10
SILENT_SVOLE,20,16,total_wall_ms,5,25001.739,24955.280600000002,82.39905325815427,24817.942,25035.969,network_runtime,WAN10
SILENT_SVOLE,20,16,total_comm_bytes,5,32880392.0,32880392.0,0.0,32880392.0,32880392.0,network_runtime,WAN10
SILENT_SVOLE,20,32,total_wall_ms,5,92063.886,92097.9608,456.3949801298895,91651.145,92922.90400000001,network_runtime,WAN10
SILENT_SVOLE,20,32,total_comm_bytes,5,130557704.0,130557704.0,0.0,130557704.0,130557704.0,network_runtime,WAN10
SILENT_SVOLE,20,8,total_wall_ms,5,7418.499,7427.7154,20.343921456789182,7403.436,7452.154,network_runtime,WAN10
SILENT_SVOLE,20,8,total_comm_bytes,5,8421128.0,8421128.0,0.0,8421128.0,8421128.0,network_runtime,WAN10
RM_VECTOR_GENERIC_SPLIT,14,16,total_wall_ms,5,1849.6919999999998,1844.668,14.47558072064819,1820.311,1859.6490000000001,network_runtime,WAN100
RM_VECTOR_GENERIC_SPLIT,14,16,total_comm_bytes,5,16941392.0,16941392.0,0.0,16941392.0,16941392.0,network_runtime,WAN100
RM_VECTOR_GENERIC_SPLIT,14,32,total_wall_ms,5,4976.464,4984.4698,32.4669288870999,4933.79,5020.684,network_runtime,WAN100
RM_VECTOR_GENERIC_SPLIT,14,32,total_comm_bytes,5,67373392.0,67373392.0,0.0,67373392.0,67373392.0,network_runtime,WAN100
RM_VECTOR_GENERIC_SPLIT,14,8,total_wall_ms,5,1006.459,1006.3485999999999,0.49490629416085175,1005.5289999999999,1006.977,network_runtime,WAN100
RM_VECTOR_GENERIC_SPLIT,14,8,total_comm_bytes,5,4308304.0,4308304.0,0.0,4308304.0,4308304.0,network_runtime,WAN100
RM_VECTOR_GENERIC_SPLIT,18,16,total_wall_ms,5,2028.8059999999998,2040.8193999999999,18.623418285588638,2026.0410000000002,2074.238,network_runtime,WAN100
RM_VECTOR_GENERIC_SPLIT,18,16,total_comm_bytes,5,16975184.0,16975184.0,0.0,16975184.0,16975184.0,network_runtime,WAN100
RM_VECTOR_GENERIC_SPLIT,18,32,total_wall_ms,5,5396.505999999999,5406.0188,20.26401714764395,5386.563,5442.154,network_runtime,WAN100
RM_VECTOR_GENERIC_SPLIT,18,32,total_comm_bytes,5,67407184.0,67407184.0,0.0,67407184.0,67407184.0,network_runtime,WAN100
RM_VECTOR_GENERIC_SPLIT,18,8,total_wall_ms,5,1041.8670000000002,1041.9292,1.0468632002320373,1040.721,1043.728,network_runtime,WAN100
RM_VECTOR_GENERIC_SPLIT,18,8,total_comm_bytes,5,4342096.0,4342096.0,0.0,4342096.0,4342096.0,network_runtime,WAN100
RM_VECTOR_GENERIC_SPLIT,20,16,total_wall_ms,5,2851.097,2850.992,1.6988819853067634,2848.11,2853.109,network_runtime,WAN100
RM_VECTOR_GENERIC_SPLIT,20,16,total_comm_bytes,5,16992080.0,16992080.0,0.0,16992080.0,16992080.0,network_runtime,WAN100
RM_VECTOR_GENERIC_SPLIT,20,32,total_wall_ms,5,7082.080999999999,7150.339,155.72068358056993,7040.495,7459.65,network_runtime,WAN100
RM_VECTOR_GENERIC_SPLIT,20,32,total_comm_bytes,5,67424080.0,67424080.0,0.0,67424080.0,67424080.0,network_runtime,WAN100
RM_VECTOR_GENERIC_SPLIT,20,8,total_wall_ms,5,1410.13,1410.2692,1.2638717339982997,1408.469,1411.822,network_runtime,WAN100
RM_VECTOR_GENERIC_SPLIT,20,8,total_comm_bytes,5,4358992.0,4358992.0,0.0,4358992.0,4358992.0,network_runtime,WAN100
RM_VECTOR_OPT,14,16,total_wall_ms,5,904.982,904.9642,0.22489499772119512,904.598,905.2280000000001,network_runtime,WAN100
RM_VECTOR_OPT,14,16,total_comm_bytes,5,2507360.0,2507360.0,0.0,2507360.0,2507360.0,network_runtime,WAN100
RM_VECTOR_OPT,14,32,total_wall_ms,5,989.13,988.7944,0.7801037366914978,987.251,989.359,network_runtime,WAN100
RM_VECTOR_OPT,14,32,total_comm_bytes,5,4571744.0,4571744.0,0.0,4571744.0,4571744.0,network_runtime,WAN100
RM_VECTOR_OPT,14,8,total_wall_ms,5,791.808,792.196,0.8882537925615404,791.5550000000001,793.944,network_runtime,WAN100
RM_VECTOR_OPT,14,8,total_comm_bytes,5,1475168.0,1475168.0,0.0,1475168.0,1475168.0,network_runtime,WAN100
RM_VECTOR_OPT,18,16,total_wall_ms,5,1085.5790000000002,1083.6978000000001,4.2479497831306565,1076.1190000000001,1087.968,network_runtime,WAN100
RM_VECTOR_OPT,18,16,total_comm_bytes,5,2541152.0,2541152.0,0.0,2541152.0,2541152.0,network_runtime,WAN100
RM_VECTOR_OPT,18,32,total_wall_ms,5,1441.1940000000002,1439.4976,2.9750790644956395,1435.031,1442.5639999999999,network_runtime,WAN100
RM_VECTOR_OPT,18,32,total_comm_bytes,5,4605536.0,4605536.0,0.0,4605536.0,4605536.0,network_runtime,WAN100
RM_VECTOR_OPT,18,8,total_wall_ms,5,861.583,862.3394,2.867250711047092,858.245,866.0400000000001,network_runtime,WAN100
RM_VECTOR_OPT,18,8,total_comm_bytes,5,1508960.0,1508960.0,0.0,1508960.0,1508960.0,network_runtime,WAN100
RM_VECTOR_OPT,20,16,total_wall_ms,5,1904.194,1903.7667999999999,1.3774407283073091,1901.486,1905.6329999999998,network_runtime,WAN100
RM_VECTOR_OPT,20,16,total_comm_bytes,5,2558048.0,2558048.0,0.0,2558048.0,2558048.0,network_runtime,WAN100
RM_VECTOR_OPT,20,32,total_wall_ms,5,3190.52,3195.8302,9.23484281187291,3187.802,3211.2780000000002,network_runtime,WAN100
RM_VECTOR_OPT,20,32,total_comm_bytes,5,4622432.0,4622432.0,0.0,4622432.0,4622432.0,network_runtime,WAN100
RM_VECTOR_OPT,20,8,total_wall_ms,5,1270.933,1270.8588,0.7257493782291283,1269.973,1271.6909999999998,network_runtime,WAN100
RM_VECTOR_OPT,20,8,total_comm_bytes,5,1525856.0,1525856.0,0.0,1525856.0,1525856.0,network_runtime,WAN100
SILENT_SVOLE,14,16,total_wall_ms,5,2981.639,2975.2766,48.83319660476884,2918.9669999999996,3037.959,network_runtime,WAN100
SILENT_SVOLE,14,16,total_comm_bytes,5,32785160.0,32785160.0,0.0,32785160.0,32785160.0,network_runtime,WAN100
SILENT_SVOLE,14,32,total_wall_ms,5,9369.962,9416.057,162.68789057210157,9235.005,9655.285,network_runtime,WAN100
SILENT_SVOLE,14,32,total_comm_bytes,5,130462472.0,130462472.0,0.0,130462472.0,130462472.0,network_runtime,WAN100
SILENT_SVOLE,14,8,total_wall_ms,5,1461.644,1462.6852,1.6940310977075583,1460.9589999999998,1465.267,network_runtime,WAN100
SILENT_SVOLE,14,8,total_comm_bytes,5,8325896.0,8325896.0,0.0,8325896.0,8325896.0,network_runtime,WAN100
SILENT_SVOLE,18,16,total_wall_ms,5,3524.825,3525.322,4.569018231524048,3519.065,3532.352,network_runtime,WAN100
SILENT_SVOLE,18,16,total_comm_bytes,5,32848648.0,32848648.0,0.0,32848648.0,32848648.0,network_runtime,WAN100
SILENT_SVOLE,18,32,total_wall_ms,5,10248.658000000001,10253.0348,11.274642298539122,10244.555,10275.299,network_runtime,WAN100
SILENT_SVOLE,18,32,total_comm_bytes,5,130525960.0,130525960.0,0.0,130525960.0,130525960.0,network_runtime,WAN100
SILENT_SVOLE,18,8,total_wall_ms,5,1580.067,1581.3702,3.8992871861406115,1577.275,1588.0890000000002,network_runtime,WAN100
SILENT_SVOLE,18,8,total_comm_bytes,5,8389384.0,8389384.0,0.0,8389384.0,8389384.0,network_runtime,WAN100
SILENT_SVOLE,20,16,total_wall_ms,5,5140.380999999999,5141.8356,7.034851600424913,5132.17,5150.684,network_runtime,WAN100
SILENT_SVOLE,20,16,total_comm_bytes,5,32880392.0,32880392.0,0.0,32880392.0,32880392.0,network_runtime,WAN100
SILENT_SVOLE,20,32,total_wall_ms,5,12095.264000000001,12090.1268,146.87338163928848,11832.303,12262.275000000001,network_runtime,WAN100
SILENT_SVOLE,20,32,total_comm_bytes,5,130557704.0,130557704.0,0.0,130557704.0,130557704.0,network_runtime,WAN100
SILENT_SVOLE,20,8,total_wall_ms,5,2551.9159999999997,2556.6274,9.422027331737151,2546.426,2571.404,network_runtime,WAN100
SILENT_SVOLE,20,8,total_comm_bytes,5,8421128.0,8421128.0,0.0,8421128.0,8421128.0,network_runtime,WAN100
EXCONV7X24_ENCODER,12,16,total_ms,10,2.8475,2.8447,0.045609319223158695,2.769,2.901,encoder_only,
EXCONV7X24_ENCODER,12,16,ns_per_rm_vole_coordinate,10,695.272661,694.5270911,11.152320241943634,675.917477,708.252287,encoder_only,
EXCONV7X24_ENCODER,12,16,ns_per_base_field_matrix_entry,10,43.454541500000005,43.4079432,0.6970201417133948,42.244842,44.265768,encoder_only,
EXCONV7X24_ENCODER,12,32,total_ms,10,2.3064999999999998,2.3156,0.036672060209374656,2.274,2.372,encoder_only,
EXCONV7X24_ENCODER,12,32,ns_per_rm_vole_coordinate,10,563.037986,565.3206813,8.936858424907777,555.136467,579.020025,encoder_only,
EXCONV7X24_ENCODER,12,32,ns_per_base_field_matrix_entry,10,17.594937,17.6662714,0.2792767528575192,17.348015,18.094376,encoder_only,
EXCONV7X24_ENCODER,12,8,total_ms,10,2.14,2.132,0.05215937116185365,2.0149999999999997,2.193,encoder_only,
EXCONV7X24_ENCODER,12,8,ns_per_rm_vole_coordinate,10,522.405287,520.4627882999999,12.745979617251926,491.847686,535.349159,encoder_only,
EXCONV7X24_ENCODER,12,8,ns_per_base_field_matrix_entry,10,65.30066049999999,65.0578484,1.5932474199516031,61.480961,66.918645,encoder_only,
EXCONV7X24_ENCODER,14,16,total_ms,10,13.011,13.0208,0.035656135516906697,12.989,13.117,encoder_only,
EXCONV7X24_ENCODER,14,16,ns_per_rm_vole_coordinate,10,794.1213625,794.7266511,2.180633722504707,792.782032,800.617784,encoder_only,
EXCONV7X24_ENCODER,14,16,ns_per_base_field_matrix_entry,10,49.632585,49.6704156,0.1362894719552482,49.548877,50.038611,encoder_only,
EXCONV7X24_ENCODER,14,32,total_ms,10,10.398,10.413599999999999,0.07298109344206875,10.334,10.536,encoder_only,
EXCONV7X24_ENCODER,14,32,ns_per_rm_vole_coordinate,10,634.6306950000001,635.6016032,4.4555552599163795,630.765385,643.078124,encoder_only,
EXCONV7X24_ENCODER,14,32,ns_per_base_field_matrix_entry,10,19.832209,19.8625501,0.13923606894368315,19.711418,20.096191,encoder_only,
EXCONV7X24_ENCODER,14,8,total_ms,10,8.619,8.622399999999999,0.049447345732607825,8.556,8.704,encoder_only,
EXCONV7X24_ENCODER,14,8,ns_per_rm_vole_coordinate,10,526.073819,526.2729672,3.013587394624507,522.193432,531.25936,encoder_only,
EXCONV7X24_ENCODER,14,8,ns_per_base_field_matrix_entry,10,65.7592275,65.7841209,0.3766984629505267,65.274179,66.40742,encoder_only,
EXCONV7X24_ENCODER,16,16,total_ms,10,58.4155,58.796600000000005,1.1248202700876258,57.899,61.868,encoder_only,
EXCONV7X24_ENCODER,16,16,ns_per_rm_vole_coordinate,10,891.3491595,897.1654743,17.164230670456142,883.463635,944.033467,encoder_only,
EXCONV7X24_ENCODER,16,16,ns_per_base_field_matrix_entry,10,55.7093225,56.0728422,1.0727645385597715,55.216477,59.002092,encoder_only,
EXCONV7X24_ENCODER,16,32,total_ms,10,55.6095,56.0602,1.1983910713953116,54.836999999999996,58.852000000000004,encoder_only,
EXCONV7X24_ENCODER,16,32,ns_per_rm_vole_coordinate,10,848.5337055,855.4098002,18.28731130184125,836.744142,898.017163,encoder_only,
EXCONV7X24_ENCODER,16,32,ns_per_base_field_matrix_entry,10,26.5166785,26.7315563,0.5714784648233124,26.148254,28.063036,encoder_only,
EXCONV7X24_ENCODER,16,8,total_ms,10,37.211,37.4583,0.631391170353213,36.82,39.116,encoder_only,
EXCONV7X24_ENCODER,16,8,ns_per_rm_vole_coordinate,10,567.790586,571.5647219,9.634739273524174,561.822112,596.857014,encoder_only,
EXCONV7X24_ENCODER,16,8,ns_per_base_field_matrix_entry,10,70.9738235,71.44559029999999,1.2043425038911548,70.227764,74.607127,encoder_only,
EXCONV7X24_ENCODER,18,16,total_ms,10,303.41650000000004,306.1871,5.294380104412607,300.575,316.456,encoder_only,
EXCONV7X24_ENCODER,18,16,ns_per_rm_vole_coordinate,10,1157.4424605,1168.0113852,20.19599939021468,1146.603633,1207.183411,encoder_only,
EXCONV7X24_ENCODER,18,16,ns_per_base_field_matrix_entry,10,72.340154,73.0007116,1.2622499063506567,71.662727,75.448963,encoder_only,
EXCONV7X24_ENCODER,18,32,total_ms,10,391.89650000000006,393.2017,4.994995376374224,388.109,405.56199999999995,encoder_only,
EXCONV7X24_ENCODER,18,32,ns_per_rm_vole_coordinate,10,1494.9661765,1499.9459534,19.054974806723006,1480.518112,1547.097998,encoder_only,
EXCONV7X24_ENCODER,18,32,ns_per_base_field_matrix_entry,10,46.717693,46.873311,0.5954679078247631,46.266191,48.346812,encoder_only,
EXCONV7X24_ENCODER,18,8,total_ms,10,174.9445,175.3425,1.4368506707379187,173.569,178.552,encoder_only,
EXCONV7X24_ENCODER,18,8,ns_per_rm_vole_coordinate,10,667.3602435,668.8785644,5.481436656595721,662.111828,681.122952,encoder_only,
EXCONV7X24_ENCODER,18,8,ns_per_base_field_matrix_entry,10,83.4200305,83.6098206,0.685179550517557,82.763979,85.140369,encoder_only,
EXCONV7X24_ENCODER,20,16,total_ms,10,1730.7334999999998,1732.6828,7.298679713482444,1722.928,1749.444,encoder_only,
EXCONV7X24_ENCODER,20,16,ns_per_rm_vole_coordinate,10,1650.5560415,1652.4150498,6.960605101433884,1643.111799,1668.40004,encoder_only,
EXCONV7X24_ENCODER,20,16,ns_per_base_field_matrix_entry,10,103.1597525,103.2759406,0.43503795314275834,102.694487,104.275003,encoder_only,
EXCONV7X24_ENCODER,20,32,total_ms,10,2193.6904999999997,2195.2464,6.201159572209061,2184.66,2206.216,encoder_only,
EXCONV7X24_ENCODER,20,32,ns_per_rm_vole_coordinate,10,2092.066273,2093.5500822999998,5.913785813719938,2083.454492,2104.011332,encoder_only,
EXCONV7X24_ENCODER,20,32,ns_per_base_field_matrix_entry,10,65.377071,65.42344,0.1848057778885714,65.107953,65.750354,encoder_only,
EXCONV7X24_ENCODER,20,8,total_ms,10,945.1045,945.0031,5.328512558866689,936.3679999999999,956.51,encoder_only,
EXCONV7X24_ENCODER,20,8,ns_per_rm_vole_coordinate,10,901.3220925,901.2253009,5.0815809331729005,892.990509,912.198779,encoder_only,
EXCONV7X24_ENCODER,20,8,ns_per_base_field_matrix_entry,10,112.6652615,112.6531626,0.6351974126879286,111.623814,114.024847,encoder_only,
WHT_ENCODER,12,16,total_ms,10,0.778,0.7816,0.011253443917308164,0.771,0.809,encoder_only,
WHT_ENCODER,12,16,ns_per_rm_vole_coordinate,10,189.933473,190.81201099999998,2.7587402237186804,188.159106,197.440158,encoder_only,
WHT_ENCODER,12,16,ns_per_base_field_matrix_entry,10,11.870842,11.9257508,0.17242133054689013,11.759944,12.34001,encoder_only,
WHT_ENCODER,12,32,total_ms,10,1.5575,1.5586,0.022459741761649932,1.521,1.6,encoder_only,
WHT_ENCODER,12,32,ns_per_rm_vole_coordinate,10,380.260985,380.5324696,5.492967649190972,371.399665,390.659466,encoder_only,
WHT_ENCODER,12,32,ns_per_base_field_matrix_entry,10,11.8831555,11.8916396,0.1716550179244406,11.60624,12.208108,encoder_only,
WHT_ENCODER,12,8,total_ms,10,0.397,0.4038,0.012456323695216017,0.395,0.437,encoder_only,
WHT_ENCODER,12,8,ns_per_rm_vole_coordinate,10,96.979079,98.6174655,3.034637698152951,96.450208,106.640869,encoder_only,
WHT_ENCODER,12,8,ns_per_base_field_matrix_entry,10,12.122385000000001,12.3271832,0.37932983512210056,12.056276,13.330109,encoder_only,
WHT_ENCODER,14,16,total_ms,10,3.4520000000000004,3.4597,0.025147763320025048,3.439,3.529,encoder_only,
WHT_ENCODER,14,16,ns_per_rm_vole_coordinate,10,210.6693415,211.159832,1.5396929581315262,209.876049,215.410466,encoder_only,
WHT_ENCODER,14,16,ns_per_base_field_matrix_entry,10,13.166834,13.1974895,0.09623074392027722,13.117253,13.463154,encoder_only,
WHT_ENCODER,14,32,total_ms,10,6.6995000000000005,6.6995000000000005,0.012555875118843653,6.674,6.721,encoder_only,
WHT_ENCODER,14,32,ns_per_rm_vole_coordinate,10,408.90869,408.9116202,0.7693517347908965,407.336358,410.205132,encoder_only,
WHT_ENCODER,14,32,ns_per_base_field_matrix_entry,10,12.7783965,12.7784881,0.024042239905841038,12.729261,12.81891,encoder_only,
WHT_ENCODER,14,8,total_ms,10,1.758,1.7649,0.01618301578816507,1.7429999999999999,1.786,encoder_only,
WHT_ENCODER,14,8,ns_per_rm_vole_coordinate,10,107.29772249999999,107.7086892,0.9929552548851146,106.355401,108.97844,encoder_only,
WHT_ENCODER,14,8,ns_per_base_field_matrix_entry,10,13.412215,13.4635861,0.12411938332867244,13.294425,13.622305,encoder_only,
WHT_ENCODER,16,16,total_ms,10,14.344,14.3459,0.07384368625684903,14.236,14.44,encoder_only,
WHT_ENCODER,16,16,ns_per_rm_vole_coordinate,10,218.873421,218.900963,1.1266292361068895,217.21727,220.338016,encoder_only,
WHT_ENCODER,16,16,ns_per_base_field_matrix_entry,10,13.679589,13.681310100000001,0.07041445339197068,13.576079,13.771126,encoder_only,
WHT_ENCODER,16,32,total_ms,10,28.2035,28.2612,0.12996753440763556,28.135,28.505,encoder_only,
WHT_ENCODER,16,32,ns_per_rm_vole_coordinate,10,430.35468549999996,431.2333695,1.9831037706284709,429.308457,434.955801,encoder_only,
WHT_ENCODER,16,32,ns_per_base_field_matrix_entry,10,13.448584,13.4760427,0.061972027454408794,13.415889,13.592369,encoder_only,
WHT_ENCODER,16,8,total_ms,10,7.355,7.3644,0.04668233070445379,7.306,7.467,encoder_only,
WHT_ENCODER,16,8,ns_per_rm_vole_coordinate,10,112.227067,112.3711479,0.7132086524889414,111.477554,113.942001,encoder_only,
WHT_ENCODER,16,8,ns_per_base_field_matrix_entry,10,14.0283835,14.0463935,0.08915109848369762,13.934694,14.24275,encoder_only,
WHT_ENCODER,18,16,total_ms,10,72.0205,72.1354,0.3941454553841768,71.697,72.95500000000001,encoder_only,
WHT_ENCODER,18,16,ns_per_rm_vole_coordinate,10,274.736288,275.1752071,1.5030919863391203,273.503902,278.299874,encoder_only,
WHT_ENCODER,18,16,ns_per_base_field_matrix_entry,10,17.171018,17.1984506,0.09394321938085784,17.093994,17.393742,encoder_only,
WHT_ENCODER,18,32,total_ms,10,141.52100000000002,141.7193,0.7537889691418885,140.68800000000002,143.695,encoder_only,
WHT_ENCODER,18,32,ns_per_rm_vole_coordinate,10,539.8591085,540.6167842,2.8755623966132475,536.683018,548.153972,encoder_only,
WHT_ENCODER,18,32,ns_per_base_field_matrix_entry,10,16.870597,16.8942744,0.08986150502656881,16.771344,17.129812,encoder_only,
WHT_ENCODER,18,8,total_ms,10,37.007999999999996,37.0135,0.2001440731073502,36.667,37.358000000000004,encoder_only,
WHT_ENCODER,18,8,ns_per_rm_vole_coordinate,10,141.1744695,141.1953687,0.7636177217397522,139.873466,142.509151,encoder_only,
WHT_ENCODER,18,8,ns_per_base_field_matrix_entry,10,17.6468085,17.6494211,0.09545222447533634,17.484183,17.813644,encoder_only,
WHT_ENCODER,20,16,total_ms,10,318.7455,319.45529999999997,1.6929946278709807,317.351,322.211,encoder_only,
WHT_ENCODER,20,16,ns_per_rm_vole_coordinate,10,303.979276,304.6562547,1.6146309349831662,302.649372,307.283977,encoder_only,
WHT_ENCODER,20,16,ns_per_base_field_matrix_entry,10,18.998705,19.041016,0.10091444457955408,18.915586,19.205249,encoder_only,
WHT_ENCODER,20,32,total_ms,10,625.049,626.8027,3.2992681627900535,622.948,631.506,encoder_only,
WHT_ENCODER,20,32,ns_per_rm_vole_coordinate,10,596.0930249999999,597.7656787999999,3.1465328668452757,594.0894,602.251333,encoder_only,
WHT_ENCODER,20,32,ns_per_base_field_matrix_entry,10,18.627907,18.6801774,0.0983291079743934,18.565294,18.820354,encoder_only,
WHT_ENCODER,20,8,total_ms,10,164.389,164.5734,0.6269719610955538,163.918,166.324,encoder_only,
WHT_ENCODER,20,8,ns_per_rm_vole_coordinate,10,156.77393849999999,156.9493513,0.5978422456621939,156.323982,158.618511,encoder_only,
WHT_ENCODER,20,8,ns_per_base_field_matrix_entry,10,19.596742499999998,19.618669,0.07473025075028215,19.540498,19.827314,encoder_only,
