timestamp,git_commit,method,base_ot_mode,p,base_field_bits,base_coordinate_storage_bits,lambda,logN,N,t,m,trial_index,warmup,status,data_source,correctness,network,split_input_setup_ms,pprf_key_setup_ms,pprf_full_eval_p0_ms,pprf_full_eval_p1_ms,wht_p0_ms,wht_p1_ms,pointwise_p0_ms,pointwise_p1_ms,output_materialization_p0_ms,output_materialization_p1_ms,setup_wall_ms,expand_wall_ms,total_wall_ms,local_expand_p0_ms,local_expand_p1_ms,total_cpu_work_ms,p0_peak_rss_bytes,p1_peak_rss_bytes,max_party_peak_rss_bytes,sum_party_peak_rss_bytes,pprf_instances,split_input_noisy_svole_length,pprf_domain_size,pprf_point_count,pprf_leaves_per_sparse_polynomial,notes,check,result
2026-07-23T01:20:56.549829+00:00,92541e97835cdf7b1979ebdd41e34c666bf3206e,RM_VECTOR,INCLUDING_BASE_OT,2305843009213693951,61,64,128,12,4096,64,8,-1,1,OK,measured,PASS,tcp-loopback,58.355,56.348,0,0,included_in_expand_p0,included_in_expand_p1,included_in_expand_p0,included_in_expand_p1,included_in_expand_p0,included_in_expand_p1,105.828,0.733,106.503,0.733,0.675,116.111,68194304,68194304,68194304,136388608,2,128,64,64,4096,tcp_two_process_loopback; p0_server_p1_client; tcp_two_process;,all_N_times_m_coordinates,PASS
2026-07-23T01:20:57.015887+00:00,92541e97835cdf7b1979ebdd41e34c666bf3206e,RM_VECTOR,INCLUDING_BASE_OT,2305843009213693951,61,64,128,12,4096,64,8,0,0,OK,measured,PASS,tcp-loopback,59.321,55.652,0,0,included_in_expand_p0,included_in_expand_p1,included_in_expand_p0,included_in_expand_p1,included_in_expand_p0,included_in_expand_p1,106.117,1.153,107.16000000000001,1.153,1.0430000000000001,117.16900000000001,68194304,68194304,68194304,136388608,2,128,64,64,4096,tcp_two_process_loopback; p0_server_p1_client; tcp_two_process;,all_N_times_m_coordinates,PASS
2026-07-23T01:20:57.482094+00:00,92541e97835cdf7b1979ebdd41e34c666bf3206e,RM_COORD,INCLUDING_BASE_OT,2305843009213693951,61,64,128,12,4096,64,8,-1,1,SKIPPED_NOT_IMPLEMENTED,skipped,SKIPPED,,,,,,,,,,,,,,,,,,,,,,,,,,,No integrated setup-inclusive RM_COORD TCP/local end-to-end harness exists in this checkout; coordinate PPRF is available only as an isolated component/local semantic ablation.,rm_coord_integrated_harness,SKIPPED
2026-07-23T01:20:57.482130+00:00,92541e97835cdf7b1979ebdd41e34c666bf3206e,RM_COORD,INCLUDING_BASE_OT,2305843009213693951,61,64,128,12,4096,64,8,0,0,SKIPPED_NOT_IMPLEMENTED,skipped,SKIPPED,,,,,,,,,,,,,,,,,,,,,,,,,,,No integrated setup-inclusive RM_COORD TCP/local end-to-end harness exists in this checkout; coordinate PPRF is available only as an isolated component/local semantic ablation.,rm_coord_integrated_harness,SKIPPED
2026-07-23T01:20:57.482136+00:00,92541e97835cdf7b1979ebdd41e34c666bf3206e,RM_VECTOR,INCLUDING_BASE_OT,2305843009213693951,61,64,128,12,4096,64,16,-1,1,OK,measured,PASS,tcp-loopback,165.17100000000002,83.18499999999999,0,0,included_in_expand_p0,included_in_expand_p1,included_in_expand_p0,included_in_expand_p1,included_in_expand_p0,included_in_expand_p1,213.334,1.436,214.704,1.436,1.3699999999999999,251.162,68194304,68194304,68194304,136388608,2,128,64,64,4096,tcp_two_process_loopback; p0_server_p1_client; tcp_two_process;,all_N_times_m_coordinates,PASS
2026-07-23T01:20:58.056771+00:00,92541e97835cdf7b1979ebdd41e34c666bf3206e,RM_VECTOR,INCLUDING_BASE_OT,2305843009213693951,61,64,128,12,4096,64,16,0,0,OK,measured,PASS,tcp-loopback,164.816,82.415,0,0,included_in_expand_p0,included_in_expand_p1,included_in_expand_p0,included_in_expand_p1,included_in_expand_p0,included_in_expand_p1,212.103,1.4220000000000002,213.505,1.4220000000000002,1.403,250.05599999999998,68194304,68194304,68194304,136388608,2,128,64,64,4096,tcp_two_process_loopback; p0_server_p1_client; tcp_two_process;,all_N_times_m_coordinates,PASS
2026-07-23T01:20:58.630702+00:00,92541e97835cdf7b1979ebdd41e34c666bf3206e,RM_COORD,INCLUDING_BASE_OT,2305843009213693951,61,64,128,12,4096,64,16,-1,1,SKIPPED_NOT_IMPLEMENTED,skipped,SKIPPED,,,,,,,,,,,,,,,,,,,,,,,,,,,No integrated setup-inclusive RM_COORD TCP/local end-to-end harness exists in this checkout; coordinate PPRF is available only as an isolated component/local semantic ablation.,rm_coord_integrated_harness,SKIPPED
2026-07-23T01:20:58.630740+00:00,92541e97835cdf7b1979ebdd41e34c666bf3206e,RM_COORD,INCLUDING_BASE_OT,2305843009213693951,61,64,128,12,4096,64,16,0,0,SKIPPED_NOT_IMPLEMENTED,skipped,SKIPPED,,,,,,,,,,,,,,,,,,,,,,,,,,,No integrated setup-inclusive RM_COORD TCP/local end-to-end harness exists in this checkout; coordinate PPRF is available only as an isolated component/local semantic ablation.,rm_coord_integrated_harness,SKIPPED
2026-07-23T01:20:58.630750+00:00,92541e97835cdf7b1979ebdd41e34c666bf3206e,RM_VECTOR,INCLUDING_BASE_OT,2305843009213693951,61,64,128,12,4096,64,32,-1,1,OK,measured,PASS,tcp-loopback,412.225,137.503,0,0,included_in_expand_p0,included_in_expand_p1,included_in_expand_p0,included_in_expand_p1,included_in_expand_p0,included_in_expand_p1,463.16200000000003,4.609,467.746,4.609,4.5840000000000005,558.921,68194304,68194304,68194304,136388608,2,128,64,64,4096,tcp_two_process_loopback; p0_server_p1_client; tcp_two_process;,all_N_times_m_coordinates,PASS
2026-07-23T01:20:59.462268+00:00,92541e97835cdf7b1979ebdd41e34c666bf3206e,RM_VECTOR,INCLUDING_BASE_OT,2305843009213693951,61,64,128,12,4096,64,32,0,0,OK,measured,PASS,tcp-loopback,410.66999999999996,136.625,0,0,included_in_expand_p0,included_in_expand_p1,included_in_expand_p0,included_in_expand_p1,included_in_expand_p0,included_in_expand_p1,460.667,4.646,465.264,4.646,4.597,556.5379999999999,68194304,68194304,68194304,136388608,2,128,64,64,4096,tcp_two_process_loopback; p0_server_p1_client; tcp_two_process;,all_N_times_m_coordinates,PASS
2026-07-23T01:21:00.290939+00:00,92541e97835cdf7b1979ebdd41e34c666bf3206e,RM_COORD,INCLUDING_BASE_OT,2305843009213693951,61,64,128,12,4096,64,32,-1,1,SKIPPED_NOT_IMPLEMENTED,skipped,SKIPPED,,,,,,,,,,,,,,,,,,,,,,,,,,,No integrated setup-inclusive RM_COORD TCP/local end-to-end harness exists in this checkout; coordinate PPRF is available only as an isolated component/local semantic ablation.,rm_coord_integrated_harness,SKIPPED
2026-07-23T01:21:00.290975+00:00,92541e97835cdf7b1979ebdd41e34c666bf3206e,RM_COORD,INCLUDING_BASE_OT,2305843009213693951,61,64,128,12,4096,64,32,0,0,SKIPPED_NOT_IMPLEMENTED,skipped,SKIPPED,,,,,,,,,,,,,,,,,,,,,,,,,,,No integrated setup-inclusive RM_COORD TCP/local end-to-end harness exists in this checkout; coordinate PPRF is available only as an isolated component/local semantic ablation.,rm_coord_integrated_harness,SKIPPED
2026-07-23T01:21:00.290988+00:00,92541e97835cdf7b1979ebdd41e34c666bf3206e,RM_VECTOR,INCLUDING_BASE_OT,2305843009213693951,61,64,128,14,16384,64,8,-1,1,OK,measured,PASS,tcp-loopback,61.256,73.71600000000001,0,0,included_in_expand_p0,included_in_expand_p1,included_in_expand_p0,included_in_expand_p1,included_in_expand_p0,included_in_expand_p1,126.00500000000001,3.274,129.015,3.274,3.0109999999999997,141.257,68194304,68194304,68194304,136388608,2,128,256,64,16384,tcp_two_process_loopback; p0_server_p1_client; tcp_two_process;,all_N_times_m_coordinates,PASS
2026-07-23T01:21:00.782872+00:00,92541e97835cdf7b1979ebdd41e34c666bf3206e,RM_VECTOR,INCLUDING_BASE_OT,2305843009213693951,61,64,128,14,16384,64,8,0,0,OK,measured,PASS,tcp-loopback,65.19999999999999,80.633,0,0,included_in_expand_p0,included_in_expand_p1,included_in_expand_p0,included_in_expand_p1,included_in_expand_p0,included_in_expand_p1,137.10500000000002,4.954,141.787,4.954,4.682,155.46899999999997,68194304,68194304,68194304,136388608,2,128,256,64,16384,tcp_two_process_loopback; p0_server_p1_client; tcp_two_process;,all_N_times_m_coordinates,PASS
2026-07-23T01:21:01.287877+00:00,92541e97835cdf7b1979ebdd41e34c666bf3206e,RM_COORD,INCLUDING_BASE_OT,2305843009213693951,61,64,128,14,16384,64,8,-1,1,SKIPPED_NOT_IMPLEMENTED,skipped,SKIPPED,,,,,,,,,,,,,,,,,,,,,,,,,,,No integrated setup-inclusive RM_COORD TCP/local end-to-end harness exists in this checkout; coordinate PPRF is available only as an isolated component/local semantic ablation.,rm_coord_integrated_harness,SKIPPED
2026-07-23T01:21:01.287915+00:00,92541e97835cdf7b1979ebdd41e34c666bf3206e,RM_COORD,INCLUDING_BASE_OT,2305843009213693951,61,64,128,14,16384,64,8,0,0,SKIPPED_NOT_IMPLEMENTED,skipped,SKIPPED,,,,,,,,,,,,,,,,,,,,,,,,,,,No integrated setup-inclusive RM_COORD TCP/local end-to-end harness exists in this checkout; coordinate PPRF is available only as an isolated component/local semantic ablation.,rm_coord_integrated_harness,SKIPPED
2026-07-23T01:21:01.287924+00:00,92541e97835cdf7b1979ebdd41e34c666bf3206e,RM_VECTOR,INCLUDING_BASE_OT,2305843009213693951,61,64,128,14,16384,64,16,-1,1,OK,measured,PASS,tcp-loopback,167.275,100.294,0,0,included_in_expand_p0,included_in_expand_p1,included_in_expand_p0,included_in_expand_p1,included_in_expand_p0,included_in_expand_p1,232.547,6.301,238.535,6.301,5.987,279.857,68194304,68194304,68194304,136388608,2,128,256,64,16384,tcp_two_process_loopback; p0_server_p1_client; tcp_two_process;,all_N_times_m_coordinates,PASS
2026-07-23T01:21:01.893487+00:00,92541e97835cdf7b1979ebdd41e34c666bf3206e,RM_VECTOR,INCLUDING_BASE_OT,2305843009213693951,61,64,128,14,16384,64,16,0,0,OK,measured,PASS,tcp-loopback,170.071,100.826,0,0,included_in_expand_p0,included_in_expand_p1,included_in_expand_p0,included_in_expand_p1,included_in_expand_p0,included_in_expand_p1,235.369,9.697000000000001,244.785,9.697000000000001,9.416,290.01,68194304,68194304,68194304,136388608,2,128,256,64,16384,tcp_two_process_loopback; p0_server_p1_client; tcp_two_process;,all_N_times_m_coordinates,PASS
2026-07-23T01:21:02.507935+00:00,92541e97835cdf7b1979ebdd41e34c666bf3206e,RM_COORD,INCLUDING_BASE_OT,2305843009213693951,61,64,128,14,16384,64,16,-1,1,SKIPPED_NOT_IMPLEMENTED,skipped,SKIPPED,,,,,,,,,,,,,,,,,,,,,,,,,,,No integrated setup-inclusive RM_COORD TCP/local end-to-end harness exists in this checkout; coordinate PPRF is available only as an isolated component/local semantic ablation.,rm_coord_integrated_harness,SKIPPED
2026-07-23T01:21:02.507973+00:00,92541e97835cdf7b1979ebdd41e34c666bf3206e,RM_COORD,INCLUDING_BASE_OT,2305843009213693951,61,64,128,14,16384,64,16,0,0,SKIPPED_NOT_IMPLEMENTED,skipped,SKIPPED,,,,,,,,,,,,,,,,,,,,,,,,,,,No integrated setup-inclusive RM_COORD TCP/local end-to-end harness exists in this checkout; coordinate PPRF is available only as an isolated component/local semantic ablation.,rm_coord_integrated_harness,SKIPPED
2026-07-23T01:21:02.507982+00:00,92541e97835cdf7b1979ebdd41e34c666bf3206e,RM_VECTOR,INCLUDING_BASE_OT,2305843009213693951,61,64,128,14,16384,64,32,-1,1,OK,measured,PASS,tcp-loopback,412.954,158.07299999999998,0,0,included_in_expand_p0,included_in_expand_p1,included_in_expand_p0,included_in_expand_p1,included_in_expand_p0,included_in_expand_p1,484.192,12.4,496.281,12.4,12.089,595.5160000000001,68194304,68194304,68194304,136388608,2,128,256,64,16384,tcp_two_process_loopback; p0_server_p1_client; tcp_two_process;,all_N_times_m_coordinates,PASS
2026-07-23T01:21:03.379603+00:00,92541e97835cdf7b1979ebdd41e34c666bf3206e,RM_VECTOR,INCLUDING_BASE_OT,2305843009213693951,61,64,128,14,16384,64,32,0,0,OK,measured,PASS,tcp-loopback,410.292,159.188,0,0,included_in_expand_p0,included_in_expand_p1,included_in_expand_p0,included_in_expand_p1,included_in_expand_p0,included_in_expand_p1,482.432,12.304,494.399,12.304,11.968,593.752,68194304,68194304,68194304,136388608,2,128,256,64,16384,tcp_two_process_loopback; p0_server_p1_client; tcp_two_process;,all_N_times_m_coordinates,PASS
2026-07-23T01:21:04.249197+00:00,92541e97835cdf7b1979ebdd41e34c666bf3206e,RM_COORD,INCLUDING_BASE_OT,2305843009213693951,61,64,128,14,16384,64,32,-1,1,SKIPPED_NOT_IMPLEMENTED,skipped,SKIPPED,,,,,,,,,,,,,,,,,,,,,,,,,,,No integrated setup-inclusive RM_COORD TCP/local end-to-end harness exists in this checkout; coordinate PPRF is available only as an isolated component/local semantic ablation.,rm_coord_integrated_harness,SKIPPED
2026-07-23T01:21:04.249235+00:00,92541e97835cdf7b1979ebdd41e34c666bf3206e,RM_COORD,INCLUDING_BASE_OT,2305843009213693951,61,64,128,14,16384,64,32,0,0,SKIPPED_NOT_IMPLEMENTED,skipped,SKIPPED,,,,,,,,,,,,,,,,,,,,,,,,,,,No integrated setup-inclusive RM_COORD TCP/local end-to-end harness exists in this checkout; coordinate PPRF is available only as an isolated component/local semantic ablation.,rm_coord_integrated_harness,SKIPPED
2026-07-23T01:21:04.249244+00:00,92541e97835cdf7b1979ebdd41e34c666bf3206e,RM_VECTOR,INCLUDING_BASE_OT,2305843009213693951,61,64,128,16,65536,64,8,-1,1,OK,measured,PASS,tcp-loopback,72.145,93.474,0,0,included_in_expand_p0,included_in_expand_p1,included_in_expand_p0,included_in_expand_p1,included_in_expand_p0,included_in_expand_p1,156.199,13.847,168.97799999999998,13.847,12.779,192.245,68194304,68194304,68194304,136388608,2,128,1024,64,65536,tcp_two_process_loopback; p0_server_p1_client; tcp_two_process;,all_N_times_m_coordinates,PASS
2026-07-23T01:21:04.791935+00:00,92541e97835cdf7b1979ebdd41e34c666bf3206e,RM_VECTOR,INCLUDING_BASE_OT,2305843009213693951,61,64,128,16,65536,64,8,0,0,OK,measured,PASS,tcp-loopback,72.086,105.561,0,0,included_in_expand_p0,included_in_expand_p1,included_in_expand_p0,included_in_expand_p1,included_in_expand_p0,included_in_expand_p1,168.243,13.934999999999999,181.106,13.934999999999999,12.863,204.445,68194304,68194304,68194304,136388608,2,128,1024,64,65536,tcp_two_process_loopback; p0_server_p1_client; tcp_two_process;,all_N_times_m_coordinates,PASS
2026-07-23T01:21:05.347367+00:00,92541e97835cdf7b1979ebdd41e34c666bf3206e,RM_COORD,INCLUDING_BASE_OT,2305843009213693951,61,64,128,16,65536,64,8,-1,1,SKIPPED_NOT_IMPLEMENTED,skipped,SKIPPED,,,,,,,,,,,,,,,,,,,,,,,,,,,No integrated setup-inclusive RM_COORD TCP/local end-to-end harness exists in this checkout; coordinate PPRF is available only as an isolated component/local semantic ablation.,rm_coord_integrated_harness,SKIPPED
2026-07-23T01:21:05.347405+00:00,92541e97835cdf7b1979ebdd41e34c666bf3206e,RM_COORD,INCLUDING_BASE_OT,2305843009213693951,61,64,128,16,65536,64,8,0,0,SKIPPED_NOT_IMPLEMENTED,skipped,SKIPPED,,,,,,,,,,,,,,,,,,,,,,,,,,,No integrated setup-inclusive RM_COORD TCP/local end-to-end harness exists in this checkout; coordinate PPRF is available only as an isolated component/local semantic ablation.,rm_coord_integrated_harness,SKIPPED
2026-07-23T01:21:05.347412+00:00,92541e97835cdf7b1979ebdd41e34c666bf3206e,RM_VECTOR,INCLUDING_BASE_OT,2305843009213693951,61,64,128,16,65536,64,16,-1,1,OK,measured,PASS,tcp-loopback,179.315,132.155,0,0,included_in_expand_p0,included_in_expand_p1,included_in_expand_p0,included_in_expand_p1,included_in_expand_p0,included_in_expand_p1,276.15000000000003,26.455,301.579,26.455,25.429,363.354,68194304,68194304,68194304,136388608,2,128,1024,64,65536,tcp_two_process_loopback; p0_server_p1_client; tcp_two_process;,all_N_times_m_coordinates,PASS
2026-07-23T01:21:06.038915+00:00,92541e97835cdf7b1979ebdd41e34c666bf3206e,RM_VECTOR,INCLUDING_BASE_OT,2305843009213693951,61,64,128,16,65536,64,16,0,0,OK,measured,PASS,tcp-loopback,179.559,158.066,0,0,included_in_expand_p0,included_in_expand_p1,included_in_expand_p0,included_in_expand_p1,included_in_expand_p0,included_in_expand_p1,302.118,26.41,327.5,26.41,25.381999999999998,389.41700000000003,68194304,68194304,68194304,136388608,2,128,1024,64,65536,tcp_two_process_loopback; p0_server_p1_client; tcp_two_process;,all_N_times_m_coordinates,PASS
2026-07-23T01:21:06.757121+00:00,92541e97835cdf7b1979ebdd41e34c666bf3206e,RM_COORD,INCLUDING_BASE_OT,2305843009213693951,61,64,128,16,65536,64,16,-1,1,SKIPPED_NOT_IMPLEMENTED,skipped,SKIPPED,,,,,,,,,,,,,,,,,,,,,,,,,,,No integrated setup-inclusive RM_COORD TCP/local end-to-end harness exists in this checkout; coordinate PPRF is available only as an isolated component/local semantic ablation.,rm_coord_integrated_harness,SKIPPED
2026-07-23T01:21:06.757160+00:00,92541e97835cdf7b1979ebdd41e34c666bf3206e,RM_COORD,INCLUDING_BASE_OT,2305843009213693951,61,64,128,16,65536,64,16,0,0,SKIPPED_NOT_IMPLEMENTED,skipped,SKIPPED,,,,,,,,,,,,,,,,,,,,,,,,,,,No integrated setup-inclusive RM_COORD TCP/local end-to-end harness exists in this checkout; coordinate PPRF is available only as an isolated component/local semantic ablation.,rm_coord_integrated_harness,SKIPPED
2026-07-23T01:21:06.757170+00:00,92541e97835cdf7b1979ebdd41e34c666bf3206e,RM_VECTOR,INCLUDING_BASE_OT,2305843009213693951,61,64,128,16,65536,64,32,-1,1,OK,measured,PASS,tcp-loopback,427.399,206.581,0,0,included_in_expand_p0,included_in_expand_p1,included_in_expand_p0,included_in_expand_p1,included_in_expand_p0,included_in_expand_p1,545.644,52.443999999999996,597.3380000000001,52.443999999999996,51.695,738.119,68194304,68194304,68194304,136388608,2,128,1024,64,65536,tcp_two_process_loopback; p0_server_p1_client; tcp_two_process;,all_N_times_m_coordinates,PASS
2026-07-23T01:21:07.771814+00:00,92541e97835cdf7b1979ebdd41e34c666bf3206e,RM_VECTOR,INCLUDING_BASE_OT,2305843009213693951,61,64,128,16,65536,64,32,0,0,OK,measured,PASS,tcp-loopback,431.21,207.577,0,0,included_in_expand_p0,included_in_expand_p1,included_in_expand_p0,included_in_expand_p1,included_in_expand_p0,included_in_expand_p1,549.684,80.353,629.98,80.353,80.295,799.435,68194304,68194304,68194304,136388608,2,128,1024,64,65536,tcp_two_process_loopback; p0_server_p1_client; tcp_two_process;,all_N_times_m_coordinates,PASS
2026-07-23T01:21:08.838209+00:00,92541e97835cdf7b1979ebdd41e34c666bf3206e,RM_COORD,INCLUDING_BASE_OT,2305843009213693951,61,64,128,16,65536,64,32,-1,1,SKIPPED_NOT_IMPLEMENTED,skipped,SKIPPED,,,,,,,,,,,,,,,,,,,,,,,,,,,No integrated setup-inclusive RM_COORD TCP/local end-to-end harness exists in this checkout; coordinate PPRF is available only as an isolated component/local semantic ablation.,rm_coord_integrated_harness,SKIPPED
2026-07-23T01:21:08.838248+00:00,92541e97835cdf7b1979ebdd41e34c666bf3206e,RM_COORD,INCLUDING_BASE_OT,2305843009213693951,61,64,128,16,65536,64,32,0,0,SKIPPED_NOT_IMPLEMENTED,skipped,SKIPPED,,,,,,,,,,,,,,,,,,,,,,,,,,,No integrated setup-inclusive RM_COORD TCP/local end-to-end harness exists in this checkout; coordinate PPRF is available only as an isolated component/local semantic ablation.,rm_coord_integrated_harness,SKIPPED
2026-07-23T01:21:08.838259+00:00,92541e97835cdf7b1979ebdd41e34c666bf3206e,RM_VECTOR,INCLUDING_BASE_OT,2305843009213693951,61,64,128,18,262144,64,8,-1,1,OK,measured,PASS,tcp-loopback,134.74099999999999,159.137,0,0,included_in_expand_p0,included_in_expand_p1,included_in_expand_p0,included_in_expand_p1,included_in_expand_p0,included_in_expand_p1,282.442,97.68400000000001,377.603,97.68400000000001,95.161,486.723,68194304,68194304,68194304,136388608,2,128,4096,64,262144,tcp_two_process_loopback; p0_server_p1_client; tcp_two_process;,all_N_times_m_coordinates,PASS
2026-07-23T01:21:09.647661+00:00,92541e97835cdf7b1979ebdd41e34c666bf3206e,RM_VECTOR,INCLUDING_BASE_OT,2305843009213693951,61,64,128,18,262144,64,8,0,0,OK,measured,PASS,tcp-loopback,115.29100000000001,147.595,0,0,included_in_expand_p0,included_in_expand_p1,included_in_expand_p0,included_in_expand_p1,included_in_expand_p0,included_in_expand_p1,251.35600000000002,69.268,315.806,69.268,64.44999999999999,396.604,68194304,68194304,68194304,136388608,2,128,4096,64,262144,tcp_two_process_loopback; p0_server_p1_client; tcp_two_process;,all_N_times_m_coordinates,PASS
2026-07-23T01:21:10.387693+00:00,92541e97835cdf7b1979ebdd41e34c666bf3206e,RM_COORD,INCLUDING_BASE_OT,2305843009213693951,61,64,128,18,262144,64,8,-1,1,SKIPPED_NOT_IMPLEMENTED,skipped,SKIPPED,,,,,,,,,,,,,,,,,,,,,,,,,,,No integrated setup-inclusive RM_COORD TCP/local end-to-end harness exists in this checkout; coordinate PPRF is available only as an isolated component/local semantic ablation.,rm_coord_integrated_harness,SKIPPED
2026-07-23T01:21:10.387731+00:00,92541e97835cdf7b1979ebdd41e34c666bf3206e,RM_COORD,INCLUDING_BASE_OT,2305843009213693951,61,64,128,18,262144,64,8,0,0,SKIPPED_NOT_IMPLEMENTED,skipped,SKIPPED,,,,,,,,,,,,,,,,,,,,,,,,,,,No integrated setup-inclusive RM_COORD TCP/local end-to-end harness exists in this checkout; coordinate PPRF is available only as an isolated component/local semantic ablation.,rm_coord_integrated_harness,SKIPPED
2026-07-23T01:21:10.387739+00:00,92541e97835cdf7b1979ebdd41e34c666bf3206e,RM_VECTOR,INCLUDING_BASE_OT,2305843009213693951,61,64,128,18,262144,64,16,-1,1,OK,measured,PASS,tcp-loopback,224.286,223.154,0,0,included_in_expand_p0,included_in_expand_p1,included_in_expand_p0,included_in_expand_p1,included_in_expand_p0,included_in_expand_p1,410.354,148.10000000000002,553.953,148.10000000000002,143.59900000000002,739.139,68194304,68194304,68194304,136388608,2,128,4096,64,262144,tcp_two_process_loopback; p0_server_p1_client; tcp_two_process;,all_N_times_m_coordinates,PASS
2026-07-23T01:21:11.425893+00:00,92541e97835cdf7b1979ebdd41e34c666bf3206e,RM_VECTOR,INCLUDING_BASE_OT,2305843009213693951,61,64,128,18,262144,64,16,0,0,OK,measured,PASS,tcp-loopback,223.738,214.688,0,0,included_in_expand_p0,included_in_expand_p1,included_in_expand_p0,included_in_expand_p1,included_in_expand_p0,included_in_expand_p1,400.18,157.88,542.713,157.88,142.533,738.839,68194304,68194304,68194304,136388608,2,128,4096,64,262144,tcp_two_process_loopback; p0_server_p1_client; tcp_two_process;,all_N_times_m_coordinates,PASS
2026-07-23T01:21:12.466249+00:00,92541e97835cdf7b1979ebdd41e34c666bf3206e,RM_COORD,INCLUDING_BASE_OT,2305843009213693951,61,64,128,18,262144,64,16,-1,1,SKIPPED_NOT_IMPLEMENTED,skipped,SKIPPED,,,,,,,,,,,,,,,,,,,,,,,,,,,No integrated setup-inclusive RM_COORD TCP/local end-to-end harness exists in this checkout; coordinate PPRF is available only as an isolated component/local semantic ablation.,rm_coord_integrated_harness,SKIPPED
2026-07-23T01:21:12.466289+00:00,92541e97835cdf7b1979ebdd41e34c666bf3206e,RM_COORD,INCLUDING_BASE_OT,2305843009213693951,61,64,128,18,262144,64,16,0,0,SKIPPED_NOT_IMPLEMENTED,skipped,SKIPPED,,,,,,,,,,,,,,,,,,,,,,,,,,,No integrated setup-inclusive RM_COORD TCP/local end-to-end harness exists in this checkout; coordinate PPRF is available only as an isolated component/local semantic ablation.,rm_coord_integrated_harness,SKIPPED
2026-07-23T01:21:12.466297+00:00,92541e97835cdf7b1979ebdd41e34c666bf3206e,RM_VECTOR,INCLUDING_BASE_OT,2305843009213693951,61,64,128,18,262144,64,32,-1,1,OK,measured,PASS,tcp-loopback,470.566,360.79699999999997,0,0,included_in_expand_p0,included_in_expand_p1,included_in_expand_p0,included_in_expand_p1,included_in_expand_p0,included_in_expand_p1,736.734,291.68100000000004,1028.4150000000002,290.115,291.68100000000004,1413.159,68194304,68194304,68194304,136388608,2,128,4096,64,262144,tcp_two_process_loopback; p0_server_p1_client; tcp_two_process;,all_N_times_m_coordinates,PASS
2026-07-23T01:21:14.089911+00:00,92541e97835cdf7b1979ebdd41e34c666bf3206e,RM_VECTOR,INCLUDING_BASE_OT,2305843009213693951,61,64,128,18,262144,64,32,0,0,OK,measured,PASS,tcp-loopback,497.76,360.53200000000004,0,0,included_in_expand_p0,included_in_expand_p1,included_in_expand_p0,included_in_expand_p1,included_in_expand_p0,included_in_expand_p1,763.355,294.153,1055.5410000000002,294.153,292.186,1444.631,68194304,68194304,68194304,136388608,2,128,4096,64,262144,tcp_two_process_loopback; p0_server_p1_client; tcp_two_process;,all_N_times_m_coordinates,PASS
2026-07-23T01:21:15.763043+00:00,92541e97835cdf7b1979ebdd41e34c666bf3206e,RM_COORD,INCLUDING_BASE_OT,2305843009213693951,61,64,128,18,262144,64,32,-1,1,SKIPPED_NOT_IMPLEMENTED,skipped,SKIPPED,,,,,,,,,,,,,,,,,,,,,,,,,,,No integrated setup-inclusive RM_COORD TCP/local end-to-end harness exists in this checkout; coordinate PPRF is available only as an isolated component/local semantic ablation.,rm_coord_integrated_harness,SKIPPED
2026-07-23T01:21:15.763086+00:00,92541e97835cdf7b1979ebdd41e34c666bf3206e,RM_COORD,INCLUDING_BASE_OT,2305843009213693951,61,64,128,18,262144,64,32,0,0,SKIPPED_NOT_IMPLEMENTED,skipped,SKIPPED,,,,,,,,,,,,,,,,,,,,,,,,,,,No integrated setup-inclusive RM_COORD TCP/local end-to-end harness exists in this checkout; coordinate PPRF is available only as an isolated component/local semantic ablation.,rm_coord_integrated_harness,SKIPPED
2026-07-23T01:21:15.763098+00:00,92541e97835cdf7b1979ebdd41e34c666bf3206e,RM_VECTOR,INCLUDING_BASE_OT,2305843009213693951,61,64,128,20,1048576,64,8,-1,1,OK,measured,PASS,tcp-loopback,300.323,321.087,0,0,included_in_expand_p0,included_in_expand_p1,included_in_expand_p0,included_in_expand_p1,included_in_expand_p0,included_in_expand_p1,606.149,344.19899999999996,916.971,344.19899999999996,310.822,1276.431,68194304,68194304,68194304,136388608,2,128,16384,64,1048576,tcp_two_process_loopback; p0_server_p1_client; tcp_two_process;,all_N_times_m_coordinates,PASS
2026-07-23T01:21:17.302303+00:00,92541e97835cdf7b1979ebdd41e34c666bf3206e,RM_VECTOR,INCLUDING_BASE_OT,2305843009213693951,61,64,128,20,1048576,64,8,0,0,OK,measured,PASS,tcp-loopback,299.58299999999997,310.554,0,0,included_in_expand_p0,included_in_expand_p1,included_in_expand_p0,included_in_expand_p1,included_in_expand_p0,included_in_expand_p1,594.1809999999999,356.768,913.472,356.768,319.291,1286.196,68194304,68194304,68194304,136388608,2,128,16384,64,1048576,tcp_two_process_loopback; p0_server_p1_client; tcp_two_process;,all_N_times_m_coordinates,PASS
2026-07-23T01:21:18.851869+00:00,92541e97835cdf7b1979ebdd41e34c666bf3206e,RM_COORD,INCLUDING_BASE_OT,2305843009213693951,61,64,128,20,1048576,64,8,-1,1,SKIPPED_NOT_IMPLEMENTED,skipped,SKIPPED,,,,,,,,,,,,,,,,,,,,,,,,,,,No integrated setup-inclusive RM_COORD TCP/local end-to-end harness exists in this checkout; coordinate PPRF is available only as an isolated component/local semantic ablation.,rm_coord_integrated_harness,SKIPPED
2026-07-23T01:21:18.851910+00:00,92541e97835cdf7b1979ebdd41e34c666bf3206e,RM_COORD,INCLUDING_BASE_OT,2305843009213693951,61,64,128,20,1048576,64,8,0,0,SKIPPED_NOT_IMPLEMENTED,skipped,SKIPPED,,,,,,,,,,,,,,,,,,,,,,,,,,,No integrated setup-inclusive RM_COORD TCP/local end-to-end harness exists in this checkout; coordinate PPRF is available only as an isolated component/local semantic ablation.,rm_coord_integrated_harness,SKIPPED
2026-07-23T01:21:18.851917+00:00,92541e97835cdf7b1979ebdd41e34c666bf3206e,RM_VECTOR,INCLUDING_BASE_OT,2305843009213693951,61,64,128,20,1048576,64,16,-1,1,OK,measured,PASS,tcp-loopback,420.07800000000003,518.806,0,0,included_in_expand_p0,included_in_expand_p1,included_in_expand_p0,included_in_expand_p1,included_in_expand_p0,included_in_expand_p1,887.505,861.687,1559.656,861.687,672.1510000000001,2472.7219999999998,68194304,68194304,68194304,136388608,2,128,16384,64,1048576,tcp_two_process_loopback; p0_server_p1_client; tcp_two_process;,all_N_times_m_coordinates,PASS
2026-07-23T01:21:21.492528+00:00,92541e97835cdf7b1979ebdd41e34c666bf3206e,RM_VECTOR,INCLUDING_BASE_OT,2305843009213693951,61,64,128,20,1048576,64,16,0,0,OK,measured,PASS,tcp-loopback,416.935,518.51,0,0,included_in_expand_p0,included_in_expand_p1,included_in_expand_p0,included_in_expand_p1,included_in_expand_p0,included_in_expand_p1,892.083,704.666,1564.853,704.666,672.77,2312.881,68194304,68194304,68194304,136388608,2,128,16384,64,1048576,tcp_two_process_loopback; p0_server_p1_client; tcp_two_process;,all_N_times_m_coordinates,PASS
2026-07-23T01:21:23.943382+00:00,92541e97835cdf7b1979ebdd41e34c666bf3206e,RM_COORD,INCLUDING_BASE_OT,2305843009213693951,61,64,128,20,1048576,64,16,-1,1,SKIPPED_NOT_IMPLEMENTED,skipped,SKIPPED,,,,,,,,,,,,,,,,,,,,,,,,,,,No integrated setup-inclusive RM_COORD TCP/local end-to-end harness exists in this checkout; coordinate PPRF is available only as an isolated component/local semantic ablation.,rm_coord_integrated_harness,SKIPPED
2026-07-23T01:21:23.943424+00:00,92541e97835cdf7b1979ebdd41e34c666bf3206e,RM_COORD,INCLUDING_BASE_OT,2305843009213693951,61,64,128,20,1048576,64,16,0,0,SKIPPED_NOT_IMPLEMENTED,skipped,SKIPPED,,,,,,,,,,,,,,,,,,,,,,,,,,,No integrated setup-inclusive RM_COORD TCP/local end-to-end harness exists in this checkout; coordinate PPRF is available only as an isolated component/local semantic ablation.,rm_coord_integrated_harness,SKIPPED
2026-07-23T01:21:23.943434+00:00,92541e97835cdf7b1979ebdd41e34c666bf3206e,RM_VECTOR,INCLUDING_BASE_OT,2305843009213693951,61,64,128,20,1048576,64,32,-1,1,OK,measured,PASS,tcp-loopback,661.2940000000001,940.747,0,0,included_in_expand_p0,included_in_expand_p1,included_in_expand_p0,included_in_expand_p1,included_in_expand_p0,included_in_expand_p1,1461.904,1862.284,3324.189,1724.184,1862.284,5188.509,68194304,68194304,68194304,136388608,2,128,16384,64,1048576,tcp_two_process_loopback; p0_server_p1_client; tcp_two_process;,all_N_times_m_coordinates,PASS
2026-07-23T01:21:28.808841+00:00,92541e97835cdf7b1979ebdd41e34c666bf3206e,RM_VECTOR,INCLUDING_BASE_OT,2305843009213693951,61,64,128,20,1048576,64,32,0,0,OK,measured,PASS,tcp-loopback,669.289,920.408,0,0,included_in_expand_p0,included_in_expand_p1,included_in_expand_p0,included_in_expand_p1,included_in_expand_p0,included_in_expand_p1,1457.5800000000002,1559.5140000000001,3017.094,1441.713,1559.5140000000001,4590.924,68194304,68194304,68194304,136388608,2,128,16384,64,1048576,tcp_two_process_loopback; p0_server_p1_client; tcp_two_process;,all_N_times_m_coordinates,PASS
2026-07-23T01:21:33.347844+00:00,92541e97835cdf7b1979ebdd41e34c666bf3206e,RM_COORD,INCLUDING_BASE_OT,2305843009213693951,61,64,128,20,1048576,64,32,-1,1,SKIPPED_NOT_IMPLEMENTED,skipped,SKIPPED,,,,,,,,,,,,,,,,,,,,,,,,,,,No integrated setup-inclusive RM_COORD TCP/local end-to-end harness exists in this checkout; coordinate PPRF is available only as an isolated component/local semantic ablation.,rm_coord_integrated_harness,SKIPPED
2026-07-23T01:21:33.347891+00:00,92541e97835cdf7b1979ebdd41e34c666bf3206e,RM_COORD,INCLUDING_BASE_OT,2305843009213693951,61,64,128,20,1048576,64,32,0,0,SKIPPED_NOT_IMPLEMENTED,skipped,SKIPPED,,,,,,,,,,,,,,,,,,,,,,,,,,,No integrated setup-inclusive RM_COORD TCP/local end-to-end harness exists in this checkout; coordinate PPRF is available only as an isolated component/local semantic ablation.,rm_coord_integrated_harness,SKIPPED
2026-07-23T01:21:33.354111+00:00,92541e97835cdf7b1979ebdd41e34c666bf3206e,DIRECT_NOISY_SVOLE,INCLUDING_BASE_OT,2305843009213693951,61,64,128,12,4096,64,8,0,0,SKIPPED_NOT_IMPLEMENTED,skipped,SKIPPED,,,,,,,,,,,,0,0,0,,,,,,,,,,,,,direct fixed-prime TCP/local harness was not added in this run,direct_noisy_svole,SKIPPED
2026-07-23T01:21:33.354140+00:00,92541e97835cdf7b1979ebdd41e34c666bf3206e,DIRECT_NOISY_SVOLE,INCLUDING_BASE_OT,2305843009213693951,61,64,128,12,4096,64,16,0,0,SKIPPED_NOT_IMPLEMENTED,skipped,SKIPPED,,,,,,,,,,,,0,0,0,,,,,,,,,,,,,direct fixed-prime TCP/local harness was not added in this run,direct_noisy_svole,SKIPPED
2026-07-23T01:21:33.354149+00:00,92541e97835cdf7b1979ebdd41e34c666bf3206e,DIRECT_NOISY_SVOLE,INCLUDING_BASE_OT,2305843009213693951,61,64,128,12,4096,64,32,0,0,SKIPPED_NOT_IMPLEMENTED,skipped,SKIPPED,,,,,,,,,,,,0,0,0,,,,,,,,,,,,,direct fixed-prime TCP/local harness was not added in this run,direct_noisy_svole,SKIPPED
2026-07-23T01:21:33.354155+00:00,92541e97835cdf7b1979ebdd41e34c666bf3206e,DIRECT_NOISY_SVOLE,INCLUDING_BASE_OT,2305843009213693951,61,64,128,14,16384,64,8,0,0,SKIPPED_NOT_IMPLEMENTED,skipped,SKIPPED,,,,,,,,,,,,0,0,0,,,,,,,,,,,,,direct fixed-prime TCP/local harness was not added in this run,direct_noisy_svole,SKIPPED
2026-07-23T01:21:33.354161+00:00,92541e97835cdf7b1979ebdd41e34c666bf3206e,DIRECT_NOISY_SVOLE,INCLUDING_BASE_OT,2305843009213693951,61,64,128,14,16384,64,16,0,0,SKIPPED_NOT_IMPLEMENTED,skipped,SKIPPED,,,,,,,,,,,,0,0,0,,,,,,,,,,,,,direct fixed-prime TCP/local harness was not added in this run,direct_noisy_svole,SKIPPED
2026-07-23T01:21:33.354167+00:00,92541e97835cdf7b1979ebdd41e34c666bf3206e,DIRECT_NOISY_SVOLE,INCLUDING_BASE_OT,2305843009213693951,61,64,128,14,16384,64,32,0,0,SKIPPED_RESOURCE_LIMIT,skipped,SKIPPED,,,,,,,,,,,,0,0,0,,,,,,,,,,,,,predicted network traffic exceeds 4 GiB per trial,direct_noisy_svole,SKIPPED
2026-07-23T01:21:33.354174+00:00,92541e97835cdf7b1979ebdd41e34c666bf3206e,DIRECT_NOISY_SVOLE,INCLUDING_BASE_OT,2305843009213693951,61,64,128,16,65536,64,8,0,0,SKIPPED_NOT_IMPLEMENTED,skipped,SKIPPED,,,,,,,,,,,,0,0,0,,,,,,,,,,,,,direct fixed-prime TCP/local harness was not added in this run,direct_noisy_svole,SKIPPED
2026-07-23T01:21:33.354180+00:00,92541e97835cdf7b1979ebdd41e34c666bf3206e,DIRECT_NOISY_SVOLE,INCLUDING_BASE_OT,2305843009213693951,61,64,128,16,65536,64,16,0,0,SKIPPED_RESOURCE_LIMIT,skipped,SKIPPED,,,,,,,,,,,,0,0,0,,,,,,,,,,,,,predicted network traffic exceeds 4 GiB per trial,direct_noisy_svole,SKIPPED
2026-07-23T01:21:33.354186+00:00,92541e97835cdf7b1979ebdd41e34c666bf3206e,DIRECT_NOISY_SVOLE,INCLUDING_BASE_OT,2305843009213693951,61,64,128,16,65536,64,32,0,0,SKIPPED_RESOURCE_LIMIT,skipped,SKIPPED,,,,,,,,,,,,0,0,0,,,,,,,,,,,,,predicted network traffic exceeds 4 GiB per trial,direct_noisy_svole,SKIPPED
2026-07-23T01:21:33.354194+00:00,92541e97835cdf7b1979ebdd41e34c666bf3206e,DIRECT_NOISY_SVOLE,INCLUDING_BASE_OT,2305843009213693951,61,64,128,18,262144,64,8,0,0,SKIPPED_RESOURCE_LIMIT,skipped,SKIPPED,,,,,,,,,,,,0,0,0,,,,,,,,,,,,,predicted network traffic exceeds 4 GiB per trial,direct_noisy_svole,SKIPPED
2026-07-23T01:21:33.354200+00:00,92541e97835cdf7b1979ebdd41e34c666bf3206e,DIRECT_NOISY_SVOLE,INCLUDING_BASE_OT,2305843009213693951,61,64,128,18,262144,64,16,0,0,SKIPPED_RESOURCE_LIMIT,skipped,SKIPPED,,,,,,,,,,,,0,0,0,,,,,,,,,,,,,predicted network traffic exceeds 4 GiB per trial,direct_noisy_svole,SKIPPED
2026-07-23T01:21:33.354205+00:00,92541e97835cdf7b1979ebdd41e34c666bf3206e,DIRECT_NOISY_SVOLE,INCLUDING_BASE_OT,2305843009213693951,61,64,128,18,262144,64,32,0,0,SKIPPED_RESOURCE_LIMIT,skipped,SKIPPED,,,,,,,,,,,,0,0,0,,,,,,,,,,,,,predicted network traffic exceeds 4 GiB per trial,direct_noisy_svole,SKIPPED
2026-07-23T01:21:33.354211+00:00,92541e97835cdf7b1979ebdd41e34c666bf3206e,DIRECT_NOISY_SVOLE,INCLUDING_BASE_OT,2305843009213693951,61,64,128,20,1048576,64,8,0,0,SKIPPED_RESOURCE_LIMIT,skipped,SKIPPED,,,,,,,,,,,,0,0,0,,,,,,,,,,,,,predicted network traffic exceeds 4 GiB per trial,direct_noisy_svole,SKIPPED
2026-07-23T01:21:33.354216+00:00,92541e97835cdf7b1979ebdd41e34c666bf3206e,DIRECT_NOISY_SVOLE,INCLUDING_BASE_OT,2305843009213693951,61,64,128,20,1048576,64,16,0,0,SKIPPED_RESOURCE_LIMIT,skipped,SKIPPED,,,,,,,,,,,,0,0,0,,,,,,,,,,,,,predicted network traffic exceeds 4 GiB per trial,direct_noisy_svole,SKIPPED
2026-07-23T01:21:33.354223+00:00,92541e97835cdf7b1979ebdd41e34c666bf3206e,DIRECT_NOISY_SVOLE,INCLUDING_BASE_OT,2305843009213693951,61,64,128,20,1048576,64,32,0,0,SKIPPED_MEMORY_LIMIT,skipped,SKIPPED,,,,,,,,,,,,0,0,0,,,,,,,,,,,,,predicted peak RSS exceeds 70% of available RAM,direct_noisy_svole,SKIPPED
