backend,m,metric,count,median,mean,stddev,q25,q75,min,max
SPLIT_COEFF_OT,16,total_wall_ms,10,34.1320009902,34.25794336945,0.3269868058906432,34.0378764085,34.4943860546,33.8466269895,34.9131948315
SPLIT_COEFF_OT,16,total_comm_bytes,10,2378096.0,2378096.0,0.0,2378096.0,2378096.0,2378096.0,2378096.0
SPLIT_COEFF_OT,16,payload_bytes,10,2373656.0,2373656.0,0.0,2373656.0,2373656.0,2373656.0,2373656.0
SPLIT_COEFF_OT,32,total_wall_ms,10,38.28277997675,38.49496846087,1.111365201205559,37.6878362149,38.362808991200005,37.450043018900004,41.3555512205
SPLIT_COEFF_OT,32,total_comm_bytes,10,4376944.0,4376944.0,0.0,4376944.0,4376944.0,4376944.0,4376944.0
SPLIT_COEFF_OT,32,payload_bytes,10,4372504.0,4372504.0,0.0,4372504.0,4372504.0,4372504.0,4372504.0
SPLIT_COEFF_OT,8,total_wall_ms,10,32.259426079700006,32.61490762235,1.7680995088640985,30.9572606348,34.0543757193,30.8327591047,36.3572817296
SPLIT_COEFF_OT,8,total_comm_bytes,10,1378672.0,1378672.0,0.0,1378672.0,1378672.0,1378672.0,1378672.0
SPLIT_COEFF_OT,8,payload_bytes,10,1374232.0,1374232.0,0.0,1374232.0,1374232.0,1374232.0,1374232.0
