timestamp,benchmark_source_commit,comparison,logN,N,m,requested_length,actual_exconv_generated_length,runtime_ms,ns_per_output_coordinate,ns_per_base_field_output_entry,memory_traffic_estimate_bytes,field_additions,base_scalar_multiplications,status
2026-07-26T06:15:57.493059+00:00,4a917afb6ebeca9bce885fae7f25d0ac0264ecb6,libOTe ExConv7x24 dual encoding,12,4096,8,4096,4096,57.618,1758.36181640625,1758.36181640625,8126472,not_instrumented,not_instrumented,OK
2026-07-26T06:15:57.493071+00:00,4a917afb6ebeca9bce885fae7f25d0ac0264ecb6,libOTe ExConv7x24 dual encoding,12,4096,8,4096,4096,58.573,1787.506103515625,1787.506103515625,8126472,not_instrumented,not_instrumented,OK
2026-07-26T06:15:57.493078+00:00,4a917afb6ebeca9bce885fae7f25d0ac0264ecb6,libOTe ExConv7x24 dual encoding,12,4096,8,4096,4096,57.548,1756.2255859375,1756.2255859375,8126472,not_instrumented,not_instrumented,OK
2026-07-26T06:15:57.493084+00:00,4a917afb6ebeca9bce885fae7f25d0ac0264ecb6,libOTe ExConv7x24 dual encoding,12,4096,8,4096,4096,58.024,1770.751953125,1770.751953125,8126472,not_instrumented,not_instrumented,OK
2026-07-26T06:15:57.493091+00:00,4a917afb6ebeca9bce885fae7f25d0ac0264ecb6,libOTe ExConv7x24 dual encoding,12,4096,8,4096,4096,58.026,1770.81298828125,1770.81298828125,8126472,not_instrumented,not_instrumented,OK
2026-07-26T06:15:57.493098+00:00,4a917afb6ebeca9bce885fae7f25d0ac0264ecb6,libOTe ExConv7x24 dual encoding,12,4096,8,4096,4096,57.923,1767.669677734375,1767.669677734375,8126472,not_instrumented,not_instrumented,OK
2026-07-26T06:15:57.493104+00:00,4a917afb6ebeca9bce885fae7f25d0ac0264ecb6,libOTe ExConv7x24 dual encoding,12,4096,8,4096,4096,59.21,1806.94580078125,1806.94580078125,8126472,not_instrumented,not_instrumented,OK
2026-07-26T06:15:57.493112+00:00,4a917afb6ebeca9bce885fae7f25d0ac0264ecb6,libOTe ExConv7x24 dual encoding,12,4096,8,4096,4096,58.245,1777.496337890625,1777.496337890625,8126472,not_instrumented,not_instrumented,OK
2026-07-26T06:15:57.493120+00:00,4a917afb6ebeca9bce885fae7f25d0ac0264ecb6,libOTe ExConv7x24 dual encoding,12,4096,8,4096,4096,58.181999999999995,1775.5737304687498,1775.5737304687498,8126472,not_instrumented,not_instrumented,OK
2026-07-26T06:15:57.493127+00:00,4a917afb6ebeca9bce885fae7f25d0ac0264ecb6,libOTe ExConv7x24 dual encoding,12,4096,8,4096,4096,58.501,1785.308837890625,1785.308837890625,8126472,not_instrumented,not_instrumented,OK
2026-07-26T06:15:57.493133+00:00,4a917afb6ebeca9bce885fae7f25d0ac0264ecb6,libOTe ExConv7x24 dual encoding,12,4096,8,4096,4096,58.271,1778.289794921875,1778.289794921875,8126472,not_instrumented,not_instrumented,OK
2026-07-26T06:15:57.493142+00:00,4a917afb6ebeca9bce885fae7f25d0ac0264ecb6,libOTe ExConv7x24 dual encoding,12,4096,16,4096,4096,89.68900000000001,1368.5455322265625,1368.5455322265625,32505864,not_instrumented,not_instrumented,OK
2026-07-26T06:15:57.493149+00:00,4a917afb6ebeca9bce885fae7f25d0ac0264ecb6,libOTe ExConv7x24 dual encoding,12,4096,16,4096,4096,88.87299999999999,1356.0943603515623,1356.0943603515623,32505864,not_instrumented,not_instrumented,OK
2026-07-26T06:15:57.493155+00:00,4a917afb6ebeca9bce885fae7f25d0ac0264ecb6,libOTe ExConv7x24 dual encoding,12,4096,16,4096,4096,89.756,1369.56787109375,1369.56787109375,32505864,not_instrumented,not_instrumented,OK
2026-07-26T06:15:57.493164+00:00,4a917afb6ebeca9bce885fae7f25d0ac0264ecb6,libOTe ExConv7x24 dual encoding,12,4096,16,4096,4096,89.78899999999999,1370.0714111328123,1370.0714111328123,32505864,not_instrumented,not_instrumented,OK
2026-07-26T06:15:57.493171+00:00,4a917afb6ebeca9bce885fae7f25d0ac0264ecb6,libOTe ExConv7x24 dual encoding,12,4096,16,4096,4096,89.628,1367.61474609375,1367.61474609375,32505864,not_instrumented,not_instrumented,OK
2026-07-26T06:15:57.493177+00:00,4a917afb6ebeca9bce885fae7f25d0ac0264ecb6,libOTe ExConv7x24 dual encoding,12,4096,16,4096,4096,89.117,1359.8175048828125,1359.8175048828125,32505864,not_instrumented,not_instrumented,OK
2026-07-26T06:15:57.493184+00:00,4a917afb6ebeca9bce885fae7f25d0ac0264ecb6,libOTe ExConv7x24 dual encoding,12,4096,16,4096,4096,89.409,1364.2730712890625,1364.2730712890625,32505864,not_instrumented,not_instrumented,OK
2026-07-26T06:15:57.493192+00:00,4a917afb6ebeca9bce885fae7f25d0ac0264ecb6,libOTe ExConv7x24 dual encoding,12,4096,16,4096,4096,89.734,1369.232177734375,1369.232177734375,32505864,not_instrumented,not_instrumented,OK
2026-07-26T06:15:57.493199+00:00,4a917afb6ebeca9bce885fae7f25d0ac0264ecb6,libOTe ExConv7x24 dual encoding,12,4096,16,4096,4096,90.585,1382.2174072265625,1382.2174072265625,32505864,not_instrumented,not_instrumented,OK
2026-07-26T06:15:57.493205+00:00,4a917afb6ebeca9bce885fae7f25d0ac0264ecb6,libOTe ExConv7x24 dual encoding,12,4096,16,4096,4096,90.18299999999999,1376.0833740234375,1376.0833740234375,32505864,not_instrumented,not_instrumented,OK
2026-07-26T06:15:57.493215+00:00,4a917afb6ebeca9bce885fae7f25d0ac0264ecb6,libOTe ExConv7x24 dual encoding,12,4096,16,4096,4096,89.90299999999999,1371.8109130859373,1371.8109130859373,32505864,not_instrumented,not_instrumented,OK
2026-07-26T06:15:57.493221+00:00,4a917afb6ebeca9bce885fae7f25d0ac0264ecb6,libOTe ExConv7x24 dual encoding,12,4096,32,4096,4096,230.4,1757.8125,1757.8125,130023432,not_instrumented,not_instrumented,OK
2026-07-26T06:15:57.493228+00:00,4a917afb6ebeca9bce885fae7f25d0ac0264ecb6,libOTe ExConv7x24 dual encoding,12,4096,32,4096,4096,230.526,1758.7738037109375,1758.7738037109375,130023432,not_instrumented,not_instrumented,OK
2026-07-26T06:15:57.493234+00:00,4a917afb6ebeca9bce885fae7f25d0ac0264ecb6,libOTe ExConv7x24 dual encoding,12,4096,32,4096,4096,230.326,1757.2479248046875,1757.2479248046875,130023432,not_instrumented,not_instrumented,OK
2026-07-26T06:15:57.493243+00:00,4a917afb6ebeca9bce885fae7f25d0ac0264ecb6,libOTe ExConv7x24 dual encoding,12,4096,32,4096,4096,229.439,1750.4806518554688,1750.4806518554688,130023432,not_instrumented,not_instrumented,OK
2026-07-26T06:15:57.493250+00:00,4a917afb6ebeca9bce885fae7f25d0ac0264ecb6,libOTe ExConv7x24 dual encoding,12,4096,32,4096,4096,230.86599999999999,1761.3677978515625,1761.3677978515625,130023432,not_instrumented,not_instrumented,OK
2026-07-26T06:15:57.493257+00:00,4a917afb6ebeca9bce885fae7f25d0ac0264ecb6,libOTe ExConv7x24 dual encoding,12,4096,32,4096,4096,230.77900000000002,1760.704040527344,1760.704040527344,130023432,not_instrumented,not_instrumented,OK
2026-07-26T06:15:57.493266+00:00,4a917afb6ebeca9bce885fae7f25d0ac0264ecb6,libOTe ExConv7x24 dual encoding,12,4096,32,4096,4096,230.673,1759.8953247070312,1759.8953247070312,130023432,not_instrumented,not_instrumented,OK
2026-07-26T06:15:57.493272+00:00,4a917afb6ebeca9bce885fae7f25d0ac0264ecb6,libOTe ExConv7x24 dual encoding,12,4096,32,4096,4096,231.843,1768.8217163085938,1768.8217163085938,130023432,not_instrumented,not_instrumented,OK
2026-07-26T06:15:57.493279+00:00,4a917afb6ebeca9bce885fae7f25d0ac0264ecb6,libOTe ExConv7x24 dual encoding,12,4096,32,4096,4096,231.064,1762.87841796875,1762.87841796875,130023432,not_instrumented,not_instrumented,OK
2026-07-26T06:15:57.493286+00:00,4a917afb6ebeca9bce885fae7f25d0ac0264ecb6,libOTe ExConv7x24 dual encoding,12,4096,32,4096,4096,233.212,1779.266357421875,1779.266357421875,130023432,not_instrumented,not_instrumented,OK
2026-07-26T06:15:57.493294+00:00,4a917afb6ebeca9bce885fae7f25d0ac0264ecb6,libOTe ExConv7x24 dual encoding,12,4096,32,4096,4096,231.482,1766.0675048828125,1766.0675048828125,130023432,not_instrumented,not_instrumented,OK
2026-07-26T06:15:57.493301+00:00,4a917afb6ebeca9bce885fae7f25d0ac0264ecb6,libOTe ExConv7x24 dual encoding,14,16384,8,16384,16384,105.62299999999999,805.8395385742186,805.8395385742186,8126472,not_instrumented,not_instrumented,OK
2026-07-26T06:15:57.493307+00:00,4a917afb6ebeca9bce885fae7f25d0ac0264ecb6,libOTe ExConv7x24 dual encoding,14,16384,8,16384,16384,104.837,799.8428344726562,799.8428344726562,8126472,not_instrumented,not_instrumented,OK
2026-07-26T06:15:57.493315+00:00,4a917afb6ebeca9bce885fae7f25d0ac0264ecb6,libOTe ExConv7x24 dual encoding,14,16384,8,16384,16384,105.62100000000001,805.8242797851564,805.8242797851564,8126472,not_instrumented,not_instrumented,OK
2026-07-26T06:15:57.493322+00:00,4a917afb6ebeca9bce885fae7f25d0ac0264ecb6,libOTe ExConv7x24 dual encoding,14,16384,8,16384,16384,105.462,804.6112060546875,804.6112060546875,8126472,not_instrumented,not_instrumented,OK
2026-07-26T06:15:57.493328+00:00,4a917afb6ebeca9bce885fae7f25d0ac0264ecb6,libOTe ExConv7x24 dual encoding,14,16384,8,16384,16384,106.001,808.7234497070312,808.7234497070312,8126472,not_instrumented,not_instrumented,OK
2026-07-26T06:15:57.493339+00:00,4a917afb6ebeca9bce885fae7f25d0ac0264ecb6,libOTe ExConv7x24 dual encoding,14,16384,8,16384,16384,105.534,805.1605224609375,805.1605224609375,8126472,not_instrumented,not_instrumented,OK
2026-07-26T06:15:57.493346+00:00,4a917afb6ebeca9bce885fae7f25d0ac0264ecb6,libOTe ExConv7x24 dual encoding,14,16384,8,16384,16384,101.451,774.0097045898438,774.0097045898438,8126472,not_instrumented,not_instrumented,OK
2026-07-26T06:15:57.493352+00:00,4a917afb6ebeca9bce885fae7f25d0ac0264ecb6,libOTe ExConv7x24 dual encoding,14,16384,8,16384,16384,102.84400000000001,784.6374511718751,784.6374511718751,8126472,not_instrumented,not_instrumented,OK
2026-07-26T06:15:57.493359+00:00,4a917afb6ebeca9bce885fae7f25d0ac0264ecb6,libOTe ExConv7x24 dual encoding,14,16384,8,16384,16384,105.116,801.971435546875,801.971435546875,8126472,not_instrumented,not_instrumented,OK
2026-07-26T06:15:57.493367+00:00,4a917afb6ebeca9bce885fae7f25d0ac0264ecb6,libOTe ExConv7x24 dual encoding,14,16384,8,16384,16384,106.004,808.746337890625,808.746337890625,8126472,not_instrumented,not_instrumented,OK
2026-07-26T06:15:57.493376+00:00,4a917afb6ebeca9bce885fae7f25d0ac0264ecb6,libOTe ExConv7x24 dual encoding,14,16384,8,16384,16384,103.937,792.9763793945312,792.9763793945312,8126472,not_instrumented,not_instrumented,OK
2026-07-26T06:15:57.493382+00:00,4a917afb6ebeca9bce885fae7f25d0ac0264ecb6,libOTe ExConv7x24 dual encoding,14,16384,16,16384,16384,112.697,429.9049377441406,429.9049377441406,32688640,not_instrumented,not_instrumented,OK
2026-07-26T06:15:57.493391+00:00,4a917afb6ebeca9bce885fae7f25d0ac0264ecb6,libOTe ExConv7x24 dual encoding,14,16384,16,16384,16384,115.617,441.0438537597656,441.0438537597656,32688640,not_instrumented,not_instrumented,OK
2026-07-26T06:15:57.493399+00:00,4a917afb6ebeca9bce885fae7f25d0ac0264ecb6,libOTe ExConv7x24 dual encoding,14,16384,16,16384,16384,116.066,442.75665283203125,442.75665283203125,32688640,not_instrumented,not_instrumented,OK
2026-07-26T06:15:57.493405+00:00,4a917afb6ebeca9bce885fae7f25d0ac0264ecb6,libOTe ExConv7x24 dual encoding,14,16384,16,16384,16384,113.051,431.2553405761719,431.2553405761719,32688640,not_instrumented,not_instrumented,OK
2026-07-26T06:15:57.493412+00:00,4a917afb6ebeca9bce885fae7f25d0ac0264ecb6,libOTe ExConv7x24 dual encoding,14,16384,16,16384,16384,112.21499999999999,428.0662536621093,428.0662536621093,32688640,not_instrumented,not_instrumented,OK
2026-07-26T06:15:57.493420+00:00,4a917afb6ebeca9bce885fae7f25d0ac0264ecb6,libOTe ExConv7x24 dual encoding,14,16384,16,16384,16384,113.096,431.427001953125,431.427001953125,32688640,not_instrumented,not_instrumented,OK
2026-07-26T06:15:57.493427+00:00,4a917afb6ebeca9bce885fae7f25d0ac0264ecb6,libOTe ExConv7x24 dual encoding,14,16384,16,16384,16384,116.23400000000001,443.3975219726563,443.3975219726563,32688640,not_instrumented,not_instrumented,OK
2026-07-26T06:15:57.493433+00:00,4a917afb6ebeca9bce885fae7f25d0ac0264ecb6,libOTe ExConv7x24 dual encoding,14,16384,16,16384,16384,112.389,428.7300109863281,428.7300109863281,32688640,not_instrumented,not_instrumented,OK
2026-07-26T06:15:57.493441+00:00,4a917afb6ebeca9bce885fae7f25d0ac0264ecb6,libOTe ExConv7x24 dual encoding,14,16384,16,16384,16384,113.99900000000001,434.87167358398443,434.87167358398443,32688640,not_instrumented,not_instrumented,OK
2026-07-26T06:15:57.493447+00:00,4a917afb6ebeca9bce885fae7f25d0ac0264ecb6,libOTe ExConv7x24 dual encoding,14,16384,16,16384,16384,116.395,444.0116882324219,444.0116882324219,32688640,not_instrumented,not_instrumented,OK
2026-07-26T06:15:57.493466+00:00,4a917afb6ebeca9bce885fae7f25d0ac0264ecb6,libOTe ExConv7x24 dual encoding,14,16384,16,16384,16384,113.20700000000001,431.85043334960943,431.85043334960943,32688640,not_instrumented,not_instrumented,OK
2026-07-26T06:15:57.493472+00:00,4a917afb6ebeca9bce885fae7f25d0ac0264ecb6,libOTe ExConv7x24 dual encoding,14,16384,32,16384,16384,256.79400000000004,489.7956848144532,489.7956848144532,130333184,not_instrumented,not_instrumented,OK
2026-07-26T06:15:57.493480+00:00,4a917afb6ebeca9bce885fae7f25d0ac0264ecb6,libOTe ExConv7x24 dual encoding,14,16384,32,16384,16384,257.164,490.50140380859375,490.50140380859375,130333184,not_instrumented,not_instrumented,OK
2026-07-26T06:15:57.493486+00:00,4a917afb6ebeca9bce885fae7f25d0ac0264ecb6,libOTe ExConv7x24 dual encoding,14,16384,32,16384,16384,255.814,487.9264831542969,487.9264831542969,130333184,not_instrumented,not_instrumented,OK
2026-07-26T06:15:57.493493+00:00,4a917afb6ebeca9bce885fae7f25d0ac0264ecb6,libOTe ExConv7x24 dual encoding,14,16384,32,16384,16384,256.524,489.28070068359375,489.28070068359375,130333184,not_instrumented,not_instrumented,OK
2026-07-26T06:15:57.493500+00:00,4a917afb6ebeca9bce885fae7f25d0ac0264ecb6,libOTe ExConv7x24 dual encoding,14,16384,32,16384,16384,256.699,489.61448669433594,489.61448669433594,130333184,not_instrumented,not_instrumented,OK
2026-07-26T06:15:57.493507+00:00,4a917afb6ebeca9bce885fae7f25d0ac0264ecb6,libOTe ExConv7x24 dual encoding,14,16384,32,16384,16384,257.336,490.8294677734375,490.8294677734375,130333184,not_instrumented,not_instrumented,OK
2026-07-26T06:15:57.493512+00:00,4a917afb6ebeca9bce885fae7f25d0ac0264ecb6,libOTe ExConv7x24 dual encoding,14,16384,32,16384,16384,256.801,489.8090362548828,489.8090362548828,130333184,not_instrumented,not_instrumented,OK
2026-07-26T06:15:57.493521+00:00,4a917afb6ebeca9bce885fae7f25d0ac0264ecb6,libOTe ExConv7x24 dual encoding,14,16384,32,16384,16384,255.471,487.2722625732422,487.2722625732422,130333184,not_instrumented,not_instrumented,OK
2026-07-26T06:15:57.493527+00:00,4a917afb6ebeca9bce885fae7f25d0ac0264ecb6,libOTe ExConv7x24 dual encoding,14,16384,32,16384,16384,257.425,490.9992218017578,490.9992218017578,130333184,not_instrumented,not_instrumented,OK
2026-07-26T06:15:57.493534+00:00,4a917afb6ebeca9bce885fae7f25d0ac0264ecb6,libOTe ExConv7x24 dual encoding,14,16384,32,16384,16384,256.335,488.92021179199213,488.92021179199213,130333184,not_instrumented,not_instrumented,OK
2026-07-26T06:15:57.493542+00:00,4a917afb6ebeca9bce885fae7f25d0ac0264ecb6,libOTe ExConv7x24 dual encoding,14,16384,32,16384,16384,255.452,487.23602294921875,487.23602294921875,130333184,not_instrumented,not_instrumented,OK
2026-07-26T06:15:57.493548+00:00,4a917afb6ebeca9bce885fae7f25d0ac0264ecb6,libOTe ExConv7x24 dual encoding,16,65536,8,65536,65536,179.53,342.4263000488281,342.4263000488281,8261632,not_instrumented,not_instrumented,OK
2026-07-26T06:15:57.493554+00:00,4a917afb6ebeca9bce885fae7f25d0ac0264ecb6,libOTe ExConv7x24 dual encoding,16,65536,8,65536,65536,179.311,342.0085906982422,342.0085906982422,8261632,not_instrumented,not_instrumented,OK
2026-07-26T06:15:57.493561+00:00,4a917afb6ebeca9bce885fae7f25d0ac0264ecb6,libOTe ExConv7x24 dual encoding,16,65536,8,65536,65536,180.24699999999999,343.7938690185547,343.7938690185547,8261632,not_instrumented,not_instrumented,OK
2026-07-26T06:15:57.493570+00:00,4a917afb6ebeca9bce885fae7f25d0ac0264ecb6,libOTe ExConv7x24 dual encoding,16,65536,8,65536,65536,181.013,345.25489807128906,345.25489807128906,8261632,not_instrumented,not_instrumented,OK
2026-07-26T06:15:57.493576+00:00,4a917afb6ebeca9bce885fae7f25d0ac0264ecb6,libOTe ExConv7x24 dual encoding,16,65536,8,65536,65536,180.065,343.4467315673828,343.4467315673828,8261632,not_instrumented,not_instrumented,OK
2026-07-26T06:15:57.493582+00:00,4a917afb6ebeca9bce885fae7f25d0ac0264ecb6,libOTe ExConv7x24 dual encoding,16,65536,8,65536,65536,182.969,348.9856719970703,348.9856719970703,8261632,not_instrumented,not_instrumented,OK
2026-07-26T06:15:57.493591+00:00,4a917afb6ebeca9bce885fae7f25d0ac0264ecb6,libOTe ExConv7x24 dual encoding,16,65536,8,65536,65536,179.29700000000003,341.98188781738287,341.98188781738287,8261632,not_instrumented,not_instrumented,OK
2026-07-26T06:15:57.493597+00:00,4a917afb6ebeca9bce885fae7f25d0ac0264ecb6,libOTe ExConv7x24 dual encoding,16,65536,8,65536,65536,180.446,344.1734313964844,344.1734313964844,8261632,not_instrumented,not_instrumented,OK
2026-07-26T06:15:57.493606+00:00,4a917afb6ebeca9bce885fae7f25d0ac0264ecb6,libOTe ExConv7x24 dual encoding,16,65536,8,65536,65536,180.542,344.3565368652344,344.3565368652344,8261632,not_instrumented,not_instrumented,OK
2026-07-26T06:15:57.493614+00:00,4a917afb6ebeca9bce885fae7f25d0ac0264ecb6,libOTe ExConv7x24 dual encoding,16,65536,8,65536,65536,179.334,342.0524597167969,342.0524597167969,8261632,not_instrumented,not_instrumented,OK
2026-07-26T06:15:57.493620+00:00,4a917afb6ebeca9bce885fae7f25d0ac0264ecb6,libOTe ExConv7x24 dual encoding,16,65536,8,65536,65536,181.40800000000002,346.00830078125006,346.00830078125006,8261632,not_instrumented,not_instrumented,OK
2026-07-26T06:15:57.493626+00:00,4a917afb6ebeca9bce885fae7f25d0ac0264ecb6,libOTe ExConv7x24 dual encoding,16,65536,16,65536,65536,174.74,166.64505004882812,166.64505004882812,32704512,not_instrumented,not_instrumented,OK
2026-07-26T06:15:57.493632+00:00,4a917afb6ebeca9bce885fae7f25d0ac0264ecb6,libOTe ExConv7x24 dual encoding,16,65536,16,65536,65536,173.546,165.50636291503906,165.50636291503906,32704512,not_instrumented,not_instrumented,OK
2026-07-26T06:15:57.493641+00:00,4a917afb6ebeca9bce885fae7f25d0ac0264ecb6,libOTe ExConv7x24 dual encoding,16,65536,16,65536,65536,175.88400000000001,167.73605346679688,167.73605346679688,32704512,not_instrumented,not_instrumented,OK
2026-07-26T06:15:57.493649+00:00,4a917afb6ebeca9bce885fae7f25d0ac0264ecb6,libOTe ExConv7x24 dual encoding,16,65536,16,65536,65536,178.062,169.8131561279297,169.8131561279297,32704512,not_instrumented,not_instrumented,OK
2026-07-26T06:15:57.493655+00:00,4a917afb6ebeca9bce885fae7f25d0ac0264ecb6,libOTe ExConv7x24 dual encoding,16,65536,16,65536,65536,173.47299999999998,165.43674468994138,165.43674468994138,32704512,not_instrumented,not_instrumented,OK
2026-07-26T06:15:57.493664+00:00,4a917afb6ebeca9bce885fae7f25d0ac0264ecb6,libOTe ExConv7x24 dual encoding,16,65536,16,65536,65536,176.35700000000003,168.18714141845706,168.18714141845706,32704512,not_instrumented,not_instrumented,OK
2026-07-26T06:15:57.493670+00:00,4a917afb6ebeca9bce885fae7f25d0ac0264ecb6,libOTe ExConv7x24 dual encoding,16,65536,16,65536,65536,181.37300000000002,172.9707717895508,172.9707717895508,32704512,not_instrumented,not_instrumented,OK
2026-07-26T06:15:57.493676+00:00,4a917afb6ebeca9bce885fae7f25d0ac0264ecb6,libOTe ExConv7x24 dual encoding,16,65536,16,65536,65536,176.604,168.42269897460938,168.42269897460938,32704512,not_instrumented,not_instrumented,OK
2026-07-26T06:15:57.493682+00:00,4a917afb6ebeca9bce885fae7f25d0ac0264ecb6,libOTe ExConv7x24 dual encoding,16,65536,16,65536,65536,174.591,166.5029525756836,166.5029525756836,32704512,not_instrumented,not_instrumented,OK
2026-07-26T06:15:57.493690+00:00,4a917afb6ebeca9bce885fae7f25d0ac0264ecb6,libOTe ExConv7x24 dual encoding,16,65536,16,65536,65536,177.072,168.8690185546875,168.8690185546875,32704512,not_instrumented,not_instrumented,OK
2026-07-26T06:15:57.493697+00:00,4a917afb6ebeca9bce885fae7f25d0ac0264ecb6,libOTe ExConv7x24 dual encoding,16,65536,16,65536,65536,175.175,167.05989837646484,167.05989837646484,32704512,not_instrumented,not_instrumented,OK
2026-07-26T06:15:57.493705+00:00,4a917afb6ebeca9bce885fae7f25d0ac0264ecb6,libOTe ExConv7x24 dual encoding,16,65536,32,65536,65536,328.837,156.80170059204102,156.80170059204102,130349056,not_instrumented,not_instrumented,OK
2026-07-26T06:15:57.493711+00:00,4a917afb6ebeca9bce885fae7f25d0ac0264ecb6,libOTe ExConv7x24 dual encoding,16,65536,32,65536,65536,329.37,157.05585479736328,157.05585479736328,130349056,not_instrumented,not_instrumented,OK
2026-07-26T06:15:57.493718+00:00,4a917afb6ebeca9bce885fae7f25d0ac0264ecb6,libOTe ExConv7x24 dual encoding,16,65536,32,65536,65536,332.141,158.37717056274414,158.37717056274414,130349056,not_instrumented,not_instrumented,OK
2026-07-26T06:15:57.493724+00:00,4a917afb6ebeca9bce885fae7f25d0ac0264ecb6,libOTe ExConv7x24 dual encoding,16,65536,32,65536,65536,336.203,160.31408309936523,160.31408309936523,130349056,not_instrumented,not_instrumented,OK
2026-07-26T06:15:57.493732+00:00,4a917afb6ebeca9bce885fae7f25d0ac0264ecb6,libOTe ExConv7x24 dual encoding,16,65536,32,65536,65536,332.626,158.60843658447266,158.60843658447266,130349056,not_instrumented,not_instrumented,OK
2026-07-26T06:15:57.493737+00:00,4a917afb6ebeca9bce885fae7f25d0ac0264ecb6,libOTe ExConv7x24 dual encoding,16,65536,32,65536,65536,332.08,158.34808349609375,158.34808349609375,130349056,not_instrumented,not_instrumented,OK
2026-07-26T06:15:57.493743+00:00,4a917afb6ebeca9bce885fae7f25d0ac0264ecb6,libOTe ExConv7x24 dual encoding,16,65536,32,65536,65536,333.69,159.11579132080078,159.11579132080078,130349056,not_instrumented,not_instrumented,OK
2026-07-26T06:15:57.493749+00:00,4a917afb6ebeca9bce885fae7f25d0ac0264ecb6,libOTe ExConv7x24 dual encoding,16,65536,32,65536,65536,332.56,158.57696533203125,158.57696533203125,130349056,not_instrumented,not_instrumented,OK
2026-07-26T06:15:57.493756+00:00,4a917afb6ebeca9bce885fae7f25d0ac0264ecb6,libOTe ExConv7x24 dual encoding,16,65536,32,65536,65536,331.338,157.99427032470703,157.99427032470703,130349056,not_instrumented,not_instrumented,OK
2026-07-26T06:15:57.493762+00:00,4a917afb6ebeca9bce885fae7f25d0ac0264ecb6,libOTe ExConv7x24 dual encoding,16,65536,32,65536,65536,329.033,156.89516067504883,156.89516067504883,130349056,not_instrumented,not_instrumented,OK
2026-07-26T06:15:57.493768+00:00,4a917afb6ebeca9bce885fae7f25d0ac0264ecb6,libOTe ExConv7x24 dual encoding,16,65536,32,65536,65536,333.01599999999996,158.79440307617185,158.79440307617185,130349056,not_instrumented,not_instrumented,OK
2026-07-26T06:15:57.493776+00:00,4a917afb6ebeca9bce885fae7f25d0ac0264ecb6,libOTe ExConv7x24 dual encoding,18,262144,8,262144,262144,394.171,187.95537948608398,187.95537948608398,8277504,not_instrumented,not_instrumented,OK
2026-07-26T06:15:57.493782+00:00,4a917afb6ebeca9bce885fae7f25d0ac0264ecb6,libOTe ExConv7x24 dual encoding,18,262144,8,262144,262144,391.324,186.5978240966797,186.5978240966797,8277504,not_instrumented,not_instrumented,OK
2026-07-26T06:15:57.493790+00:00,4a917afb6ebeca9bce885fae7f25d0ac0264ecb6,libOTe ExConv7x24 dual encoding,18,262144,8,262144,262144,391.365,186.61737442016602,186.61737442016602,8277504,not_instrumented,not_instrumented,OK
2026-07-26T06:15:57.493796+00:00,4a917afb6ebeca9bce885fae7f25d0ac0264ecb6,libOTe ExConv7x24 dual encoding,18,262144,8,262144,262144,399.914,190.69385528564453,190.69385528564453,8277504,not_instrumented,not_instrumented,OK
2026-07-26T06:15:57.493804+00:00,4a917afb6ebeca9bce885fae7f25d0ac0264ecb6,libOTe ExConv7x24 dual encoding,18,262144,8,262144,262144,393.882,187.81757354736328,187.81757354736328,8277504,not_instrumented,not_instrumented,OK
2026-07-26T06:15:57.493810+00:00,4a917afb6ebeca9bce885fae7f25d0ac0264ecb6,libOTe ExConv7x24 dual encoding,18,262144,8,262144,262144,395.378,188.53092193603516,188.53092193603516,8277504,not_instrumented,not_instrumented,OK
2026-07-26T06:15:57.493816+00:00,4a917afb6ebeca9bce885fae7f25d0ac0264ecb6,libOTe ExConv7x24 dual encoding,18,262144,8,262144,262144,395.592,188.63296508789062,188.63296508789062,8277504,not_instrumented,not_instrumented,OK
2026-07-26T06:15:57.493827+00:00,4a917afb6ebeca9bce885fae7f25d0ac0264ecb6,libOTe ExConv7x24 dual encoding,18,262144,8,262144,262144,390.594,186.2497329711914,186.2497329711914,8277504,not_instrumented,not_instrumented,OK
2026-07-26T06:15:57.493833+00:00,4a917afb6ebeca9bce885fae7f25d0ac0264ecb6,libOTe ExConv7x24 dual encoding,18,262144,8,262144,262144,392.517,187.16669082641602,187.16669082641602,8277504,not_instrumented,not_instrumented,OK
2026-07-26T06:15:57.493839+00:00,4a917afb6ebeca9bce885fae7f25d0ac0264ecb6,libOTe ExConv7x24 dual encoding,18,262144,8,262144,262144,391.88800000000003,186.86676025390628,186.86676025390628,8277504,not_instrumented,not_instrumented,OK
2026-07-26T06:15:57.493848+00:00,4a917afb6ebeca9bce885fae7f25d0ac0264ecb6,libOTe ExConv7x24 dual encoding,18,262144,8,262144,262144,391.599,186.72895431518555,186.72895431518555,8277504,not_instrumented,not_instrumented,OK
2026-07-26T06:15:57.493854+00:00,4a917afb6ebeca9bce885fae7f25d0ac0264ecb6,libOTe ExConv7x24 dual encoding,18,262144,16,262144,262144,531.898,126.81436538696289,126.81436538696289,32720384,not_instrumented,not_instrumented,OK
2026-07-26T06:15:57.493859+00:00,4a917afb6ebeca9bce885fae7f25d0ac0264ecb6,libOTe ExConv7x24 dual encoding,18,262144,16,262144,262144,535.833,127.75254249572752,127.75254249572752,32720384,not_instrumented,not_instrumented,OK
2026-07-26T06:15:57.493865+00:00,4a917afb6ebeca9bce885fae7f25d0ac0264ecb6,libOTe ExConv7x24 dual encoding,18,262144,16,262144,262144,542.982,129.4569969177246,129.4569969177246,32720384,not_instrumented,not_instrumented,OK
2026-07-26T06:15:57.493871+00:00,4a917afb6ebeca9bce885fae7f25d0ac0264ecb6,libOTe ExConv7x24 dual encoding,18,262144,16,262144,262144,527.366,125.73385238647461,125.73385238647461,32720384,not_instrumented,not_instrumented,OK
2026-07-26T06:15:57.493877+00:00,4a917afb6ebeca9bce885fae7f25d0ac0264ecb6,libOTe ExConv7x24 dual encoding,18,262144,16,262144,262144,534.0129999999999,127.31862068176268,127.31862068176268,32720384,not_instrumented,not_instrumented,OK
2026-07-26T06:15:57.493883+00:00,4a917afb6ebeca9bce885fae7f25d0ac0264ecb6,libOTe ExConv7x24 dual encoding,18,262144,16,262144,262144,526.8119999999999,125.60176849365232,125.60176849365232,32720384,not_instrumented,not_instrumented,OK
2026-07-26T06:15:57.493889+00:00,4a917afb6ebeca9bce885fae7f25d0ac0264ecb6,libOTe ExConv7x24 dual encoding,18,262144,16,262144,262144,523.4929999999999,124.81045722961424,124.81045722961424,32720384,not_instrumented,not_instrumented,OK
2026-07-26T06:15:57.493895+00:00,4a917afb6ebeca9bce885fae7f25d0ac0264ecb6,libOTe ExConv7x24 dual encoding,18,262144,16,262144,262144,530.355,126.44648551940918,126.44648551940918,32720384,not_instrumented,not_instrumented,OK
2026-07-26T06:15:57.493901+00:00,4a917afb6ebeca9bce885fae7f25d0ac0264ecb6,libOTe ExConv7x24 dual encoding,18,262144,16,262144,262144,537.1519999999999,128.06701660156247,128.06701660156247,32720384,not_instrumented,not_instrumented,OK
2026-07-26T06:15:57.493907+00:00,4a917afb6ebeca9bce885fae7f25d0ac0264ecb6,libOTe ExConv7x24 dual encoding,18,262144,16,262144,262144,542.628,129.37259674072266,129.37259674072266,32720384,not_instrumented,not_instrumented,OK
2026-07-26T06:15:57.493913+00:00,4a917afb6ebeca9bce885fae7f25d0ac0264ecb6,libOTe ExConv7x24 dual encoding,18,262144,16,262144,262144,533.351,127.16078758239746,127.16078758239746,32720384,not_instrumented,not_instrumented,OK
2026-07-26T06:15:57.493919+00:00,4a917afb6ebeca9bce885fae7f25d0ac0264ecb6,libOTe ExConv7x24 dual encoding,18,262144,32,262144,262144,765.086,91.20535850524902,91.20535850524902,130364928,not_instrumented,not_instrumented,OK
2026-07-26T06:15:57.493927+00:00,4a917afb6ebeca9bce885fae7f25d0ac0264ecb6,libOTe ExConv7x24 dual encoding,18,262144,32,262144,262144,778.369,92.78881549835205,92.78881549835205,130364928,not_instrumented,not_instrumented,OK
2026-07-26T06:15:57.493934+00:00,4a917afb6ebeca9bce885fae7f25d0ac0264ecb6,libOTe ExConv7x24 dual encoding,18,262144,32,262144,262144,738.486,88.03439140319824,88.03439140319824,130364928,not_instrumented,not_instrumented,OK
2026-07-26T06:15:57.493940+00:00,4a917afb6ebeca9bce885fae7f25d0ac0264ecb6,libOTe ExConv7x24 dual encoding,18,262144,32,262144,262144,766.758,91.40467643737793,91.40467643737793,130364928,not_instrumented,not_instrumented,OK
2026-07-26T06:15:57.493946+00:00,4a917afb6ebeca9bce885fae7f25d0ac0264ecb6,libOTe ExConv7x24 dual encoding,18,262144,32,262144,262144,763.159,90.97564220428467,90.97564220428467,130364928,not_instrumented,not_instrumented,OK
2026-07-26T06:15:57.493954+00:00,4a917afb6ebeca9bce885fae7f25d0ac0264ecb6,libOTe ExConv7x24 dual encoding,18,262144,32,262144,262144,738.093,87.98754215240479,87.98754215240479,130364928,not_instrumented,not_instrumented,OK
2026-07-26T06:15:57.493960+00:00,4a917afb6ebeca9bce885fae7f25d0ac0264ecb6,libOTe ExConv7x24 dual encoding,18,262144,32,262144,262144,771.957,92.02444553375244,92.02444553375244,130364928,not_instrumented,not_instrumented,OK
2026-07-26T06:15:57.493966+00:00,4a917afb6ebeca9bce885fae7f25d0ac0264ecb6,libOTe ExConv7x24 dual encoding,18,262144,32,262144,262144,746.096,88.94157409667969,88.94157409667969,130364928,not_instrumented,not_instrumented,OK
2026-07-26T06:15:57.493974+00:00,4a917afb6ebeca9bce885fae7f25d0ac0264ecb6,libOTe ExConv7x24 dual encoding,18,262144,32,262144,262144,736.223,87.76462078094482,87.76462078094482,130364928,not_instrumented,not_instrumented,OK
2026-07-26T06:15:57.493980+00:00,4a917afb6ebeca9bce885fae7f25d0ac0264ecb6,libOTe ExConv7x24 dual encoding,18,262144,32,262144,262144,758.571,90.42870998382568,90.42870998382568,130364928,not_instrumented,not_instrumented,OK
2026-07-26T06:15:57.493986+00:00,4a917afb6ebeca9bce885fae7f25d0ac0264ecb6,libOTe ExConv7x24 dual encoding,18,262144,32,262144,262144,741.143,88.35113048553467,88.35113048553467,130364928,not_instrumented,not_instrumented,OK
2026-07-26T06:15:57.493993+00:00,4a917afb6ebeca9bce885fae7f25d0ac0264ecb6,libOTe ExConv7x24 dual encoding,20,1048576,8,1048576,1048576,1401.697,167.09530353546143,167.09530353546143,8293376,not_instrumented,not_instrumented,OK
2026-07-26T06:15:57.494000+00:00,4a917afb6ebeca9bce885fae7f25d0ac0264ecb6,libOTe ExConv7x24 dual encoding,20,1048576,8,1048576,1048576,1399.9660000000001,166.88895225524905,166.88895225524905,8293376,not_instrumented,not_instrumented,OK
2026-07-26T06:15:57.494006+00:00,4a917afb6ebeca9bce885fae7f25d0ac0264ecb6,libOTe ExConv7x24 dual encoding,20,1048576,8,1048576,1048576,1411.935,168.31576824188232,168.31576824188232,8293376,not_instrumented,not_instrumented,OK
2026-07-26T06:15:57.494011+00:00,4a917afb6ebeca9bce885fae7f25d0ac0264ecb6,libOTe ExConv7x24 dual encoding,20,1048576,8,1048576,1048576,1413.094,168.45393180847168,168.45393180847168,8293376,not_instrumented,not_instrumented,OK
2026-07-26T06:15:57.494019+00:00,4a917afb6ebeca9bce885fae7f25d0ac0264ecb6,libOTe ExConv7x24 dual encoding,20,1048576,8,1048576,1048576,1409.9470000000001,168.07878017425537,168.07878017425537,8293376,not_instrumented,not_instrumented,OK
2026-07-26T06:15:57.494028+00:00,4a917afb6ebeca9bce885fae7f25d0ac0264ecb6,libOTe ExConv7x24 dual encoding,20,1048576,8,1048576,1048576,1409.6,168.03741455078125,168.03741455078125,8293376,not_instrumented,not_instrumented,OK
2026-07-26T06:15:57.494033+00:00,4a917afb6ebeca9bce885fae7f25d0ac0264ecb6,libOTe ExConv7x24 dual encoding,20,1048576,8,1048576,1048576,1396.363,166.45944118499756,166.45944118499756,8293376,not_instrumented,not_instrumented,OK
2026-07-26T06:15:57.494041+00:00,4a917afb6ebeca9bce885fae7f25d0ac0264ecb6,libOTe ExConv7x24 dual encoding,20,1048576,8,1048576,1048576,1403.1100000000001,167.2637462615967,167.2637462615967,8293376,not_instrumented,not_instrumented,OK
2026-07-26T06:15:57.494059+00:00,4a917afb6ebeca9bce885fae7f25d0ac0264ecb6,libOTe ExConv7x24 dual encoding,20,1048576,8,1048576,1048576,1398.9560000000001,166.76855087280276,166.76855087280276,8293376,not_instrumented,not_instrumented,OK
2026-07-26T06:15:57.494065+00:00,4a917afb6ebeca9bce885fae7f25d0ac0264ecb6,libOTe ExConv7x24 dual encoding,20,1048576,8,1048576,1048576,1413.766,168.5340404510498,168.5340404510498,8293376,not_instrumented,not_instrumented,OK
2026-07-26T06:15:57.494071+00:00,4a917afb6ebeca9bce885fae7f25d0ac0264ecb6,libOTe ExConv7x24 dual encoding,20,1048576,8,1048576,1048576,1401.008,167.01316833496094,167.01316833496094,8293376,not_instrumented,not_instrumented,OK
2026-07-26T06:15:57.494082+00:00,4a917afb6ebeca9bce885fae7f25d0ac0264ecb6,libOTe ExConv7x24 dual encoding,20,1048576,16,1048576,1048576,2264.7400000000002,134.98902320861816,134.98902320861816,32736256,not_instrumented,not_instrumented,OK
2026-07-26T06:15:57.494088+00:00,4a917afb6ebeca9bce885fae7f25d0ac0264ecb6,libOTe ExConv7x24 dual encoding,20,1048576,16,1048576,1048576,2264.472,134.97304916381836,134.97304916381836,32736256,not_instrumented,not_instrumented,OK
2026-07-26T06:15:57.494094+00:00,4a917afb6ebeca9bce885fae7f25d0ac0264ecb6,libOTe ExConv7x24 dual encoding,20,1048576,16,1048576,1048576,2281.819,136.00701093673706,136.00701093673706,32736256,not_instrumented,not_instrumented,OK
2026-07-26T06:15:57.494102+00:00,4a917afb6ebeca9bce885fae7f25d0ac0264ecb6,libOTe ExConv7x24 dual encoding,20,1048576,16,1048576,1048576,2258.803,134.63515043258667,134.63515043258667,32736256,not_instrumented,not_instrumented,OK
2026-07-26T06:15:57.494108+00:00,4a917afb6ebeca9bce885fae7f25d0ac0264ecb6,libOTe ExConv7x24 dual encoding,20,1048576,16,1048576,1048576,2250.856,134.16147232055664,134.16147232055664,32736256,not_instrumented,not_instrumented,OK
2026-07-26T06:15:57.494114+00:00,4a917afb6ebeca9bce885fae7f25d0ac0264ecb6,libOTe ExConv7x24 dual encoding,20,1048576,16,1048576,1048576,2267.9840000000004,135.18238067626956,135.18238067626956,32736256,not_instrumented,not_instrumented,OK
2026-07-26T06:15:57.494123+00:00,4a917afb6ebeca9bce885fae7f25d0ac0264ecb6,libOTe ExConv7x24 dual encoding,20,1048576,16,1048576,1048576,2263.082,134.89019870758057,134.89019870758057,32736256,not_instrumented,not_instrumented,OK
2026-07-26T06:15:57.494128+00:00,4a917afb6ebeca9bce885fae7f25d0ac0264ecb6,libOTe ExConv7x24 dual encoding,20,1048576,16,1048576,1048576,2251.735,134.2138648033142,134.2138648033142,32736256,not_instrumented,not_instrumented,OK
2026-07-26T06:15:57.494134+00:00,4a917afb6ebeca9bce885fae7f25d0ac0264ecb6,libOTe ExConv7x24 dual encoding,20,1048576,16,1048576,1048576,2262.3269999999998,134.84519720077515,134.84519720077515,32736256,not_instrumented,not_instrumented,OK
2026-07-26T06:15:57.494141+00:00,4a917afb6ebeca9bce885fae7f25d0ac0264ecb6,libOTe ExConv7x24 dual encoding,20,1048576,16,1048576,1048576,2251.8720000000003,134.22203063964847,134.22203063964847,32736256,not_instrumented,not_instrumented,OK
2026-07-26T06:15:57.494149+00:00,4a917afb6ebeca9bce885fae7f25d0ac0264ecb6,libOTe ExConv7x24 dual encoding,20,1048576,16,1048576,1048576,2262.715,134.868323802948,134.868323802948,32736256,not_instrumented,not_instrumented,OK
2026-07-26T06:15:57.494154+00:00,4a917afb6ebeca9bce885fae7f25d0ac0264ecb6,libOTe ExConv7x24 dual encoding,20,1048576,32,1048576,1048576,2908.655,86.68467402458191,86.68467402458191,130380800,not_instrumented,not_instrumented,OK
2026-07-26T06:15:57.494160+00:00,4a917afb6ebeca9bce885fae7f25d0ac0264ecb6,libOTe ExConv7x24 dual encoding,20,1048576,32,1048576,1048576,2822.12,84.1057300567627,84.1057300567627,130380800,not_instrumented,not_instrumented,OK
2026-07-26T06:15:57.494168+00:00,4a917afb6ebeca9bce885fae7f25d0ac0264ecb6,libOTe ExConv7x24 dual encoding,20,1048576,32,1048576,1048576,2860.3070000000002,85.24379134178163,85.24379134178163,130380800,not_instrumented,not_instrumented,OK
2026-07-26T06:15:57.494174+00:00,4a917afb6ebeca9bce885fae7f25d0ac0264ecb6,libOTe ExConv7x24 dual encoding,20,1048576,32,1048576,1048576,2890.462,86.14248037338257,86.14248037338257,130380800,not_instrumented,not_instrumented,OK
2026-07-26T06:15:57.494179+00:00,4a917afb6ebeca9bce885fae7f25d0ac0264ecb6,libOTe ExConv7x24 dual encoding,20,1048576,32,1048576,1048576,2848.776,84.9001407623291,84.9001407623291,130380800,not_instrumented,not_instrumented,OK
2026-07-26T06:15:57.494185+00:00,4a917afb6ebeca9bce885fae7f25d0ac0264ecb6,libOTe ExConv7x24 dual encoding,20,1048576,32,1048576,1048576,2907.697,86.6561233997345,86.6561233997345,130380800,not_instrumented,not_instrumented,OK
2026-07-26T06:15:57.494194+00:00,4a917afb6ebeca9bce885fae7f25d0ac0264ecb6,libOTe ExConv7x24 dual encoding,20,1048576,32,1048576,1048576,2856.9390000000003,85.14341711997987,85.14341711997987,130380800,not_instrumented,not_instrumented,OK
2026-07-26T06:15:57.494200+00:00,4a917afb6ebeca9bce885fae7f25d0ac0264ecb6,libOTe ExConv7x24 dual encoding,20,1048576,32,1048576,1048576,2920.1079999999997,87.02600002288817,87.02600002288817,130380800,not_instrumented,not_instrumented,OK
2026-07-26T06:15:57.494206+00:00,4a917afb6ebeca9bce885fae7f25d0ac0264ecb6,libOTe ExConv7x24 dual encoding,20,1048576,32,1048576,1048576,2886.192,86.01522445678711,86.01522445678711,130380800,not_instrumented,not_instrumented,OK
2026-07-26T06:15:57.494217+00:00,4a917afb6ebeca9bce885fae7f25d0ac0264ecb6,libOTe ExConv7x24 dual encoding,20,1048576,32,1048576,1048576,2891.06,86.16030216217041,86.16030216217041,130380800,not_instrumented,not_instrumented,OK
2026-07-26T06:15:57.494226+00:00,4a917afb6ebeca9bce885fae7f25d0ac0264ecb6,libOTe ExConv7x24 dual encoding,20,1048576,32,1048576,1048576,2907.99,86.66485548019409,86.66485548019409,130380800,not_instrumented,not_instrumented,OK
