timestamp,benchmark_source_commit,method,logN,N,m,trial_index,vector_pprf_full_domain_eval_ms,base_field_wht_x_ms,module_coordinate_wht_z_ms,pointwise_multiplication_ms,additions_output_materialization_ms,p0_total_ms,p1_total_ms,critical_path_ms,rho_wht_one_time_ms,status
2026-07-26T06:15:57.490994+00:00,4a917afb6ebeca9bce885fae7f25d0ac0264ecb6,RM_EXPAND_ONLY,12,4096,8,-1,0,included_in_expand_p0,included_in_expand_p1,included_in_expand_p0,included_in_expand_p0,0.718,0.749,0.749,precomputed_outside_repeated_region,OK
2026-07-26T06:15:57.491013+00:00,4a917afb6ebeca9bce885fae7f25d0ac0264ecb6,RM_EXPAND_ONLY,12,4096,8,0,0,included_in_expand_p0,included_in_expand_p1,included_in_expand_p0,included_in_expand_p0,0.6980000000000001,0.716,0.716,precomputed_outside_repeated_region,OK
2026-07-26T06:15:57.491017+00:00,4a917afb6ebeca9bce885fae7f25d0ac0264ecb6,RM_EXPAND_ONLY,12,4096,8,1,0,included_in_expand_p0,included_in_expand_p1,included_in_expand_p0,included_in_expand_p0,0.749,0.745,0.749,precomputed_outside_repeated_region,OK
2026-07-26T06:15:57.491020+00:00,4a917afb6ebeca9bce885fae7f25d0ac0264ecb6,RM_EXPAND_ONLY,12,4096,8,2,0,included_in_expand_p0,included_in_expand_p1,included_in_expand_p0,included_in_expand_p0,0.714,0.7380000000000001,0.7380000000000001,precomputed_outside_repeated_region,OK
2026-07-26T06:15:57.491023+00:00,4a917afb6ebeca9bce885fae7f25d0ac0264ecb6,RM_EXPAND_ONLY,12,4096,8,3,0,included_in_expand_p0,included_in_expand_p1,included_in_expand_p0,included_in_expand_p0,0.7150000000000001,0.731,0.731,precomputed_outside_repeated_region,OK
2026-07-26T06:15:57.491027+00:00,4a917afb6ebeca9bce885fae7f25d0ac0264ecb6,RM_EXPAND_ONLY,12,4096,8,4,0,included_in_expand_p0,included_in_expand_p1,included_in_expand_p0,included_in_expand_p0,0.7290000000000001,0.743,0.743,precomputed_outside_repeated_region,OK
2026-07-26T06:15:57.491030+00:00,4a917afb6ebeca9bce885fae7f25d0ac0264ecb6,RM_EXPAND_ONLY,12,4096,8,5,0,included_in_expand_p0,included_in_expand_p1,included_in_expand_p0,included_in_expand_p0,0.7739999999999999,0.768,0.7739999999999999,precomputed_outside_repeated_region,OK
2026-07-26T06:15:57.491032+00:00,4a917afb6ebeca9bce885fae7f25d0ac0264ecb6,RM_EXPAND_ONLY,12,4096,8,6,0,included_in_expand_p0,included_in_expand_p1,included_in_expand_p0,included_in_expand_p0,0.747,0.739,0.747,precomputed_outside_repeated_region,OK
2026-07-26T06:15:57.491036+00:00,4a917afb6ebeca9bce885fae7f25d0ac0264ecb6,RM_EXPAND_ONLY,12,4096,8,7,0,included_in_expand_p0,included_in_expand_p1,included_in_expand_p0,included_in_expand_p0,0.7200000000000001,0.745,0.745,precomputed_outside_repeated_region,OK
2026-07-26T06:15:57.491039+00:00,4a917afb6ebeca9bce885fae7f25d0ac0264ecb6,RM_EXPAND_ONLY,12,4096,8,8,0,included_in_expand_p0,included_in_expand_p1,included_in_expand_p0,included_in_expand_p0,0.717,0.743,0.743,precomputed_outside_repeated_region,OK
2026-07-26T06:15:57.491042+00:00,4a917afb6ebeca9bce885fae7f25d0ac0264ecb6,RM_EXPAND_ONLY,12,4096,8,9,0,included_in_expand_p0,included_in_expand_p1,included_in_expand_p0,included_in_expand_p0,0.713,0.741,0.741,precomputed_outside_repeated_region,OK
2026-07-26T06:15:57.491059+00:00,4a917afb6ebeca9bce885fae7f25d0ac0264ecb6,RM_EXPAND_ONLY,12,4096,16,-1,0,included_in_expand_p0,included_in_expand_p1,included_in_expand_p0,included_in_expand_p0,1.452,1.414,1.452,precomputed_outside_repeated_region,OK
2026-07-26T06:15:57.491062+00:00,4a917afb6ebeca9bce885fae7f25d0ac0264ecb6,RM_EXPAND_ONLY,12,4096,16,0,0,included_in_expand_p0,included_in_expand_p1,included_in_expand_p0,included_in_expand_p0,1.411,1.41,1.411,precomputed_outside_repeated_region,OK
2026-07-26T06:15:57.491066+00:00,4a917afb6ebeca9bce885fae7f25d0ac0264ecb6,RM_EXPAND_ONLY,12,4096,16,1,0,included_in_expand_p0,included_in_expand_p1,included_in_expand_p0,included_in_expand_p0,1.4040000000000001,1.389,1.4040000000000001,precomputed_outside_repeated_region,OK
2026-07-26T06:15:57.491068+00:00,4a917afb6ebeca9bce885fae7f25d0ac0264ecb6,RM_EXPAND_ONLY,12,4096,16,2,0,included_in_expand_p0,included_in_expand_p1,included_in_expand_p0,included_in_expand_p0,1.413,1.4040000000000001,1.413,precomputed_outside_repeated_region,OK
2026-07-26T06:15:57.491072+00:00,4a917afb6ebeca9bce885fae7f25d0ac0264ecb6,RM_EXPAND_ONLY,12,4096,16,3,0,included_in_expand_p0,included_in_expand_p1,included_in_expand_p0,included_in_expand_p0,1.4120000000000001,1.38,1.4120000000000001,precomputed_outside_repeated_region,OK
2026-07-26T06:15:57.491074+00:00,4a917afb6ebeca9bce885fae7f25d0ac0264ecb6,RM_EXPAND_ONLY,12,4096,16,4,0,included_in_expand_p0,included_in_expand_p1,included_in_expand_p0,included_in_expand_p0,1.415,1.41,1.415,precomputed_outside_repeated_region,OK
2026-07-26T06:15:57.491077+00:00,4a917afb6ebeca9bce885fae7f25d0ac0264ecb6,RM_EXPAND_ONLY,12,4096,16,5,0,included_in_expand_p0,included_in_expand_p1,included_in_expand_p0,included_in_expand_p0,1.405,1.389,1.405,precomputed_outside_repeated_region,OK
2026-07-26T06:15:57.491080+00:00,4a917afb6ebeca9bce885fae7f25d0ac0264ecb6,RM_EXPAND_ONLY,12,4096,16,6,0,included_in_expand_p0,included_in_expand_p1,included_in_expand_p0,included_in_expand_p0,1.478,1.4020000000000001,1.478,precomputed_outside_repeated_region,OK
2026-07-26T06:15:57.491083+00:00,4a917afb6ebeca9bce885fae7f25d0ac0264ecb6,RM_EXPAND_ONLY,12,4096,16,7,0,included_in_expand_p0,included_in_expand_p1,included_in_expand_p0,included_in_expand_p0,1.4549999999999998,1.388,1.4549999999999998,precomputed_outside_repeated_region,OK
2026-07-26T06:15:57.491086+00:00,4a917afb6ebeca9bce885fae7f25d0ac0264ecb6,RM_EXPAND_ONLY,12,4096,16,8,0,included_in_expand_p0,included_in_expand_p1,included_in_expand_p0,included_in_expand_p0,1.4020000000000001,1.381,1.4020000000000001,precomputed_outside_repeated_region,OK
2026-07-26T06:15:57.491089+00:00,4a917afb6ebeca9bce885fae7f25d0ac0264ecb6,RM_EXPAND_ONLY,12,4096,16,9,0,included_in_expand_p0,included_in_expand_p1,included_in_expand_p0,included_in_expand_p0,1.4040000000000001,1.392,1.4040000000000001,precomputed_outside_repeated_region,OK
2026-07-26T06:15:57.491093+00:00,4a917afb6ebeca9bce885fae7f25d0ac0264ecb6,RM_EXPAND_ONLY,12,4096,32,-1,0,included_in_expand_p0,included_in_expand_p1,included_in_expand_p0,included_in_expand_p0,2.828,2.7560000000000002,2.828,precomputed_outside_repeated_region,OK
2026-07-26T06:15:57.491097+00:00,4a917afb6ebeca9bce885fae7f25d0ac0264ecb6,RM_EXPAND_ONLY,12,4096,32,0,0,included_in_expand_p0,included_in_expand_p1,included_in_expand_p0,included_in_expand_p0,2.835,2.78,2.835,precomputed_outside_repeated_region,OK
2026-07-26T06:15:57.491099+00:00,4a917afb6ebeca9bce885fae7f25d0ac0264ecb6,RM_EXPAND_ONLY,12,4096,32,1,0,included_in_expand_p0,included_in_expand_p1,included_in_expand_p0,included_in_expand_p0,2.794,2.766,2.794,precomputed_outside_repeated_region,OK
2026-07-26T06:15:57.491102+00:00,4a917afb6ebeca9bce885fae7f25d0ac0264ecb6,RM_EXPAND_ONLY,12,4096,32,2,0,included_in_expand_p0,included_in_expand_p1,included_in_expand_p0,included_in_expand_p0,2.834,2.762,2.834,precomputed_outside_repeated_region,OK
2026-07-26T06:15:57.491105+00:00,4a917afb6ebeca9bce885fae7f25d0ac0264ecb6,RM_EXPAND_ONLY,12,4096,32,3,0,included_in_expand_p0,included_in_expand_p1,included_in_expand_p0,included_in_expand_p0,2.833,2.77,2.833,precomputed_outside_repeated_region,OK
2026-07-26T06:15:57.491108+00:00,4a917afb6ebeca9bce885fae7f25d0ac0264ecb6,RM_EXPAND_ONLY,12,4096,32,4,0,included_in_expand_p0,included_in_expand_p1,included_in_expand_p0,included_in_expand_p0,2.833,2.776,2.833,precomputed_outside_repeated_region,OK
2026-07-26T06:15:57.491111+00:00,4a917afb6ebeca9bce885fae7f25d0ac0264ecb6,RM_EXPAND_ONLY,12,4096,32,5,0,included_in_expand_p0,included_in_expand_p1,included_in_expand_p0,included_in_expand_p0,2.8249999999999997,2.77,2.8249999999999997,precomputed_outside_repeated_region,OK
2026-07-26T06:15:57.491114+00:00,4a917afb6ebeca9bce885fae7f25d0ac0264ecb6,RM_EXPAND_ONLY,12,4096,32,6,0,included_in_expand_p0,included_in_expand_p1,included_in_expand_p0,included_in_expand_p0,2.81,2.757,2.81,precomputed_outside_repeated_region,OK
2026-07-26T06:15:57.491117+00:00,4a917afb6ebeca9bce885fae7f25d0ac0264ecb6,RM_EXPAND_ONLY,12,4096,32,7,0,included_in_expand_p0,included_in_expand_p1,included_in_expand_p0,included_in_expand_p0,2.839,2.7590000000000003,2.839,precomputed_outside_repeated_region,OK
2026-07-26T06:15:57.491120+00:00,4a917afb6ebeca9bce885fae7f25d0ac0264ecb6,RM_EXPAND_ONLY,12,4096,32,8,0,included_in_expand_p0,included_in_expand_p1,included_in_expand_p0,included_in_expand_p0,2.811,2.745,2.811,precomputed_outside_repeated_region,OK
2026-07-26T06:15:57.491123+00:00,4a917afb6ebeca9bce885fae7f25d0ac0264ecb6,RM_EXPAND_ONLY,12,4096,32,9,0,included_in_expand_p0,included_in_expand_p1,included_in_expand_p0,included_in_expand_p0,2.8449999999999998,2.806,2.8449999999999998,precomputed_outside_repeated_region,OK
2026-07-26T06:15:57.491127+00:00,4a917afb6ebeca9bce885fae7f25d0ac0264ecb6,RM_EXPAND_ONLY,14,16384,8,-1,0,included_in_expand_p0,included_in_expand_p1,included_in_expand_p0,included_in_expand_p0,3.279,3.022,3.279,precomputed_outside_repeated_region,OK
2026-07-26T06:15:57.491130+00:00,4a917afb6ebeca9bce885fae7f25d0ac0264ecb6,RM_EXPAND_ONLY,14,16384,8,0,0,included_in_expand_p0,included_in_expand_p1,included_in_expand_p0,included_in_expand_p0,3.3409999999999997,3.078,3.3409999999999997,precomputed_outside_repeated_region,OK
2026-07-26T06:15:57.491133+00:00,4a917afb6ebeca9bce885fae7f25d0ac0264ecb6,RM_EXPAND_ONLY,14,16384,8,1,0,included_in_expand_p0,included_in_expand_p1,included_in_expand_p0,included_in_expand_p0,3.4520000000000004,3.038,3.4520000000000004,precomputed_outside_repeated_region,OK
2026-07-26T06:15:57.491136+00:00,4a917afb6ebeca9bce885fae7f25d0ac0264ecb6,RM_EXPAND_ONLY,14,16384,8,2,0,included_in_expand_p0,included_in_expand_p1,included_in_expand_p0,included_in_expand_p0,3.321,3.059,3.321,precomputed_outside_repeated_region,OK
2026-07-26T06:15:57.491139+00:00,4a917afb6ebeca9bce885fae7f25d0ac0264ecb6,RM_EXPAND_ONLY,14,16384,8,3,0,included_in_expand_p0,included_in_expand_p1,included_in_expand_p0,included_in_expand_p0,3.321,3.041,3.321,precomputed_outside_repeated_region,OK
2026-07-26T06:15:57.491142+00:00,4a917afb6ebeca9bce885fae7f25d0ac0264ecb6,RM_EXPAND_ONLY,14,16384,8,4,0,included_in_expand_p0,included_in_expand_p1,included_in_expand_p0,included_in_expand_p0,3.27,3.018,3.27,precomputed_outside_repeated_region,OK
2026-07-26T06:15:57.491145+00:00,4a917afb6ebeca9bce885fae7f25d0ac0264ecb6,RM_EXPAND_ONLY,14,16384,8,5,0,included_in_expand_p0,included_in_expand_p1,included_in_expand_p0,included_in_expand_p0,3.2529999999999997,3.034,3.2529999999999997,precomputed_outside_repeated_region,OK
2026-07-26T06:15:57.491148+00:00,4a917afb6ebeca9bce885fae7f25d0ac0264ecb6,RM_EXPAND_ONLY,14,16384,8,6,0,included_in_expand_p0,included_in_expand_p1,included_in_expand_p0,included_in_expand_p0,3.297,3.0260000000000002,3.297,precomputed_outside_repeated_region,OK
2026-07-26T06:15:57.491151+00:00,4a917afb6ebeca9bce885fae7f25d0ac0264ecb6,RM_EXPAND_ONLY,14,16384,8,7,0,included_in_expand_p0,included_in_expand_p1,included_in_expand_p0,included_in_expand_p0,3.27,3.032,3.27,precomputed_outside_repeated_region,OK
2026-07-26T06:15:57.491153+00:00,4a917afb6ebeca9bce885fae7f25d0ac0264ecb6,RM_EXPAND_ONLY,14,16384,8,8,0,included_in_expand_p0,included_in_expand_p1,included_in_expand_p0,included_in_expand_p0,3.269,3.016,3.269,precomputed_outside_repeated_region,OK
2026-07-26T06:15:57.491156+00:00,4a917afb6ebeca9bce885fae7f25d0ac0264ecb6,RM_EXPAND_ONLY,14,16384,8,9,0,included_in_expand_p0,included_in_expand_p1,included_in_expand_p0,included_in_expand_p0,3.3040000000000003,3.0309999999999997,3.3040000000000003,precomputed_outside_repeated_region,OK
2026-07-26T06:15:57.491161+00:00,4a917afb6ebeca9bce885fae7f25d0ac0264ecb6,RM_EXPAND_ONLY,14,16384,16,-1,0,included_in_expand_p0,included_in_expand_p1,included_in_expand_p0,included_in_expand_p0,6.292,5.948,6.292,precomputed_outside_repeated_region,OK
2026-07-26T06:15:57.491164+00:00,4a917afb6ebeca9bce885fae7f25d0ac0264ecb6,RM_EXPAND_ONLY,14,16384,16,0,0,included_in_expand_p0,included_in_expand_p1,included_in_expand_p0,included_in_expand_p0,6.309,5.992,6.309,precomputed_outside_repeated_region,OK
2026-07-26T06:15:57.491167+00:00,4a917afb6ebeca9bce885fae7f25d0ac0264ecb6,RM_EXPAND_ONLY,14,16384,16,1,0,included_in_expand_p0,included_in_expand_p1,included_in_expand_p0,included_in_expand_p0,6.305,5.976,6.305,precomputed_outside_repeated_region,OK
2026-07-26T06:15:57.491175+00:00,4a917afb6ebeca9bce885fae7f25d0ac0264ecb6,RM_EXPAND_ONLY,14,16384,16,2,0,included_in_expand_p0,included_in_expand_p1,included_in_expand_p0,included_in_expand_p0,6.297,5.9639999999999995,6.297,precomputed_outside_repeated_region,OK
2026-07-26T06:15:57.491179+00:00,4a917afb6ebeca9bce885fae7f25d0ac0264ecb6,RM_EXPAND_ONLY,14,16384,16,3,0,included_in_expand_p0,included_in_expand_p1,included_in_expand_p0,included_in_expand_p0,6.306,6.119000000000001,6.306,precomputed_outside_repeated_region,OK
2026-07-26T06:15:57.491181+00:00,4a917afb6ebeca9bce885fae7f25d0ac0264ecb6,RM_EXPAND_ONLY,14,16384,16,4,0,included_in_expand_p0,included_in_expand_p1,included_in_expand_p0,included_in_expand_p0,6.276999999999999,5.976,6.276999999999999,precomputed_outside_repeated_region,OK
2026-07-26T06:15:57.491184+00:00,4a917afb6ebeca9bce885fae7f25d0ac0264ecb6,RM_EXPAND_ONLY,14,16384,16,5,0,included_in_expand_p0,included_in_expand_p1,included_in_expand_p0,included_in_expand_p0,6.313,5.959,6.313,precomputed_outside_repeated_region,OK
2026-07-26T06:15:57.491187+00:00,4a917afb6ebeca9bce885fae7f25d0ac0264ecb6,RM_EXPAND_ONLY,14,16384,16,6,0,included_in_expand_p0,included_in_expand_p1,included_in_expand_p0,included_in_expand_p0,6.289000000000001,5.971,6.289000000000001,precomputed_outside_repeated_region,OK
2026-07-26T06:15:57.491190+00:00,4a917afb6ebeca9bce885fae7f25d0ac0264ecb6,RM_EXPAND_ONLY,14,16384,16,7,0,included_in_expand_p0,included_in_expand_p1,included_in_expand_p0,included_in_expand_p0,6.321000000000001,5.97,6.321000000000001,precomputed_outside_repeated_region,OK
2026-07-26T06:15:57.491193+00:00,4a917afb6ebeca9bce885fae7f25d0ac0264ecb6,RM_EXPAND_ONLY,14,16384,16,8,0,included_in_expand_p0,included_in_expand_p1,included_in_expand_p0,included_in_expand_p0,6.297,5.98,6.297,precomputed_outside_repeated_region,OK
2026-07-26T06:15:57.491196+00:00,4a917afb6ebeca9bce885fae7f25d0ac0264ecb6,RM_EXPAND_ONLY,14,16384,16,9,0,included_in_expand_p0,included_in_expand_p1,included_in_expand_p0,included_in_expand_p0,6.289000000000001,5.968,6.289000000000001,precomputed_outside_repeated_region,OK
2026-07-26T06:15:57.491201+00:00,4a917afb6ebeca9bce885fae7f25d0ac0264ecb6,RM_EXPAND_ONLY,14,16384,32,-1,0,included_in_expand_p0,included_in_expand_p1,included_in_expand_p0,included_in_expand_p0,12.488000000000001,11.96,12.488000000000001,precomputed_outside_repeated_region,OK
2026-07-26T06:15:57.491204+00:00,4a917afb6ebeca9bce885fae7f25d0ac0264ecb6,RM_EXPAND_ONLY,14,16384,32,0,0,included_in_expand_p0,included_in_expand_p1,included_in_expand_p0,included_in_expand_p0,12.382000000000001,12.128,12.382000000000001,precomputed_outside_repeated_region,OK
2026-07-26T06:15:57.491207+00:00,4a917afb6ebeca9bce885fae7f25d0ac0264ecb6,RM_EXPAND_ONLY,14,16384,32,1,0,included_in_expand_p0,included_in_expand_p1,included_in_expand_p0,included_in_expand_p0,12.417,12.213999999999999,12.417,precomputed_outside_repeated_region,OK
2026-07-26T06:15:57.491210+00:00,4a917afb6ebeca9bce885fae7f25d0ac0264ecb6,RM_EXPAND_ONLY,14,16384,32,2,0,included_in_expand_p0,included_in_expand_p1,included_in_expand_p0,included_in_expand_p0,12.368,12.165000000000001,12.368,precomputed_outside_repeated_region,OK
2026-07-26T06:15:57.491221+00:00,4a917afb6ebeca9bce885fae7f25d0ac0264ecb6,RM_EXPAND_ONLY,14,16384,32,3,0,included_in_expand_p0,included_in_expand_p1,included_in_expand_p0,included_in_expand_p0,12.359,12.157,12.359,precomputed_outside_repeated_region,OK
2026-07-26T06:15:57.491224+00:00,4a917afb6ebeca9bce885fae7f25d0ac0264ecb6,RM_EXPAND_ONLY,14,16384,32,4,0,included_in_expand_p0,included_in_expand_p1,included_in_expand_p0,included_in_expand_p0,12.335,12.156,12.335,precomputed_outside_repeated_region,OK
2026-07-26T06:15:57.491227+00:00,4a917afb6ebeca9bce885fae7f25d0ac0264ecb6,RM_EXPAND_ONLY,14,16384,32,5,0,included_in_expand_p0,included_in_expand_p1,included_in_expand_p0,included_in_expand_p0,12.33,12.165000000000001,12.33,precomputed_outside_repeated_region,OK
2026-07-26T06:15:57.491230+00:00,4a917afb6ebeca9bce885fae7f25d0ac0264ecb6,RM_EXPAND_ONLY,14,16384,32,6,0,included_in_expand_p0,included_in_expand_p1,included_in_expand_p0,included_in_expand_p0,12.331,12.139000000000001,12.331,precomputed_outside_repeated_region,OK
2026-07-26T06:15:57.491233+00:00,4a917afb6ebeca9bce885fae7f25d0ac0264ecb6,RM_EXPAND_ONLY,14,16384,32,7,0,included_in_expand_p0,included_in_expand_p1,included_in_expand_p0,included_in_expand_p0,12.42,12.129,12.42,precomputed_outside_repeated_region,OK
2026-07-26T06:15:57.491236+00:00,4a917afb6ebeca9bce885fae7f25d0ac0264ecb6,RM_EXPAND_ONLY,14,16384,32,8,0,included_in_expand_p0,included_in_expand_p1,included_in_expand_p0,included_in_expand_p0,12.35,12.155,12.35,precomputed_outside_repeated_region,OK
2026-07-26T06:15:57.491239+00:00,4a917afb6ebeca9bce885fae7f25d0ac0264ecb6,RM_EXPAND_ONLY,14,16384,32,9,0,included_in_expand_p0,included_in_expand_p1,included_in_expand_p0,included_in_expand_p0,12.359,12.133,12.359,precomputed_outside_repeated_region,OK
2026-07-26T06:15:57.491244+00:00,4a917afb6ebeca9bce885fae7f25d0ac0264ecb6,RM_EXPAND_ONLY,16,65536,8,-1,0,included_in_expand_p0,included_in_expand_p1,included_in_expand_p0,included_in_expand_p0,13.988999999999999,13.169,13.988999999999999,precomputed_outside_repeated_region,OK
2026-07-26T06:15:57.491247+00:00,4a917afb6ebeca9bce885fae7f25d0ac0264ecb6,RM_EXPAND_ONLY,16,65536,8,0,0,included_in_expand_p0,included_in_expand_p1,included_in_expand_p0,included_in_expand_p0,13.731,12.889,13.731,precomputed_outside_repeated_region,OK
2026-07-26T06:15:57.491249+00:00,4a917afb6ebeca9bce885fae7f25d0ac0264ecb6,RM_EXPAND_ONLY,16,65536,8,1,0,included_in_expand_p0,included_in_expand_p1,included_in_expand_p0,included_in_expand_p0,14.423,13.575000000000001,14.423,precomputed_outside_repeated_region,OK
2026-07-26T06:15:57.491252+00:00,4a917afb6ebeca9bce885fae7f25d0ac0264ecb6,RM_EXPAND_ONLY,16,65536,8,2,0,included_in_expand_p0,included_in_expand_p1,included_in_expand_p0,included_in_expand_p0,13.882,12.956999999999999,13.882,precomputed_outside_repeated_region,OK
2026-07-26T06:15:57.491255+00:00,4a917afb6ebeca9bce885fae7f25d0ac0264ecb6,RM_EXPAND_ONLY,16,65536,8,3,0,included_in_expand_p0,included_in_expand_p1,included_in_expand_p0,included_in_expand_p0,13.996,12.994,13.996,precomputed_outside_repeated_region,OK
2026-07-26T06:15:57.491258+00:00,4a917afb6ebeca9bce885fae7f25d0ac0264ecb6,RM_EXPAND_ONLY,16,65536,8,4,0,included_in_expand_p0,included_in_expand_p1,included_in_expand_p0,included_in_expand_p0,13.96,12.975999999999999,13.96,precomputed_outside_repeated_region,OK
2026-07-26T06:15:57.491261+00:00,4a917afb6ebeca9bce885fae7f25d0ac0264ecb6,RM_EXPAND_ONLY,16,65536,8,5,0,included_in_expand_p0,included_in_expand_p1,included_in_expand_p0,included_in_expand_p0,13.868,12.876999999999999,13.868,precomputed_outside_repeated_region,OK
2026-07-26T06:15:57.491264+00:00,4a917afb6ebeca9bce885fae7f25d0ac0264ecb6,RM_EXPAND_ONLY,16,65536,8,6,0,included_in_expand_p0,included_in_expand_p1,included_in_expand_p0,included_in_expand_p0,13.790999999999999,13.203,13.790999999999999,precomputed_outside_repeated_region,OK
2026-07-26T06:15:57.491271+00:00,4a917afb6ebeca9bce885fae7f25d0ac0264ecb6,RM_EXPAND_ONLY,16,65536,8,7,0,included_in_expand_p0,included_in_expand_p1,included_in_expand_p0,included_in_expand_p0,14.024,12.997,14.024,precomputed_outside_repeated_region,OK
2026-07-26T06:15:57.491274+00:00,4a917afb6ebeca9bce885fae7f25d0ac0264ecb6,RM_EXPAND_ONLY,16,65536,8,8,0,included_in_expand_p0,included_in_expand_p1,included_in_expand_p0,included_in_expand_p0,13.853000000000002,13.094,13.853000000000002,precomputed_outside_repeated_region,OK
2026-07-26T06:15:57.491277+00:00,4a917afb6ebeca9bce885fae7f25d0ac0264ecb6,RM_EXPAND_ONLY,16,65536,8,9,0,included_in_expand_p0,included_in_expand_p1,included_in_expand_p0,included_in_expand_p0,14.622,12.921999999999999,14.622,precomputed_outside_repeated_region,OK
2026-07-26T06:15:57.491282+00:00,4a917afb6ebeca9bce885fae7f25d0ac0264ecb6,RM_EXPAND_ONLY,16,65536,16,-1,0,included_in_expand_p0,included_in_expand_p1,included_in_expand_p0,included_in_expand_p0,26.749,26.549,26.749,precomputed_outside_repeated_region,OK
2026-07-26T06:15:57.491285+00:00,4a917afb6ebeca9bce885fae7f25d0ac0264ecb6,RM_EXPAND_ONLY,16,65536,16,0,0,included_in_expand_p0,included_in_expand_p1,included_in_expand_p0,included_in_expand_p0,26.669,25.756,26.669,precomputed_outside_repeated_region,OK
2026-07-26T06:15:57.491288+00:00,4a917afb6ebeca9bce885fae7f25d0ac0264ecb6,RM_EXPAND_ONLY,16,65536,16,1,0,included_in_expand_p0,included_in_expand_p1,included_in_expand_p0,included_in_expand_p0,26.955,25.761,26.955,precomputed_outside_repeated_region,OK
2026-07-26T06:15:57.491291+00:00,4a917afb6ebeca9bce885fae7f25d0ac0264ecb6,RM_EXPAND_ONLY,16,65536,16,2,0,included_in_expand_p0,included_in_expand_p1,included_in_expand_p0,included_in_expand_p0,26.689999999999998,25.775,26.689999999999998,precomputed_outside_repeated_region,OK
2026-07-26T06:15:57.491294+00:00,4a917afb6ebeca9bce885fae7f25d0ac0264ecb6,RM_EXPAND_ONLY,16,65536,16,3,0,included_in_expand_p0,included_in_expand_p1,included_in_expand_p0,included_in_expand_p0,26.610000000000003,25.637,26.610000000000003,precomputed_outside_repeated_region,OK
2026-07-26T06:15:57.491297+00:00,4a917afb6ebeca9bce885fae7f25d0ac0264ecb6,RM_EXPAND_ONLY,16,65536,16,4,0,included_in_expand_p0,included_in_expand_p1,included_in_expand_p0,included_in_expand_p0,26.895,26.018,26.895,precomputed_outside_repeated_region,OK
2026-07-26T06:15:57.491300+00:00,4a917afb6ebeca9bce885fae7f25d0ac0264ecb6,RM_EXPAND_ONLY,16,65536,16,5,0,included_in_expand_p0,included_in_expand_p1,included_in_expand_p0,included_in_expand_p0,26.671,25.657,26.671,precomputed_outside_repeated_region,OK
2026-07-26T06:15:57.491302+00:00,4a917afb6ebeca9bce885fae7f25d0ac0264ecb6,RM_EXPAND_ONLY,16,65536,16,6,0,included_in_expand_p0,included_in_expand_p1,included_in_expand_p0,included_in_expand_p0,26.792,25.675,26.792,precomputed_outside_repeated_region,OK
2026-07-26T06:15:57.491305+00:00,4a917afb6ebeca9bce885fae7f25d0ac0264ecb6,RM_EXPAND_ONLY,16,65536,16,7,0,included_in_expand_p0,included_in_expand_p1,included_in_expand_p0,included_in_expand_p0,26.761,25.881,26.761,precomputed_outside_repeated_region,OK
2026-07-26T06:15:57.491308+00:00,4a917afb6ebeca9bce885fae7f25d0ac0264ecb6,RM_EXPAND_ONLY,16,65536,16,8,0,included_in_expand_p0,included_in_expand_p1,included_in_expand_p0,included_in_expand_p0,26.671,25.7,26.671,precomputed_outside_repeated_region,OK
2026-07-26T06:15:57.491311+00:00,4a917afb6ebeca9bce885fae7f25d0ac0264ecb6,RM_EXPAND_ONLY,16,65536,16,9,0,included_in_expand_p0,included_in_expand_p1,included_in_expand_p0,included_in_expand_p0,26.789,25.756,26.789,precomputed_outside_repeated_region,OK
2026-07-26T06:15:57.491316+00:00,4a917afb6ebeca9bce885fae7f25d0ac0264ecb6,RM_EXPAND_ONLY,16,65536,32,-1,0,included_in_expand_p0,included_in_expand_p1,included_in_expand_p0,included_in_expand_p0,52.738,51.991,52.738,precomputed_outside_repeated_region,OK
2026-07-26T06:15:57.491320+00:00,4a917afb6ebeca9bce885fae7f25d0ac0264ecb6,RM_EXPAND_ONLY,16,65536,32,0,0,included_in_expand_p0,included_in_expand_p1,included_in_expand_p0,included_in_expand_p0,52.839999999999996,51.958999999999996,52.839999999999996,precomputed_outside_repeated_region,OK
2026-07-26T06:15:57.491322+00:00,4a917afb6ebeca9bce885fae7f25d0ac0264ecb6,RM_EXPAND_ONLY,16,65536,32,1,0,included_in_expand_p0,included_in_expand_p1,included_in_expand_p0,included_in_expand_p0,53.063,52.382,53.063,precomputed_outside_repeated_region,OK
2026-07-26T06:15:57.491325+00:00,4a917afb6ebeca9bce885fae7f25d0ac0264ecb6,RM_EXPAND_ONLY,16,65536,32,2,0,included_in_expand_p0,included_in_expand_p1,included_in_expand_p0,included_in_expand_p0,53.662,52.63,53.662,precomputed_outside_repeated_region,OK
2026-07-26T06:15:57.491328+00:00,4a917afb6ebeca9bce885fae7f25d0ac0264ecb6,RM_EXPAND_ONLY,16,65536,32,3,0,included_in_expand_p0,included_in_expand_p1,included_in_expand_p0,included_in_expand_p0,52.975,52.083,52.975,precomputed_outside_repeated_region,OK
2026-07-26T06:15:57.491331+00:00,4a917afb6ebeca9bce885fae7f25d0ac0264ecb6,RM_EXPAND_ONLY,16,65536,32,4,0,included_in_expand_p0,included_in_expand_p1,included_in_expand_p0,included_in_expand_p0,53.384,52.427,53.384,precomputed_outside_repeated_region,OK
2026-07-26T06:15:57.491334+00:00,4a917afb6ebeca9bce885fae7f25d0ac0264ecb6,RM_EXPAND_ONLY,16,65536,32,5,0,included_in_expand_p0,included_in_expand_p1,included_in_expand_p0,included_in_expand_p0,53.448,52.335,53.448,precomputed_outside_repeated_region,OK
2026-07-26T06:15:57.491336+00:00,4a917afb6ebeca9bce885fae7f25d0ac0264ecb6,RM_EXPAND_ONLY,16,65536,32,6,0,included_in_expand_p0,included_in_expand_p1,included_in_expand_p0,included_in_expand_p0,53.149,52.312999999999995,53.149,precomputed_outside_repeated_region,OK
2026-07-26T06:15:57.491339+00:00,4a917afb6ebeca9bce885fae7f25d0ac0264ecb6,RM_EXPAND_ONLY,16,65536,32,7,0,included_in_expand_p0,included_in_expand_p1,included_in_expand_p0,included_in_expand_p0,52.92,52.054,52.92,precomputed_outside_repeated_region,OK
2026-07-26T06:15:57.491342+00:00,4a917afb6ebeca9bce885fae7f25d0ac0264ecb6,RM_EXPAND_ONLY,16,65536,32,8,0,included_in_expand_p0,included_in_expand_p1,included_in_expand_p0,included_in_expand_p0,52.951,52.268,52.951,precomputed_outside_repeated_region,OK
2026-07-26T06:15:57.491345+00:00,4a917afb6ebeca9bce885fae7f25d0ac0264ecb6,RM_EXPAND_ONLY,16,65536,32,9,0,included_in_expand_p0,included_in_expand_p1,included_in_expand_p0,included_in_expand_p0,52.913000000000004,52.013999999999996,52.913000000000004,precomputed_outside_repeated_region,OK
2026-07-26T06:15:57.491350+00:00,4a917afb6ebeca9bce885fae7f25d0ac0264ecb6,RM_EXPAND_ONLY,18,262144,8,-1,0,included_in_expand_p0,included_in_expand_p1,included_in_expand_p0,included_in_expand_p0,70.45800000000001,65.26899999999999,70.45800000000001,precomputed_outside_repeated_region,OK
2026-07-26T06:15:57.491353+00:00,4a917afb6ebeca9bce885fae7f25d0ac0264ecb6,RM_EXPAND_ONLY,18,262144,8,0,0,included_in_expand_p0,included_in_expand_p1,included_in_expand_p0,included_in_expand_p0,70.625,64.917,70.625,precomputed_outside_repeated_region,OK
2026-07-26T06:15:57.491356+00:00,4a917afb6ebeca9bce885fae7f25d0ac0264ecb6,RM_EXPAND_ONLY,18,262144,8,1,0,included_in_expand_p0,included_in_expand_p1,included_in_expand_p0,included_in_expand_p0,71.09100000000001,65.318,71.09100000000001,precomputed_outside_repeated_region,OK
2026-07-26T06:15:57.491358+00:00,4a917afb6ebeca9bce885fae7f25d0ac0264ecb6,RM_EXPAND_ONLY,18,262144,8,2,0,included_in_expand_p0,included_in_expand_p1,included_in_expand_p0,included_in_expand_p0,70.86,65.812,70.86,precomputed_outside_repeated_region,OK
2026-07-26T06:15:57.491361+00:00,4a917afb6ebeca9bce885fae7f25d0ac0264ecb6,RM_EXPAND_ONLY,18,262144,8,3,0,included_in_expand_p0,included_in_expand_p1,included_in_expand_p0,included_in_expand_p0,70.842,65.493,70.842,precomputed_outside_repeated_region,OK
2026-07-26T06:15:57.491364+00:00,4a917afb6ebeca9bce885fae7f25d0ac0264ecb6,RM_EXPAND_ONLY,18,262144,8,4,0,included_in_expand_p0,included_in_expand_p1,included_in_expand_p0,included_in_expand_p0,71.033,65.39699999999999,71.033,precomputed_outside_repeated_region,OK
2026-07-26T06:15:57.491366+00:00,4a917afb6ebeca9bce885fae7f25d0ac0264ecb6,RM_EXPAND_ONLY,18,262144,8,5,0,included_in_expand_p0,included_in_expand_p1,included_in_expand_p0,included_in_expand_p0,70.487,64.922,70.487,precomputed_outside_repeated_region,OK
2026-07-26T06:15:57.491369+00:00,4a917afb6ebeca9bce885fae7f25d0ac0264ecb6,RM_EXPAND_ONLY,18,262144,8,6,0,included_in_expand_p0,included_in_expand_p1,included_in_expand_p0,included_in_expand_p0,70.241,65.471,70.241,precomputed_outside_repeated_region,OK
2026-07-26T06:15:57.491372+00:00,4a917afb6ebeca9bce885fae7f25d0ac0264ecb6,RM_EXPAND_ONLY,18,262144,8,7,0,included_in_expand_p0,included_in_expand_p1,included_in_expand_p0,included_in_expand_p0,70.56700000000001,65.087,70.56700000000001,precomputed_outside_repeated_region,OK
2026-07-26T06:15:57.491375+00:00,4a917afb6ebeca9bce885fae7f25d0ac0264ecb6,RM_EXPAND_ONLY,18,262144,8,8,0,included_in_expand_p0,included_in_expand_p1,included_in_expand_p0,included_in_expand_p0,70.91300000000001,65.753,70.91300000000001,precomputed_outside_repeated_region,OK
2026-07-26T06:15:57.491378+00:00,4a917afb6ebeca9bce885fae7f25d0ac0264ecb6,RM_EXPAND_ONLY,18,262144,8,9,0,included_in_expand_p0,included_in_expand_p1,included_in_expand_p0,included_in_expand_p0,70.833,65.616,70.833,precomputed_outside_repeated_region,OK
2026-07-26T06:15:57.491383+00:00,4a917afb6ebeca9bce885fae7f25d0ac0264ecb6,RM_EXPAND_ONLY,18,262144,16,-1,0,included_in_expand_p0,included_in_expand_p1,included_in_expand_p0,included_in_expand_p0,150.76600000000002,144.71800000000002,150.76600000000002,precomputed_outside_repeated_region,OK
2026-07-26T06:15:57.491385+00:00,4a917afb6ebeca9bce885fae7f25d0ac0264ecb6,RM_EXPAND_ONLY,18,262144,16,0,0,included_in_expand_p0,included_in_expand_p1,included_in_expand_p0,included_in_expand_p0,150.307,144.947,150.307,precomputed_outside_repeated_region,OK
2026-07-26T06:15:57.491388+00:00,4a917afb6ebeca9bce885fae7f25d0ac0264ecb6,RM_EXPAND_ONLY,18,262144,16,1,0,included_in_expand_p0,included_in_expand_p1,included_in_expand_p0,included_in_expand_p0,149.778,143.904,149.778,precomputed_outside_repeated_region,OK
2026-07-26T06:15:57.491391+00:00,4a917afb6ebeca9bce885fae7f25d0ac0264ecb6,RM_EXPAND_ONLY,18,262144,16,2,0,included_in_expand_p0,included_in_expand_p1,included_in_expand_p0,included_in_expand_p0,150.161,143.917,150.161,precomputed_outside_repeated_region,OK
2026-07-26T06:15:57.491394+00:00,4a917afb6ebeca9bce885fae7f25d0ac0264ecb6,RM_EXPAND_ONLY,18,262144,16,3,0,included_in_expand_p0,included_in_expand_p1,included_in_expand_p0,included_in_expand_p0,150.673,144.954,150.673,precomputed_outside_repeated_region,OK
2026-07-26T06:15:57.491396+00:00,4a917afb6ebeca9bce885fae7f25d0ac0264ecb6,RM_EXPAND_ONLY,18,262144,16,4,0,included_in_expand_p0,included_in_expand_p1,included_in_expand_p0,included_in_expand_p0,150.481,144.41899999999998,150.481,precomputed_outside_repeated_region,OK
2026-07-26T06:15:57.491401+00:00,4a917afb6ebeca9bce885fae7f25d0ac0264ecb6,RM_EXPAND_ONLY,18,262144,16,5,0,included_in_expand_p0,included_in_expand_p1,included_in_expand_p0,included_in_expand_p0,150.76999999999998,145.226,150.76999999999998,precomputed_outside_repeated_region,OK
2026-07-26T06:15:57.491404+00:00,4a917afb6ebeca9bce885fae7f25d0ac0264ecb6,RM_EXPAND_ONLY,18,262144,16,6,0,included_in_expand_p0,included_in_expand_p1,included_in_expand_p0,included_in_expand_p0,151.31300000000002,145.171,151.31300000000002,precomputed_outside_repeated_region,OK
2026-07-26T06:15:57.491407+00:00,4a917afb6ebeca9bce885fae7f25d0ac0264ecb6,RM_EXPAND_ONLY,18,262144,16,7,0,included_in_expand_p0,included_in_expand_p1,included_in_expand_p0,included_in_expand_p0,150.19,144.283,150.19,precomputed_outside_repeated_region,OK
2026-07-26T06:15:57.491410+00:00,4a917afb6ebeca9bce885fae7f25d0ac0264ecb6,RM_EXPAND_ONLY,18,262144,16,8,0,included_in_expand_p0,included_in_expand_p1,included_in_expand_p0,included_in_expand_p0,150.657,144.142,150.657,precomputed_outside_repeated_region,OK
2026-07-26T06:15:57.491413+00:00,4a917afb6ebeca9bce885fae7f25d0ac0264ecb6,RM_EXPAND_ONLY,18,262144,16,9,0,included_in_expand_p0,included_in_expand_p1,included_in_expand_p0,included_in_expand_p0,150.44299999999998,145.283,150.44299999999998,precomputed_outside_repeated_region,OK
2026-07-26T06:15:57.491418+00:00,4a917afb6ebeca9bce885fae7f25d0ac0264ecb6,RM_EXPAND_ONLY,18,262144,32,-1,0,included_in_expand_p0,included_in_expand_p1,included_in_expand_p0,included_in_expand_p0,294.399,291.263,294.399,precomputed_outside_repeated_region,OK
2026-07-26T06:15:57.491421+00:00,4a917afb6ebeca9bce885fae7f25d0ac0264ecb6,RM_EXPAND_ONLY,18,262144,32,0,0,included_in_expand_p0,included_in_expand_p1,included_in_expand_p0,included_in_expand_p0,294.16900000000004,289.491,294.16900000000004,precomputed_outside_repeated_region,OK
2026-07-26T06:15:57.491424+00:00,4a917afb6ebeca9bce885fae7f25d0ac0264ecb6,RM_EXPAND_ONLY,18,262144,32,1,0,included_in_expand_p0,included_in_expand_p1,included_in_expand_p0,included_in_expand_p0,293.88100000000003,289.505,293.88100000000003,precomputed_outside_repeated_region,OK
2026-07-26T06:15:57.491426+00:00,4a917afb6ebeca9bce885fae7f25d0ac0264ecb6,RM_EXPAND_ONLY,18,262144,32,2,0,included_in_expand_p0,included_in_expand_p1,included_in_expand_p0,included_in_expand_p0,294.333,289.306,294.333,precomputed_outside_repeated_region,OK
2026-07-26T06:15:57.491429+00:00,4a917afb6ebeca9bce885fae7f25d0ac0264ecb6,RM_EXPAND_ONLY,18,262144,32,3,0,included_in_expand_p0,included_in_expand_p1,included_in_expand_p0,included_in_expand_p0,295.174,290.177,295.174,precomputed_outside_repeated_region,OK
2026-07-26T06:15:57.491432+00:00,4a917afb6ebeca9bce885fae7f25d0ac0264ecb6,RM_EXPAND_ONLY,18,262144,32,4,0,included_in_expand_p0,included_in_expand_p1,included_in_expand_p0,included_in_expand_p0,294.137,289.619,294.137,precomputed_outside_repeated_region,OK
2026-07-26T06:15:57.491439+00:00,4a917afb6ebeca9bce885fae7f25d0ac0264ecb6,RM_EXPAND_ONLY,18,262144,32,5,0,included_in_expand_p0,included_in_expand_p1,included_in_expand_p0,included_in_expand_p0,294.837,289.63800000000003,294.837,precomputed_outside_repeated_region,OK
2026-07-26T06:15:57.491442+00:00,4a917afb6ebeca9bce885fae7f25d0ac0264ecb6,RM_EXPAND_ONLY,18,262144,32,6,0,included_in_expand_p0,included_in_expand_p1,included_in_expand_p0,included_in_expand_p0,295.46,290.605,295.46,precomputed_outside_repeated_region,OK
2026-07-26T06:15:57.491445+00:00,4a917afb6ebeca9bce885fae7f25d0ac0264ecb6,RM_EXPAND_ONLY,18,262144,32,7,0,included_in_expand_p0,included_in_expand_p1,included_in_expand_p0,included_in_expand_p0,293.598,288.812,293.598,precomputed_outside_repeated_region,OK
2026-07-26T06:15:57.491448+00:00,4a917afb6ebeca9bce885fae7f25d0ac0264ecb6,RM_EXPAND_ONLY,18,262144,32,8,0,included_in_expand_p0,included_in_expand_p1,included_in_expand_p0,included_in_expand_p0,294.821,291.084,294.821,precomputed_outside_repeated_region,OK
2026-07-26T06:15:57.491451+00:00,4a917afb6ebeca9bce885fae7f25d0ac0264ecb6,RM_EXPAND_ONLY,18,262144,32,9,0,included_in_expand_p0,included_in_expand_p1,included_in_expand_p0,included_in_expand_p0,295.94599999999997,291.128,295.94599999999997,precomputed_outside_repeated_region,OK
2026-07-26T06:15:57.491457+00:00,4a917afb6ebeca9bce885fae7f25d0ac0264ecb6,RM_EXPAND_ONLY,20,1048576,8,-1,0,included_in_expand_p0,included_in_expand_p1,included_in_expand_p0,included_in_expand_p0,337.846,315.948,337.846,precomputed_outside_repeated_region,OK
2026-07-26T06:15:57.491460+00:00,4a917afb6ebeca9bce885fae7f25d0ac0264ecb6,RM_EXPAND_ONLY,20,1048576,8,0,0,included_in_expand_p0,included_in_expand_p1,included_in_expand_p0,included_in_expand_p0,338.811,315.948,338.811,precomputed_outside_repeated_region,OK
2026-07-26T06:15:57.491463+00:00,4a917afb6ebeca9bce885fae7f25d0ac0264ecb6,RM_EXPAND_ONLY,20,1048576,8,1,0,included_in_expand_p0,included_in_expand_p1,included_in_expand_p0,included_in_expand_p0,338.353,317.983,338.353,precomputed_outside_repeated_region,OK
2026-07-26T06:15:57.491466+00:00,4a917afb6ebeca9bce885fae7f25d0ac0264ecb6,RM_EXPAND_ONLY,20,1048576,8,2,0,included_in_expand_p0,included_in_expand_p1,included_in_expand_p0,included_in_expand_p0,338.57599999999996,316.101,338.57599999999996,precomputed_outside_repeated_region,OK
2026-07-26T06:15:57.491469+00:00,4a917afb6ebeca9bce885fae7f25d0ac0264ecb6,RM_EXPAND_ONLY,20,1048576,8,3,0,included_in_expand_p0,included_in_expand_p1,included_in_expand_p0,included_in_expand_p0,337.597,315.944,337.597,precomputed_outside_repeated_region,OK
2026-07-26T06:15:57.491472+00:00,4a917afb6ebeca9bce885fae7f25d0ac0264ecb6,RM_EXPAND_ONLY,20,1048576,8,4,0,included_in_expand_p0,included_in_expand_p1,included_in_expand_p0,included_in_expand_p0,340.04200000000003,319.83,340.04200000000003,precomputed_outside_repeated_region,OK
2026-07-26T06:15:57.491475+00:00,4a917afb6ebeca9bce885fae7f25d0ac0264ecb6,RM_EXPAND_ONLY,20,1048576,8,5,0,included_in_expand_p0,included_in_expand_p1,included_in_expand_p0,included_in_expand_p0,338.099,315.587,338.099,precomputed_outside_repeated_region,OK
2026-07-26T06:15:57.491480+00:00,4a917afb6ebeca9bce885fae7f25d0ac0264ecb6,RM_EXPAND_ONLY,20,1048576,8,6,0,included_in_expand_p0,included_in_expand_p1,included_in_expand_p0,included_in_expand_p0,337.399,314.493,337.399,precomputed_outside_repeated_region,OK
2026-07-26T06:15:57.491483+00:00,4a917afb6ebeca9bce885fae7f25d0ac0264ecb6,RM_EXPAND_ONLY,20,1048576,8,7,0,included_in_expand_p0,included_in_expand_p1,included_in_expand_p0,included_in_expand_p0,338.58500000000004,317.161,338.58500000000004,precomputed_outside_repeated_region,OK
2026-07-26T06:15:57.491486+00:00,4a917afb6ebeca9bce885fae7f25d0ac0264ecb6,RM_EXPAND_ONLY,20,1048576,8,8,0,included_in_expand_p0,included_in_expand_p1,included_in_expand_p0,included_in_expand_p0,341.09299999999996,318.812,341.09299999999996,precomputed_outside_repeated_region,OK
2026-07-26T06:15:57.491489+00:00,4a917afb6ebeca9bce885fae7f25d0ac0264ecb6,RM_EXPAND_ONLY,20,1048576,8,9,0,included_in_expand_p0,included_in_expand_p1,included_in_expand_p0,included_in_expand_p0,339.404,317.79,339.404,precomputed_outside_repeated_region,OK
2026-07-26T06:15:57.491494+00:00,4a917afb6ebeca9bce885fae7f25d0ac0264ecb6,RM_EXPAND_ONLY,20,1048576,16,-1,0,included_in_expand_p0,included_in_expand_p1,included_in_expand_p0,included_in_expand_p0,697.6569999999999,683.475,697.6569999999999,precomputed_outside_repeated_region,OK
2026-07-26T06:15:57.491497+00:00,4a917afb6ebeca9bce885fae7f25d0ac0264ecb6,RM_EXPAND_ONLY,20,1048576,16,0,0,included_in_expand_p0,included_in_expand_p1,included_in_expand_p0,included_in_expand_p0,696.323,677.5029999999999,696.323,precomputed_outside_repeated_region,OK
2026-07-26T06:15:57.491499+00:00,4a917afb6ebeca9bce885fae7f25d0ac0264ecb6,RM_EXPAND_ONLY,20,1048576,16,1,0,included_in_expand_p0,included_in_expand_p1,included_in_expand_p0,included_in_expand_p0,695.5029999999999,679.119,695.5029999999999,precomputed_outside_repeated_region,OK
2026-07-26T06:15:57.491502+00:00,4a917afb6ebeca9bce885fae7f25d0ac0264ecb6,RM_EXPAND_ONLY,20,1048576,16,2,0,included_in_expand_p0,included_in_expand_p1,included_in_expand_p0,included_in_expand_p0,700.6949999999999,685.154,700.6949999999999,precomputed_outside_repeated_region,OK
2026-07-26T06:15:57.491505+00:00,4a917afb6ebeca9bce885fae7f25d0ac0264ecb6,RM_EXPAND_ONLY,20,1048576,16,3,0,included_in_expand_p0,included_in_expand_p1,included_in_expand_p0,included_in_expand_p0,692.847,678.542,692.847,precomputed_outside_repeated_region,OK
2026-07-26T06:15:57.491508+00:00,4a917afb6ebeca9bce885fae7f25d0ac0264ecb6,RM_EXPAND_ONLY,20,1048576,16,4,0,included_in_expand_p0,included_in_expand_p1,included_in_expand_p0,included_in_expand_p0,693.0070000000001,678.907,693.0070000000001,precomputed_outside_repeated_region,OK
2026-07-26T06:15:57.491511+00:00,4a917afb6ebeca9bce885fae7f25d0ac0264ecb6,RM_EXPAND_ONLY,20,1048576,16,5,0,included_in_expand_p0,included_in_expand_p1,included_in_expand_p0,included_in_expand_p0,692.3249999999999,676.75,692.3249999999999,precomputed_outside_repeated_region,OK
2026-07-26T06:15:57.491514+00:00,4a917afb6ebeca9bce885fae7f25d0ac0264ecb6,RM_EXPAND_ONLY,20,1048576,16,6,0,included_in_expand_p0,included_in_expand_p1,included_in_expand_p0,included_in_expand_p0,691.7149999999999,680.168,691.7149999999999,precomputed_outside_repeated_region,OK
2026-07-26T06:15:57.491517+00:00,4a917afb6ebeca9bce885fae7f25d0ac0264ecb6,RM_EXPAND_ONLY,20,1048576,16,7,0,included_in_expand_p0,included_in_expand_p1,included_in_expand_p0,included_in_expand_p0,694.579,681.023,694.579,precomputed_outside_repeated_region,OK
2026-07-26T06:15:57.491520+00:00,4a917afb6ebeca9bce885fae7f25d0ac0264ecb6,RM_EXPAND_ONLY,20,1048576,16,8,0,included_in_expand_p0,included_in_expand_p1,included_in_expand_p0,included_in_expand_p0,689.8689999999999,677.822,689.8689999999999,precomputed_outside_repeated_region,OK
2026-07-26T06:15:57.491525+00:00,4a917afb6ebeca9bce885fae7f25d0ac0264ecb6,RM_EXPAND_ONLY,20,1048576,16,9,0,included_in_expand_p0,included_in_expand_p1,included_in_expand_p0,included_in_expand_p0,696.554,681.939,696.554,precomputed_outside_repeated_region,OK
2026-07-26T06:15:57.491531+00:00,4a917afb6ebeca9bce885fae7f25d0ac0264ecb6,RM_EXPAND_ONLY,20,1048576,32,-1,0,included_in_expand_p0,included_in_expand_p1,included_in_expand_p0,included_in_expand_p0,1459.2130000000002,1434.546,1459.2130000000002,precomputed_outside_repeated_region,OK
2026-07-26T06:15:57.491534+00:00,4a917afb6ebeca9bce885fae7f25d0ac0264ecb6,RM_EXPAND_ONLY,20,1048576,32,0,0,included_in_expand_p0,included_in_expand_p1,included_in_expand_p0,included_in_expand_p0,1451.193,1467.649,1467.649,precomputed_outside_repeated_region,OK
2026-07-26T06:15:57.491537+00:00,4a917afb6ebeca9bce885fae7f25d0ac0264ecb6,RM_EXPAND_ONLY,20,1048576,32,1,0,included_in_expand_p0,included_in_expand_p1,included_in_expand_p0,included_in_expand_p0,1453.035,1447.333,1453.035,precomputed_outside_repeated_region,OK
2026-07-26T06:15:57.491540+00:00,4a917afb6ebeca9bce885fae7f25d0ac0264ecb6,RM_EXPAND_ONLY,20,1048576,32,2,0,included_in_expand_p0,included_in_expand_p1,included_in_expand_p0,included_in_expand_p0,1455.115,1432.3760000000002,1455.115,precomputed_outside_repeated_region,OK
2026-07-26T06:15:57.491545+00:00,4a917afb6ebeca9bce885fae7f25d0ac0264ecb6,RM_EXPAND_ONLY,20,1048576,32,3,0,included_in_expand_p0,included_in_expand_p1,included_in_expand_p0,included_in_expand_p0,1457.504,1476.368,1476.368,precomputed_outside_repeated_region,OK
2026-07-26T06:15:57.491547+00:00,4a917afb6ebeca9bce885fae7f25d0ac0264ecb6,RM_EXPAND_ONLY,20,1048576,32,4,0,included_in_expand_p0,included_in_expand_p1,included_in_expand_p0,included_in_expand_p0,1460.607,1439.01,1460.607,precomputed_outside_repeated_region,OK
2026-07-26T06:15:57.491552+00:00,4a917afb6ebeca9bce885fae7f25d0ac0264ecb6,RM_EXPAND_ONLY,20,1048576,32,5,0,included_in_expand_p0,included_in_expand_p1,included_in_expand_p0,included_in_expand_p0,1454.317,1450.63,1454.317,precomputed_outside_repeated_region,OK
2026-07-26T06:15:57.491556+00:00,4a917afb6ebeca9bce885fae7f25d0ac0264ecb6,RM_EXPAND_ONLY,20,1048576,32,6,0,included_in_expand_p0,included_in_expand_p1,included_in_expand_p0,included_in_expand_p0,1464.371,1448.1779999999999,1464.371,precomputed_outside_repeated_region,OK
2026-07-26T06:15:57.491559+00:00,4a917afb6ebeca9bce885fae7f25d0ac0264ecb6,RM_EXPAND_ONLY,20,1048576,32,7,0,included_in_expand_p0,included_in_expand_p1,included_in_expand_p0,included_in_expand_p0,1463.002,1441.478,1463.002,precomputed_outside_repeated_region,OK
2026-07-26T06:15:57.491562+00:00,4a917afb6ebeca9bce885fae7f25d0ac0264ecb6,RM_EXPAND_ONLY,20,1048576,32,8,0,included_in_expand_p0,included_in_expand_p1,included_in_expand_p0,included_in_expand_p0,1449.503,1456.7,1456.7,precomputed_outside_repeated_region,OK
2026-07-26T06:15:57.491564+00:00,4a917afb6ebeca9bce885fae7f25d0ac0264ecb6,RM_EXPAND_ONLY,20,1048576,32,9,0,included_in_expand_p0,included_in_expand_p1,included_in_expand_p0,included_in_expand_p0,1458.938,1457.346,1458.938,precomputed_outside_repeated_region,OK
