timestamp,method,logN,N,m,trial_index,network_profile,split_input_bytes,pprf_bytes,framing_bytes,total_comm_bytes
2026-07-26T05:49:48.651859+00:00,RM_VECTOR_GENERIC_SPLIT,12,4096,8,-2,LOCAL_TCP,4211904,374416,0,3996496
2026-07-26T05:49:49.358691+00:00,RM_VECTOR_GENERIC_SPLIT,12,4096,8,0,LOCAL_TCP,4211904,79688,0,4291392
2026-07-26T05:49:49.711775+00:00,RM_VECTOR_GENERIC_SPLIT,12,4096,8,1,LOCAL_TCP,4211904,79688,0,4291392
2026-07-26T05:49:50.065442+00:00,RM_VECTOR_GENERIC_SPLIT,12,4096,8,2,LOCAL_TCP,4211904,79688,0,4291392
2026-07-26T05:49:50.419402+00:00,RM_VECTOR_GENERIC_SPLIT,12,4096,8,3,LOCAL_TCP,4211904,79688,0,4291392
2026-07-26T05:49:50.773693+00:00,RM_VECTOR_GENERIC_SPLIT,12,4096,8,4,LOCAL_TCP,4211904,79688,0,4291392
2026-07-26T05:49:51.127572+00:00,RM_VECTOR_GENERIC_SPLIT,12,4096,8,5,LOCAL_TCP,4211904,79688,0,4291392
2026-07-26T05:49:51.481279+00:00,RM_VECTOR_GENERIC_SPLIT,12,4096,8,6,LOCAL_TCP,4211904,79688,0,4291392
2026-07-26T05:49:51.834968+00:00,RM_VECTOR_GENERIC_SPLIT,12,4096,8,7,LOCAL_TCP,4211904,79688,0,4291392
2026-07-26T05:49:52.188478+00:00,RM_VECTOR_GENERIC_SPLIT,12,4096,8,8,LOCAL_TCP,4211904,79688,0,4291392
2026-07-26T05:49:52.541512+00:00,RM_VECTOR_GENERIC_SPLIT,12,4096,8,9,LOCAL_TCP,4211904,79688,0,4291392
2026-07-26T05:49:53.245457+00:00,RM_COORD_GENERIC_SPLIT,12,4096,8,-2,LOCAL_TCP,4211904,702016,0,4324096
2026-07-26T05:49:54.703892+00:00,RM_COORD_GENERIC_SPLIT,12,4096,8,0,LOCAL_TCP,4211904,407288,0,4618992
2026-07-26T05:49:55.458207+00:00,RM_COORD_GENERIC_SPLIT,12,4096,8,1,LOCAL_TCP,4211904,407288,0,4618992
2026-07-26T05:49:56.162505+00:00,RM_COORD_GENERIC_SPLIT,12,4096,8,2,LOCAL_TCP,4211904,407288,0,4618992
2026-07-26T05:49:56.816680+00:00,RM_COORD_GENERIC_SPLIT,12,4096,8,3,LOCAL_TCP,4211904,407288,0,4618992
2026-07-26T05:49:57.470663+00:00,RM_COORD_GENERIC_SPLIT,12,4096,8,4,LOCAL_TCP,4211904,407288,0,4618992
2026-07-26T05:49:58.124616+00:00,RM_COORD_GENERIC_SPLIT,12,4096,8,5,LOCAL_TCP,4211904,407288,0,4618992
2026-07-26T05:49:58.778930+00:00,RM_COORD_GENERIC_SPLIT,12,4096,8,6,LOCAL_TCP,4211904,407288,0,4618992
2026-07-26T05:49:59.433627+00:00,RM_COORD_GENERIC_SPLIT,12,4096,8,7,LOCAL_TCP,4211904,407288,0,4618992
2026-07-26T05:50:00.087429+00:00,RM_COORD_GENERIC_SPLIT,12,4096,8,8,LOCAL_TCP,4211904,407288,0,4618992
2026-07-26T05:50:00.741170+00:00,RM_COORD_GENERIC_SPLIT,12,4096,8,9,LOCAL_TCP,4211904,407288,0,4618992
2026-07-26T05:50:01.044409+00:00,RM_VECTOR_OPT,12,4096,8,-2,LOCAL_TCP,1378768,374416,0,1163360
2026-07-26T05:50:01.650386+00:00,RM_VECTOR_OPT,12,4096,8,0,LOCAL_TCP,1378768,79688,0,1458256
2026-07-26T05:50:01.953246+00:00,RM_VECTOR_OPT,12,4096,8,1,LOCAL_TCP,1378768,79688,0,1458256
2026-07-26T05:50:02.256304+00:00,RM_VECTOR_OPT,12,4096,8,2,LOCAL_TCP,1378768,79688,0,1458256
2026-07-26T05:50:02.559075+00:00,RM_VECTOR_OPT,12,4096,8,3,LOCAL_TCP,1378768,79688,0,1458256
2026-07-26T05:50:02.862322+00:00,RM_VECTOR_OPT,12,4096,8,4,LOCAL_TCP,1378768,79688,0,1458256
2026-07-26T05:50:03.165822+00:00,RM_VECTOR_OPT,12,4096,8,5,LOCAL_TCP,1378768,79688,0,1458256
2026-07-26T05:50:03.469223+00:00,RM_VECTOR_OPT,12,4096,8,6,LOCAL_TCP,1378768,79688,0,1458256
2026-07-26T05:50:03.772953+00:00,RM_VECTOR_OPT,12,4096,8,7,LOCAL_TCP,1378768,79688,0,1458256
2026-07-26T05:50:04.076550+00:00,RM_VECTOR_OPT,12,4096,8,8,LOCAL_TCP,1378768,79688,0,1458256
2026-07-26T05:50:04.380106+00:00,RM_VECTOR_OPT,12,4096,8,9,LOCAL_TCP,1378768,79688,0,1458256
2026-07-26T05:50:05.034302+00:00,RM_COORD_OPT,12,4096,8,-2,LOCAL_TCP,1378768,702016,0,1490960
2026-07-26T05:50:06.342437+00:00,RM_COORD_OPT,12,4096,8,0,LOCAL_TCP,1378768,407288,0,1785856
2026-07-26T05:50:06.996146+00:00,RM_COORD_OPT,12,4096,8,1,LOCAL_TCP,1378768,407288,0,1785856
2026-07-26T05:50:07.649816+00:00,RM_COORD_OPT,12,4096,8,2,LOCAL_TCP,1378768,407288,0,1785856
2026-07-26T05:50:08.354055+00:00,RM_COORD_OPT,12,4096,8,3,LOCAL_TCP,1378768,407288,0,1785856
2026-07-26T05:50:09.008483+00:00,RM_COORD_OPT,12,4096,8,4,LOCAL_TCP,1378768,407288,0,1785856
2026-07-26T05:50:09.662841+00:00,RM_COORD_OPT,12,4096,8,5,LOCAL_TCP,1378768,407288,0,1785856
2026-07-26T05:50:10.317176+00:00,RM_COORD_OPT,12,4096,8,6,LOCAL_TCP,1378768,407288,0,1785856
2026-07-26T05:50:10.971249+00:00,RM_COORD_OPT,12,4096,8,7,LOCAL_TCP,1378768,407288,0,1785856
2026-07-26T05:50:11.625627+00:00,RM_COORD_OPT,12,4096,8,8,LOCAL_TCP,1378768,407288,0,1785856
2026-07-26T05:50:12.279749+00:00,RM_COORD_OPT,12,4096,8,9,LOCAL_TCP,1378768,407288,0,1785856
2026-07-26T05:50:12.733431+00:00,RM_VECTOR_GENERIC_SPLIT,12,4096,16,-2,LOCAL_TCP,16812288,669264,0,16367440
2026-07-26T05:50:13.641212+00:00,RM_VECTOR_GENERIC_SPLIT,12,4096,16,0,LOCAL_TCP,16812288,112520,0,16924480
2026-07-26T05:50:14.094558+00:00,RM_VECTOR_GENERIC_SPLIT,12,4096,16,1,LOCAL_TCP,16812288,112520,0,16924480
2026-07-26T05:50:14.548300+00:00,RM_VECTOR_GENERIC_SPLIT,12,4096,16,2,LOCAL_TCP,16812288,112520,0,16924480
2026-07-26T05:50:15.052237+00:00,RM_VECTOR_GENERIC_SPLIT,12,4096,16,3,LOCAL_TCP,16812288,112520,0,16924480
2026-07-26T05:50:15.506033+00:00,RM_VECTOR_GENERIC_SPLIT,12,4096,16,4,LOCAL_TCP,16812288,112520,0,16924480
2026-07-26T05:50:15.959536+00:00,RM_VECTOR_GENERIC_SPLIT,12,4096,16,5,LOCAL_TCP,16812288,112520,0,16924480
2026-07-26T05:50:16.413293+00:00,RM_VECTOR_GENERIC_SPLIT,12,4096,16,6,LOCAL_TCP,16812288,112520,0,16924480
2026-07-26T05:50:16.866876+00:00,RM_VECTOR_GENERIC_SPLIT,12,4096,16,7,LOCAL_TCP,16812288,112520,0,16924480
2026-07-26T05:50:17.320568+00:00,RM_VECTOR_GENERIC_SPLIT,12,4096,16,8,LOCAL_TCP,16812288,112520,0,16924480
2026-07-26T05:50:17.774313+00:00,RM_VECTOR_GENERIC_SPLIT,12,4096,16,9,LOCAL_TCP,16812288,112520,0,16924480
2026-07-26T05:50:19.029694+00:00,RM_COORD_GENERIC_SPLIT,12,4096,16,-2,LOCAL_TCP,16812288,1371264,0,17069440
2026-07-26T05:50:21.489759+00:00,RM_COORD_GENERIC_SPLIT,12,4096,16,0,LOCAL_TCP,16812288,814520,0,17626480
2026-07-26T05:50:22.694779+00:00,RM_COORD_GENERIC_SPLIT,12,4096,16,1,LOCAL_TCP,16812288,814520,0,17626480
2026-07-26T05:50:23.849690+00:00,RM_COORD_GENERIC_SPLIT,12,4096,16,2,LOCAL_TCP,16812288,814520,0,17626480
2026-07-26T05:50:25.054968+00:00,RM_COORD_GENERIC_SPLIT,12,4096,16,3,LOCAL_TCP,16812288,814520,0,17626480
2026-07-26T05:50:26.211205+00:00,RM_COORD_GENERIC_SPLIT,12,4096,16,4,LOCAL_TCP,16812288,814520,0,17626480
2026-07-26T05:50:27.366013+00:00,RM_COORD_GENERIC_SPLIT,12,4096,16,5,LOCAL_TCP,16812288,814520,0,17626480
2026-07-26T05:50:28.520651+00:00,RM_COORD_GENERIC_SPLIT,12,4096,16,6,LOCAL_TCP,16812288,814520,0,17626480
2026-07-26T05:50:29.725511+00:00,RM_COORD_GENERIC_SPLIT,12,4096,16,7,LOCAL_TCP,16812288,814520,0,17626480
2026-07-26T05:50:30.880315+00:00,RM_COORD_GENERIC_SPLIT,12,4096,16,8,LOCAL_TCP,16812288,814520,0,17626480
2026-07-26T05:50:32.035300+00:00,RM_COORD_GENERIC_SPLIT,12,4096,16,9,LOCAL_TCP,16812288,814520,0,17626480
2026-07-26T05:50:32.338789+00:00,RM_VECTOR_OPT,12,4096,16,-2,LOCAL_TCP,2378256,669264,0,1933408
2026-07-26T05:50:32.945885+00:00,RM_VECTOR_OPT,12,4096,16,0,LOCAL_TCP,2378256,112520,0,2490448
2026-07-26T05:50:33.249391+00:00,RM_VECTOR_OPT,12,4096,16,1,LOCAL_TCP,2378256,112520,0,2490448
2026-07-26T05:50:33.553450+00:00,RM_VECTOR_OPT,12,4096,16,2,LOCAL_TCP,2378256,112520,0,2490448
2026-07-26T05:50:33.857109+00:00,RM_VECTOR_OPT,12,4096,16,3,LOCAL_TCP,2378256,112520,0,2490448
2026-07-26T05:50:34.160647+00:00,RM_VECTOR_OPT,12,4096,16,4,LOCAL_TCP,2378256,112520,0,2490448
2026-07-26T05:50:34.464174+00:00,RM_VECTOR_OPT,12,4096,16,5,LOCAL_TCP,2378256,112520,0,2490448
2026-07-26T05:50:34.767275+00:00,RM_VECTOR_OPT,12,4096,16,6,LOCAL_TCP,2378256,112520,0,2490448
2026-07-26T05:50:35.070449+00:00,RM_VECTOR_OPT,12,4096,16,7,LOCAL_TCP,2378256,112520,0,2490448
2026-07-26T05:50:35.373761+00:00,RM_VECTOR_OPT,12,4096,16,8,LOCAL_TCP,2378256,112520,0,2490448
2026-07-26T05:50:35.677056+00:00,RM_VECTOR_OPT,12,4096,16,9,LOCAL_TCP,2378256,112520,0,2490448
2026-07-26T05:50:36.732038+00:00,RM_COORD_OPT,12,4096,16,-2,LOCAL_TCP,2378256,1371264,0,2635408
2026-07-26T05:50:38.991883+00:00,RM_COORD_OPT,12,4096,16,0,LOCAL_TCP,2378256,814520,0,3192448
2026-07-26T05:50:39.995930+00:00,RM_COORD_OPT,12,4096,16,1,LOCAL_TCP,2378256,814520,0,3192448
2026-07-26T05:50:41.000548+00:00,RM_COORD_OPT,12,4096,16,2,LOCAL_TCP,2378256,814520,0,3192448
2026-07-26T05:50:42.005623+00:00,RM_COORD_OPT,12,4096,16,3,LOCAL_TCP,2378256,814520,0,3192448
2026-07-26T05:50:43.060476+00:00,RM_COORD_OPT,12,4096,16,4,LOCAL_TCP,2378256,814520,0,3192448
2026-07-26T05:50:44.064894+00:00,RM_COORD_OPT,12,4096,16,5,LOCAL_TCP,2378256,814520,0,3192448
2026-07-26T05:50:45.069389+00:00,RM_COORD_OPT,12,4096,16,6,LOCAL_TCP,2378256,814520,0,3192448
2026-07-26T05:50:46.074909+00:00,RM_COORD_OPT,12,4096,16,7,LOCAL_TCP,2378256,814520,0,3192448
2026-07-26T05:50:47.129857+00:00,RM_COORD_OPT,12,4096,16,8,LOCAL_TCP,2378256,814520,0,3192448
2026-07-26T05:50:48.134462+00:00,RM_COORD_OPT,12,4096,16,9,LOCAL_TCP,2378256,814520,0,3192448
2026-07-26T05:50:48.888633+00:00,RM_VECTOR_GENERIC_SPLIT,12,4096,32,-2,LOCAL_TCP,67178880,1258960,0,66275152
2026-07-26T05:50:50.346759+00:00,RM_VECTOR_GENERIC_SPLIT,12,4096,32,0,LOCAL_TCP,67178880,178184,0,67356480
2026-07-26T05:50:51.050933+00:00,RM_VECTOR_GENERIC_SPLIT,12,4096,32,1,LOCAL_TCP,67178880,178184,0,67356480
2026-07-26T05:50:51.805434+00:00,RM_VECTOR_GENERIC_SPLIT,12,4096,32,2,LOCAL_TCP,67178880,178184,0,67356480
2026-07-26T05:50:52.559654+00:00,RM_VECTOR_GENERIC_SPLIT,12,4096,32,3,LOCAL_TCP,67178880,178184,0,67356480
2026-07-26T05:50:53.263762+00:00,RM_VECTOR_GENERIC_SPLIT,12,4096,32,4,LOCAL_TCP,67178880,178184,0,67356480
2026-07-26T05:50:53.967854+00:00,RM_VECTOR_GENERIC_SPLIT,12,4096,32,5,LOCAL_TCP,67178880,178184,0,67356480
2026-07-26T05:50:54.722347+00:00,RM_VECTOR_GENERIC_SPLIT,12,4096,32,6,LOCAL_TCP,67178880,178184,0,67356480
2026-07-26T05:50:55.476908+00:00,RM_VECTOR_GENERIC_SPLIT,12,4096,32,7,LOCAL_TCP,67178880,178184,0,67356480
2026-07-26T05:50:56.181239+00:00,RM_VECTOR_GENERIC_SPLIT,12,4096,32,8,LOCAL_TCP,67178880,178184,0,67356480
2026-07-26T05:50:56.885738+00:00,RM_VECTOR_GENERIC_SPLIT,12,4096,32,9,LOCAL_TCP,67178880,178184,0,67356480
2026-07-26T05:50:59.292739+00:00,RM_COORD_GENERIC_SPLIT,12,4096,32,-2,LOCAL_TCP,67178880,2709760,0,67725952
2026-07-26T05:51:03.905792+00:00,RM_COORD_GENERIC_SPLIT,12,4096,32,0,LOCAL_TCP,67178880,1628984,0,68807280
2026-07-26T05:51:06.313248+00:00,RM_COORD_GENERIC_SPLIT,12,4096,32,1,LOCAL_TCP,67178880,1628984,0,68807280
2026-07-26T05:51:08.420930+00:00,RM_COORD_GENERIC_SPLIT,12,4096,32,2,LOCAL_TCP,67178880,1628984,0,68807280
2026-07-26T05:51:10.628073+00:00,RM_COORD_GENERIC_SPLIT,12,4096,32,3,LOCAL_TCP,67178880,1628984,0,68807280
2026-07-26T05:51:12.837170+00:00,RM_COORD_GENERIC_SPLIT,12,4096,32,4,LOCAL_TCP,67178880,1628984,0,68807280
2026-07-26T05:51:14.994007+00:00,RM_COORD_GENERIC_SPLIT,12,4096,32,5,LOCAL_TCP,67178880,1628984,0,68807280
2026-07-26T05:51:17.250542+00:00,RM_COORD_GENERIC_SPLIT,12,4096,32,6,LOCAL_TCP,67178880,1628984,0,68807280
2026-07-26T05:51:19.456644+00:00,RM_COORD_GENERIC_SPLIT,12,4096,32,7,LOCAL_TCP,67178880,1628984,0,68807280
2026-07-26T05:51:21.612704+00:00,RM_COORD_GENERIC_SPLIT,12,4096,32,8,LOCAL_TCP,67178880,1628984,0,68807280
2026-07-26T05:51:23.870681+00:00,RM_COORD_GENERIC_SPLIT,12,4096,32,9,LOCAL_TCP,67178880,1628984,0,68807280
2026-07-26T05:51:24.224542+00:00,RM_VECTOR_OPT,12,4096,32,-2,LOCAL_TCP,4377232,1258960,0,3473504
2026-07-26T05:51:24.932618+00:00,RM_VECTOR_OPT,12,4096,32,0,LOCAL_TCP,4377232,178184,0,4554832
2026-07-26T05:51:25.286367+00:00,RM_VECTOR_OPT,12,4096,32,1,LOCAL_TCP,4377232,178184,0,4554832
2026-07-26T05:51:25.639936+00:00,RM_VECTOR_OPT,12,4096,32,2,LOCAL_TCP,4377232,178184,0,4554832
2026-07-26T05:51:25.993371+00:00,RM_VECTOR_OPT,12,4096,32,3,LOCAL_TCP,4377232,178184,0,4554832
2026-07-26T05:51:26.346641+00:00,RM_VECTOR_OPT,12,4096,32,4,LOCAL_TCP,4377232,178184,0,4554832
2026-07-26T05:51:26.699900+00:00,RM_VECTOR_OPT,12,4096,32,5,LOCAL_TCP,4377232,178184,0,4554832
2026-07-26T05:51:27.053709+00:00,RM_VECTOR_OPT,12,4096,32,6,LOCAL_TCP,4377232,178184,0,4554832
2026-07-26T05:51:27.407639+00:00,RM_VECTOR_OPT,12,4096,32,7,LOCAL_TCP,4377232,178184,0,4554832
2026-07-26T05:51:27.761640+00:00,RM_VECTOR_OPT,12,4096,32,8,LOCAL_TCP,4377232,178184,0,4554832
2026-07-26T05:51:28.115452+00:00,RM_VECTOR_OPT,12,4096,32,9,LOCAL_TCP,4377232,178184,0,4554832
2026-07-26T05:51:29.921498+00:00,RM_COORD_OPT,12,4096,32,-2,LOCAL_TCP,4377232,2709760,0,4924304
2026-07-26T05:51:33.584204+00:00,RM_COORD_OPT,12,4096,32,0,LOCAL_TCP,4377232,1628984,0,6005632
2026-07-26T05:51:35.440364+00:00,RM_COORD_OPT,12,4096,32,1,LOCAL_TCP,4377232,1628984,0,6005632
2026-07-26T05:51:37.246499+00:00,RM_COORD_OPT,12,4096,32,2,LOCAL_TCP,4377232,1628984,0,6005632
2026-07-26T05:51:39.002858+00:00,RM_COORD_OPT,12,4096,32,3,LOCAL_TCP,4377232,1628984,0,6005632
2026-07-26T05:51:40.859386+00:00,RM_COORD_OPT,12,4096,32,4,LOCAL_TCP,4377232,1628984,0,6005632
2026-07-26T05:51:42.665487+00:00,RM_COORD_OPT,12,4096,32,5,LOCAL_TCP,4377232,1628984,0,6005632
2026-07-26T05:51:44.571172+00:00,RM_COORD_OPT,12,4096,32,6,LOCAL_TCP,4377232,1628984,0,6005632
2026-07-26T05:51:46.327393+00:00,RM_COORD_OPT,12,4096,32,7,LOCAL_TCP,4377232,1628984,0,6005632
2026-07-26T05:51:48.133411+00:00,RM_COORD_OPT,12,4096,32,8,LOCAL_TCP,4377232,1628984,0,6005632
2026-07-26T05:51:49.939777+00:00,RM_COORD_OPT,12,4096,32,9,LOCAL_TCP,4377232,1628984,0,6005632
2026-07-26T05:51:50.343676+00:00,RM_VECTOR_GENERIC_SPLIT,14,16384,8,-2,LOCAL_TCP,4211904,1276048,0,3128656
2026-07-26T05:51:51.101547+00:00,RM_VECTOR_GENERIC_SPLIT,14,16384,8,0,LOCAL_TCP,4211904,96584,0,4308288
2026-07-26T05:51:51.455275+00:00,RM_VECTOR_GENERIC_SPLIT,14,16384,8,1,LOCAL_TCP,4211904,96584,0,4308288
2026-07-26T05:51:51.809157+00:00,RM_VECTOR_GENERIC_SPLIT,14,16384,8,2,LOCAL_TCP,4211904,96584,0,4308288
2026-07-26T05:51:52.162718+00:00,RM_VECTOR_GENERIC_SPLIT,14,16384,8,3,LOCAL_TCP,4211904,96584,0,4308288
2026-07-26T05:51:52.566559+00:00,RM_VECTOR_GENERIC_SPLIT,14,16384,8,4,LOCAL_TCP,4211904,96584,0,4308288
2026-07-26T05:51:52.970570+00:00,RM_VECTOR_GENERIC_SPLIT,14,16384,8,5,LOCAL_TCP,4211904,96584,0,4308288
2026-07-26T05:51:53.374877+00:00,RM_VECTOR_GENERIC_SPLIT,14,16384,8,6,LOCAL_TCP,4211904,96584,0,4308288
2026-07-26T05:51:53.728614+00:00,RM_VECTOR_GENERIC_SPLIT,14,16384,8,7,LOCAL_TCP,4211904,96584,0,4308288
2026-07-26T05:51:54.082402+00:00,RM_VECTOR_GENERIC_SPLIT,14,16384,8,8,LOCAL_TCP,4211904,96584,0,4308288
2026-07-26T05:51:54.436107+00:00,RM_VECTOR_GENERIC_SPLIT,14,16384,8,9,LOCAL_TCP,4211904,96584,0,4308288
2026-07-26T05:51:55.290849+00:00,RM_COORD_GENERIC_SPLIT,14,16384,8,-2,LOCAL_TCP,4211904,1721920,0,3574528
2026-07-26T05:51:56.950143+00:00,RM_COORD_GENERIC_SPLIT,14,16384,8,0,LOCAL_TCP,4211904,542456,0,4754160
2026-07-26T05:51:57.804628+00:00,RM_COORD_GENERIC_SPLIT,14,16384,8,1,LOCAL_TCP,4211904,542456,0,4754160
2026-07-26T05:51:58.759092+00:00,RM_COORD_GENERIC_SPLIT,14,16384,8,2,LOCAL_TCP,4211904,542456,0,4754160
2026-07-26T05:51:59.563547+00:00,RM_COORD_GENERIC_SPLIT,14,16384,8,3,LOCAL_TCP,4211904,542456,0,4754160
2026-07-26T05:52:00.418284+00:00,RM_COORD_GENERIC_SPLIT,14,16384,8,4,LOCAL_TCP,4211904,542456,0,4754160
2026-07-26T05:52:01.223727+00:00,RM_COORD_GENERIC_SPLIT,14,16384,8,5,LOCAL_TCP,4211904,542456,0,4754160
2026-07-26T05:52:02.029180+00:00,RM_COORD_GENERIC_SPLIT,14,16384,8,6,LOCAL_TCP,4211904,542456,0,4754160
2026-07-26T05:52:02.834231+00:00,RM_COORD_GENERIC_SPLIT,14,16384,8,7,LOCAL_TCP,4211904,542456,0,4754160
2026-07-26T05:52:03.639010+00:00,RM_COORD_GENERIC_SPLIT,14,16384,8,8,LOCAL_TCP,4211904,542456,0,4754160
2026-07-26T05:52:04.493823+00:00,RM_COORD_GENERIC_SPLIT,14,16384,8,9,LOCAL_TCP,4211904,542456,0,4754160
2026-07-26T05:52:04.848122+00:00,RM_VECTOR_OPT,14,16384,8,-2,LOCAL_TCP,1378768,1276048,0,295520
2026-07-26T05:52:05.556697+00:00,RM_VECTOR_OPT,14,16384,8,0,LOCAL_TCP,1378768,96584,0,1475152
2026-07-26T05:52:05.910707+00:00,RM_VECTOR_OPT,14,16384,8,1,LOCAL_TCP,1378768,96584,0,1475152
2026-07-26T05:52:06.264821+00:00,RM_VECTOR_OPT,14,16384,8,2,LOCAL_TCP,1378768,96584,0,1475152
2026-07-26T05:52:06.618837+00:00,RM_VECTOR_OPT,14,16384,8,3,LOCAL_TCP,1378768,96584,0,1475152
2026-07-26T05:52:06.972947+00:00,RM_VECTOR_OPT,14,16384,8,4,LOCAL_TCP,1378768,96584,0,1475152
2026-07-26T05:52:07.326777+00:00,RM_VECTOR_OPT,14,16384,8,5,LOCAL_TCP,1378768,96584,0,1475152
2026-07-26T05:52:07.680848+00:00,RM_VECTOR_OPT,14,16384,8,6,LOCAL_TCP,1378768,96584,0,1475152
2026-07-26T05:52:08.034906+00:00,RM_VECTOR_OPT,14,16384,8,7,LOCAL_TCP,1378768,96584,0,1475152
2026-07-26T05:52:08.389143+00:00,RM_VECTOR_OPT,14,16384,8,8,LOCAL_TCP,1378768,96584,0,1475152
2026-07-26T05:52:08.743379+00:00,RM_VECTOR_OPT,14,16384,8,9,LOCAL_TCP,1378768,96584,0,1475152
2026-07-26T05:52:09.548584+00:00,RM_COORD_OPT,14,16384,8,-2,LOCAL_TCP,1378768,1721920,0,741392
2026-07-26T05:52:11.058192+00:00,RM_COORD_OPT,14,16384,8,0,LOCAL_TCP,1378768,542456,0,1921024
2026-07-26T05:52:11.863377+00:00,RM_COORD_OPT,14,16384,8,1,LOCAL_TCP,1378768,542456,0,1921024
2026-07-26T05:52:12.668490+00:00,RM_COORD_OPT,14,16384,8,2,LOCAL_TCP,1378768,542456,0,1921024
2026-07-26T05:52:13.473434+00:00,RM_COORD_OPT,14,16384,8,3,LOCAL_TCP,1378768,542456,0,1921024
2026-07-26T05:52:14.228125+00:00,RM_COORD_OPT,14,16384,8,4,LOCAL_TCP,1378768,542456,0,1921024
2026-07-26T05:52:15.033028+00:00,RM_COORD_OPT,14,16384,8,5,LOCAL_TCP,1378768,542456,0,1921024
2026-07-26T05:52:15.887661+00:00,RM_COORD_OPT,14,16384,8,6,LOCAL_TCP,1378768,542456,0,1921024
2026-07-26T05:52:16.692653+00:00,RM_COORD_OPT,14,16384,8,7,LOCAL_TCP,1378768,542456,0,1921024
2026-07-26T05:52:17.498008+00:00,RM_COORD_OPT,14,16384,8,8,LOCAL_TCP,1378768,542456,0,1921024
2026-07-26T05:52:18.303173+00:00,RM_COORD_OPT,14,16384,8,9,LOCAL_TCP,1378768,542456,0,1921024
2026-07-26T05:52:18.807692+00:00,RM_VECTOR_GENERIC_SPLIT,14,16384,16,-2,LOCAL_TCP,16812104,2357512,0,14713168
2026-07-26T05:52:19.816777+00:00,RM_VECTOR_GENERIC_SPLIT,14,16384,16,0,LOCAL_TCP,16812288,129416,0,16941376
2026-07-26T05:52:20.371171+00:00,RM_VECTOR_GENERIC_SPLIT,14,16384,16,1,LOCAL_TCP,16812288,129416,0,16941376
2026-07-26T05:52:20.875460+00:00,RM_VECTOR_GENERIC_SPLIT,14,16384,16,2,LOCAL_TCP,16812104,129416,0,16941376
2026-07-26T05:52:21.379893+00:00,RM_VECTOR_GENERIC_SPLIT,14,16384,16,3,LOCAL_TCP,16812104,129416,0,16941376
2026-07-26T05:52:21.884439+00:00,RM_VECTOR_GENERIC_SPLIT,14,16384,16,4,LOCAL_TCP,16812288,129416,0,16941376
2026-07-26T05:52:22.388948+00:00,RM_VECTOR_GENERIC_SPLIT,14,16384,16,5,LOCAL_TCP,16812288,129416,0,16941376
2026-07-26T05:52:22.893170+00:00,RM_VECTOR_GENERIC_SPLIT,14,16384,16,6,LOCAL_TCP,16812288,129416,0,16941376
2026-07-26T05:52:23.397894+00:00,RM_VECTOR_GENERIC_SPLIT,14,16384,16,7,LOCAL_TCP,16812288,129416,0,16941376
2026-07-26T05:52:23.902260+00:00,RM_VECTOR_GENERIC_SPLIT,14,16384,16,8,LOCAL_TCP,16812288,129416,0,16941376
2026-07-26T05:52:24.406652+00:00,RM_VECTOR_GENERIC_SPLIT,14,16384,16,9,LOCAL_TCP,16812288,129416,0,16941376
2026-07-26T05:52:25.862339+00:00,RM_COORD_GENERIC_SPLIT,14,16384,16,-2,LOCAL_TCP,16812288,3312768,0,15668608
2026-07-26T05:52:28.825133+00:00,RM_COORD_GENERIC_SPLIT,14,16384,16,0,LOCAL_TCP,16812288,1084856,0,17896816
2026-07-26T05:52:30.282307+00:00,RM_COORD_GENERIC_SPLIT,14,16384,16,1,LOCAL_TCP,16812288,1084856,0,17896816
2026-07-26T05:52:31.738433+00:00,RM_COORD_GENERIC_SPLIT,14,16384,16,2,LOCAL_TCP,16812288,1084856,0,17896816
2026-07-26T05:52:33.244865+00:00,RM_COORD_GENERIC_SPLIT,14,16384,16,3,LOCAL_TCP,16812104,1084856,0,17896816
2026-07-26T05:52:34.901045+00:00,RM_COORD_GENERIC_SPLIT,14,16384,16,4,LOCAL_TCP,16812288,1084856,0,17896816
2026-07-26T05:52:36.356867+00:00,RM_COORD_GENERIC_SPLIT,14,16384,16,5,LOCAL_TCP,16812288,1084856,0,17896816
2026-07-26T05:52:37.812941+00:00,RM_COORD_GENERIC_SPLIT,14,16384,16,6,LOCAL_TCP,16812288,1084856,0,17896816
2026-07-26T05:52:39.419019+00:00,RM_COORD_GENERIC_SPLIT,14,16384,16,7,LOCAL_TCP,16812288,1084856,0,17896816
2026-07-26T05:52:40.875251+00:00,RM_COORD_GENERIC_SPLIT,14,16384,16,8,LOCAL_TCP,16812104,1084856,0,17896816
2026-07-26T05:52:42.331792+00:00,RM_COORD_GENERIC_SPLIT,14,16384,16,9,LOCAL_TCP,16812104,1084856,0,17896816
2026-07-26T05:52:42.735928+00:00,RM_VECTOR_OPT,14,16384,16,-2,LOCAL_TCP,2378256,2357328,0,279136
2026-07-26T05:52:43.544373+00:00,RM_VECTOR_OPT,14,16384,16,0,LOCAL_TCP,2378256,129416,0,2507344
2026-07-26T05:52:43.948527+00:00,RM_VECTOR_OPT,14,16384,16,1,LOCAL_TCP,2378256,129416,0,2507344
2026-07-26T05:52:44.302524+00:00,RM_VECTOR_OPT,14,16384,16,2,LOCAL_TCP,2378256,129416,0,2507344
2026-07-26T05:52:44.706657+00:00,RM_VECTOR_OPT,14,16384,16,3,LOCAL_TCP,2378256,129416,0,2507344
2026-07-26T05:52:45.060823+00:00,RM_VECTOR_OPT,14,16384,16,4,LOCAL_TCP,2378072,129416,0,2507344
2026-07-26T05:52:45.414924+00:00,RM_VECTOR_OPT,14,16384,16,5,LOCAL_TCP,2378256,129416,0,2507344
2026-07-26T05:52:45.768909+00:00,RM_VECTOR_OPT,14,16384,16,6,LOCAL_TCP,2378072,129416,0,2507344
2026-07-26T05:52:46.122917+00:00,RM_VECTOR_OPT,14,16384,16,7,LOCAL_TCP,2378256,129416,0,2507344
2026-07-26T05:52:46.476941+00:00,RM_VECTOR_OPT,14,16384,16,8,LOCAL_TCP,2378072,129416,0,2507344
2026-07-26T05:52:46.830655+00:00,RM_VECTOR_OPT,14,16384,16,9,LOCAL_TCP,2378256,129416,0,2507344
2026-07-26T05:52:48.085912+00:00,RM_COORD_OPT,14,16384,16,-2,LOCAL_TCP,2378256,3312768,0,1234576
2026-07-26T05:52:50.697376+00:00,RM_COORD_OPT,14,16384,16,0,LOCAL_TCP,2378072,1084856,0,3462784
2026-07-26T05:52:52.053365+00:00,RM_COORD_OPT,14,16384,16,1,LOCAL_TCP,2378256,1084856,0,3462784
2026-07-26T05:52:53.559100+00:00,RM_COORD_OPT,14,16384,16,2,LOCAL_TCP,2378256,1084856,0,3462784
2026-07-26T05:52:54.864987+00:00,RM_COORD_OPT,14,16384,16,3,LOCAL_TCP,2378072,1084856,0,3462784
2026-07-26T05:52:56.170959+00:00,RM_COORD_OPT,14,16384,16,4,LOCAL_TCP,2378256,1084856,0,3462784
2026-07-26T05:52:57.677152+00:00,RM_COORD_OPT,14,16384,16,5,LOCAL_TCP,2378256,1084856,0,3462784
2026-07-26T05:52:58.984134+00:00,RM_COORD_OPT,14,16384,16,6,LOCAL_TCP,2378256,1084856,0,3462784
2026-07-26T05:53:00.289932+00:00,RM_COORD_OPT,14,16384,16,7,LOCAL_TCP,2378256,1084856,0,3462784
2026-07-26T05:53:01.696195+00:00,RM_COORD_OPT,14,16384,16,8,LOCAL_TCP,2378072,1084856,0,3462784
2026-07-26T05:53:03.051935+00:00,RM_COORD_OPT,14,16384,16,9,LOCAL_TCP,2378072,1084856,0,3462784
2026-07-26T05:53:03.857006+00:00,RM_VECTOR_GENERIC_SPLIT,14,16384,32,-2,LOCAL_TCP,67178568,4520200,0,63048016
2026-07-26T05:53:05.466922+00:00,RM_VECTOR_GENERIC_SPLIT,14,16384,32,0,LOCAL_TCP,67178568,195080,0,67373376
2026-07-26T05:53:06.271952+00:00,RM_VECTOR_GENERIC_SPLIT,14,16384,32,1,LOCAL_TCP,67178568,195080,0,67373376
2026-07-26T05:53:07.127049+00:00,RM_VECTOR_GENERIC_SPLIT,14,16384,32,2,LOCAL_TCP,67178880,195080,0,67373376
2026-07-26T05:53:07.931841+00:00,RM_VECTOR_GENERIC_SPLIT,14,16384,32,3,LOCAL_TCP,67178568,195080,0,67373376
2026-07-26T05:53:08.736866+00:00,RM_VECTOR_GENERIC_SPLIT,14,16384,32,4,LOCAL_TCP,67178568,195080,0,67373376
2026-07-26T05:53:09.542196+00:00,RM_VECTOR_GENERIC_SPLIT,14,16384,32,5,LOCAL_TCP,67178568,195080,0,67373376
2026-07-26T05:53:10.347255+00:00,RM_VECTOR_GENERIC_SPLIT,14,16384,32,6,LOCAL_TCP,67178568,195080,0,67373376
2026-07-26T05:53:11.152364+00:00,RM_VECTOR_GENERIC_SPLIT,14,16384,32,7,LOCAL_TCP,67178568,195080,0,67373376
2026-07-26T05:53:11.957965+00:00,RM_VECTOR_GENERIC_SPLIT,14,16384,32,8,LOCAL_TCP,67178568,195080,0,67373376
2026-07-26T05:53:12.763274+00:00,RM_VECTOR_GENERIC_SPLIT,14,16384,32,9,LOCAL_TCP,67178568,195080,0,67373376
2026-07-26T05:53:15.573212+00:00,RM_COORD_GENERIC_SPLIT,14,16384,32,-2,LOCAL_TCP,67178568,6494776,0,65022592
2026-07-26T05:53:21.439909+00:00,RM_COORD_GENERIC_SPLIT,14,16384,32,0,LOCAL_TCP,67178568,2169656,0,69347952
2026-07-26T05:53:24.198175+00:00,RM_COORD_GENERIC_SPLIT,14,16384,32,1,LOCAL_TCP,67178568,2169656,0,69347952
2026-07-26T05:53:27.009620+00:00,RM_COORD_GENERIC_SPLIT,14,16384,32,2,LOCAL_TCP,67178568,2169656,0,69347952
2026-07-26T05:53:29.768706+00:00,RM_COORD_GENERIC_SPLIT,14,16384,32,3,LOCAL_TCP,67178568,2169656,0,69347952
2026-07-26T05:53:32.527600+00:00,RM_COORD_GENERIC_SPLIT,14,16384,32,4,LOCAL_TCP,67178880,2169656,0,69347952
2026-07-26T05:53:35.286431+00:00,RM_COORD_GENERIC_SPLIT,14,16384,32,5,LOCAL_TCP,67178568,2169656,0,69347952
2026-07-26T05:53:38.145883+00:00,RM_COORD_GENERIC_SPLIT,14,16384,32,6,LOCAL_TCP,67178568,2169656,0,69347952
2026-07-26T05:53:41.054931+00:00,RM_COORD_GENERIC_SPLIT,14,16384,32,7,LOCAL_TCP,67178568,2169656,0,69347952
2026-07-26T05:53:43.814276+00:00,RM_COORD_GENERIC_SPLIT,14,16384,32,8,LOCAL_TCP,67178568,2169656,0,69347952
2026-07-26T05:53:46.522313+00:00,RM_COORD_GENERIC_SPLIT,14,16384,32,9,LOCAL_TCP,67178568,2169656,0,69347952
2026-07-26T05:53:46.926578+00:00,RM_VECTOR_OPT,14,16384,32,-2,LOCAL_TCP,4376920,4520200,0,246368
2026-07-26T05:53:47.736061+00:00,RM_VECTOR_OPT,14,16384,32,0,LOCAL_TCP,4376920,195080,0,4571728
2026-07-26T05:53:48.140825+00:00,RM_VECTOR_OPT,14,16384,32,1,LOCAL_TCP,4376920,195080,0,4571728
2026-07-26T05:53:48.545159+00:00,RM_VECTOR_OPT,14,16384,32,2,LOCAL_TCP,4376920,195080,0,4571728
2026-07-26T05:53:48.949442+00:00,RM_VECTOR_OPT,14,16384,32,3,LOCAL_TCP,4377232,195080,0,4571728
2026-07-26T05:53:49.353677+00:00,RM_VECTOR_OPT,14,16384,32,4,LOCAL_TCP,4376920,195080,0,4571728
2026-07-26T05:53:49.757792+00:00,RM_VECTOR_OPT,14,16384,32,5,LOCAL_TCP,4376920,195080,0,4571728
2026-07-26T05:53:50.162358+00:00,RM_VECTOR_OPT,14,16384,32,6,LOCAL_TCP,4376920,195080,0,4571728
2026-07-26T05:53:50.566682+00:00,RM_VECTOR_OPT,14,16384,32,7,LOCAL_TCP,4376920,195080,0,4571728
2026-07-26T05:53:50.970959+00:00,RM_VECTOR_OPT,14,16384,32,8,LOCAL_TCP,4376920,195080,0,4571728
2026-07-26T05:53:51.375412+00:00,RM_VECTOR_OPT,14,16384,32,9,LOCAL_TCP,4376920,195080,0,4571728
2026-07-26T05:53:53.733147+00:00,RM_COORD_OPT,14,16384,32,-2,LOCAL_TCP,4376920,6494776,0,2220944
2026-07-26T05:53:58.399555+00:00,RM_COORD_OPT,14,16384,32,0,LOCAL_TCP,4376920,2169656,0,6546304
2026-07-26T05:54:00.757527+00:00,RM_COORD_OPT,14,16384,32,1,LOCAL_TCP,4376920,2169656,0,6546304
2026-07-26T05:54:03.116664+00:00,RM_COORD_OPT,14,16384,32,2,LOCAL_TCP,4376920,2169656,0,6546304
2026-07-26T05:54:05.424158+00:00,RM_COORD_OPT,14,16384,32,3,LOCAL_TCP,4376920,2169656,0,6546304
2026-07-26T05:54:07.881887+00:00,RM_COORD_OPT,14,16384,32,4,LOCAL_TCP,4376920,2169656,0,6546304
2026-07-26T05:54:10.240436+00:00,RM_COORD_OPT,14,16384,32,5,LOCAL_TCP,4376920,2169656,0,6546304
2026-07-26T05:54:12.747836+00:00,RM_COORD_OPT,14,16384,32,6,LOCAL_TCP,4377232,2169656,0,6546304
2026-07-26T05:54:15.105672+00:00,RM_COORD_OPT,14,16384,32,7,LOCAL_TCP,4376920,2169656,0,6546304
2026-07-26T05:54:17.564084+00:00,RM_COORD_OPT,14,16384,32,8,LOCAL_TCP,4376920,2169656,0,6546304
2026-07-26T05:54:20.022359+00:00,RM_COORD_OPT,14,16384,32,9,LOCAL_TCP,4376920,2169656,0,6546304
2026-07-26T05:54:20.476637+00:00,RM_VECTOR_GENERIC_SPLIT,16,65536,8,-2,LOCAL_TCP,4211784,4832008,0,0
2026-07-26T05:54:21.385224+00:00,RM_VECTOR_GENERIC_SPLIT,16,65536,8,0,LOCAL_TCP,4211784,113480,0,4325184
2026-07-26T05:54:21.889525+00:00,RM_VECTOR_GENERIC_SPLIT,16,65536,8,1,LOCAL_TCP,4211784,113480,0,4325184
2026-07-26T05:54:22.343843+00:00,RM_VECTOR_GENERIC_SPLIT,16,65536,8,2,LOCAL_TCP,4211784,113480,0,4325184
2026-07-26T05:54:22.798229+00:00,RM_VECTOR_GENERIC_SPLIT,16,65536,8,3,LOCAL_TCP,4211784,113480,0,4325184
2026-07-26T05:54:23.252663+00:00,RM_VECTOR_GENERIC_SPLIT,16,65536,8,4,LOCAL_TCP,4211784,113480,0,4325184
2026-07-26T05:54:23.707364+00:00,RM_VECTOR_GENERIC_SPLIT,16,65536,8,5,LOCAL_TCP,4211784,113480,0,4325184
2026-07-26T05:54:24.161789+00:00,RM_VECTOR_GENERIC_SPLIT,16,65536,8,6,LOCAL_TCP,4211784,113480,0,4325184
2026-07-26T05:54:24.616185+00:00,RM_VECTOR_GENERIC_SPLIT,16,65536,8,7,LOCAL_TCP,4211784,113480,0,4325184
2026-07-26T05:54:25.070845+00:00,RM_VECTOR_GENERIC_SPLIT,16,65536,8,8,LOCAL_TCP,4211784,113480,0,4325184
2026-07-26T05:54:25.525269+00:00,RM_VECTOR_GENERIC_SPLIT,16,65536,8,9,LOCAL_TCP,4211784,113480,0,4325184
2026-07-26T05:54:26.530586+00:00,RM_COORD_GENERIC_SPLIT,16,65536,8,-2,LOCAL_TCP,4211784,5396152,0,170752
2026-07-26T05:54:28.541096+00:00,RM_COORD_GENERIC_SPLIT,16,65536,8,0,LOCAL_TCP,4211784,677624,0,4889328
2026-07-26T05:54:29.596541+00:00,RM_COORD_GENERIC_SPLIT,16,65536,8,1,LOCAL_TCP,4211784,677624,0,4889328
2026-07-26T05:54:30.701811+00:00,RM_COORD_GENERIC_SPLIT,16,65536,8,2,LOCAL_TCP,4211784,677624,0,4889328
2026-07-26T05:54:31.656783+00:00,RM_COORD_GENERIC_SPLIT,16,65536,8,3,LOCAL_TCP,4211784,677624,0,4889328
2026-07-26T05:54:32.662085+00:00,RM_COORD_GENERIC_SPLIT,16,65536,8,4,LOCAL_TCP,4211784,677624,0,4889328
2026-07-26T05:54:33.667349+00:00,RM_COORD_GENERIC_SPLIT,16,65536,8,5,LOCAL_TCP,4211784,677624,0,4889328
2026-07-26T05:54:34.622409+00:00,RM_COORD_GENERIC_SPLIT,16,65536,8,6,LOCAL_TCP,4211784,677624,0,4889328
2026-07-26T05:54:35.627536+00:00,RM_COORD_GENERIC_SPLIT,16,65536,8,7,LOCAL_TCP,4211784,677624,0,4889328
2026-07-26T05:54:36.632720+00:00,RM_COORD_GENERIC_SPLIT,16,65536,8,8,LOCAL_TCP,4211784,677624,0,4889328
2026-07-26T05:54:37.588130+00:00,RM_COORD_GENERIC_SPLIT,16,65536,8,9,LOCAL_TCP,4211784,677624,0,4889328
2026-07-26T05:54:37.992576+00:00,RM_VECTOR_OPT,16,65536,8,-2,LOCAL_TCP,1378648,4832008,0,0
2026-07-26T05:54:38.801881+00:00,RM_VECTOR_OPT,16,65536,8,0,LOCAL_TCP,1378648,113480,0,1492048
2026-07-26T05:54:39.206105+00:00,RM_VECTOR_OPT,16,65536,8,1,LOCAL_TCP,1378648,113480,0,1492048
2026-07-26T05:54:39.660526+00:00,RM_VECTOR_OPT,16,65536,8,2,LOCAL_TCP,1378648,113480,0,1492048
2026-07-26T05:54:40.064667+00:00,RM_VECTOR_OPT,16,65536,8,3,LOCAL_TCP,1378648,113480,0,1492048
2026-07-26T05:54:40.469007+00:00,RM_VECTOR_OPT,16,65536,8,4,LOCAL_TCP,1378648,113480,0,1492048
2026-07-26T05:54:40.873318+00:00,RM_VECTOR_OPT,16,65536,8,5,LOCAL_TCP,1378648,113480,0,1492048
2026-07-26T05:54:41.327922+00:00,RM_VECTOR_OPT,16,65536,8,6,LOCAL_TCP,1378648,113480,0,1492048
2026-07-26T05:54:41.732369+00:00,RM_VECTOR_OPT,16,65536,8,7,LOCAL_TCP,1378648,113480,0,1492048
2026-07-26T05:54:42.136929+00:00,RM_VECTOR_OPT,16,65536,8,8,LOCAL_TCP,1378648,113480,0,1492048
2026-07-26T05:54:42.542479+00:00,RM_VECTOR_OPT,16,65536,8,9,LOCAL_TCP,1378648,113480,0,1492048
2026-07-26T05:54:43.498184+00:00,RM_COORD_OPT,16,65536,8,-2,LOCAL_TCP,1378648,5396152,0,0
2026-07-26T05:54:45.458384+00:00,RM_COORD_OPT,16,65536,8,0,LOCAL_TCP,1378648,677624,0,2056192
2026-07-26T05:54:46.413802+00:00,RM_COORD_OPT,16,65536,8,1,LOCAL_TCP,1378648,677624,0,2056192
2026-07-26T05:54:47.369325+00:00,RM_COORD_OPT,16,65536,8,2,LOCAL_TCP,1378648,677624,0,2056192
2026-07-26T05:54:48.324686+00:00,RM_COORD_OPT,16,65536,8,3,LOCAL_TCP,1378648,677624,0,2056192
2026-07-26T05:54:49.330280+00:00,RM_COORD_OPT,16,65536,8,4,LOCAL_TCP,1378648,677624,0,2056192
2026-07-26T05:54:50.285981+00:00,RM_COORD_OPT,16,65536,8,5,LOCAL_TCP,1378648,677624,0,2056192
2026-07-26T05:54:51.241102+00:00,RM_COORD_OPT,16,65536,8,6,LOCAL_TCP,1378648,677624,0,2056192
2026-07-26T05:54:52.196925+00:00,RM_COORD_OPT,16,65536,8,7,LOCAL_TCP,1378648,677624,0,2056192
2026-07-26T05:54:53.152494+00:00,RM_COORD_OPT,16,65536,8,8,LOCAL_TCP,1378648,677624,0,2056192
2026-07-26T05:54:54.157704+00:00,RM_COORD_OPT,16,65536,8,9,LOCAL_TCP,1378648,677624,0,2056192
2026-07-26T05:54:54.762313+00:00,RM_VECTOR_GENERIC_SPLIT,16,65536,16,-2,LOCAL_TCP,16812104,9059080,0,8045392
2026-07-26T05:54:55.971738+00:00,RM_VECTOR_GENERIC_SPLIT,16,65536,16,0,LOCAL_TCP,16812104,146312,0,16958272
2026-07-26T05:54:56.576370+00:00,RM_VECTOR_GENERIC_SPLIT,16,65536,16,1,LOCAL_TCP,16812104,146312,0,16958272
2026-07-26T05:54:57.180972+00:00,RM_VECTOR_GENERIC_SPLIT,16,65536,16,2,LOCAL_TCP,16812104,146312,0,16958272
2026-07-26T05:54:57.785280+00:00,RM_VECTOR_GENERIC_SPLIT,16,65536,16,3,LOCAL_TCP,16812104,146312,0,16958272
2026-07-26T05:54:58.389764+00:00,RM_VECTOR_GENERIC_SPLIT,16,65536,16,4,LOCAL_TCP,16812104,146312,0,16958272
2026-07-26T05:54:58.994483+00:00,RM_VECTOR_GENERIC_SPLIT,16,65536,16,5,LOCAL_TCP,16812104,146312,0,16958272
2026-07-26T05:54:59.599068+00:00,RM_VECTOR_GENERIC_SPLIT,16,65536,16,6,LOCAL_TCP,16812104,146312,0,16958272
2026-07-26T05:55:00.204014+00:00,RM_VECTOR_GENERIC_SPLIT,16,65536,16,7,LOCAL_TCP,16812104,146312,0,16958272
2026-07-26T05:55:00.859220+00:00,RM_VECTOR_GENERIC_SPLIT,16,65536,16,8,LOCAL_TCP,16812104,146312,0,16958272
2026-07-26T05:55:01.513826+00:00,RM_VECTOR_GENERIC_SPLIT,16,65536,16,9,LOCAL_TCP,16812104,146312,0,16958272
2026-07-26T05:55:03.370275+00:00,RM_COORD_GENERIC_SPLIT,16,65536,16,-2,LOCAL_TCP,16812104,10267960,0,9254272
2026-07-26T05:55:07.084685+00:00,RM_COORD_GENERIC_SPLIT,16,65536,16,0,LOCAL_TCP,16812104,1355192,0,18167152
2026-07-26T05:55:08.892174+00:00,RM_COORD_GENERIC_SPLIT,16,65536,16,1,LOCAL_TCP,16812104,1355192,0,18167152
2026-07-26T05:55:10.900072+00:00,RM_COORD_GENERIC_SPLIT,16,65536,16,2,LOCAL_TCP,16812104,1355192,0,18167152
2026-07-26T05:55:12.656461+00:00,RM_COORD_GENERIC_SPLIT,16,65536,16,3,LOCAL_TCP,16812104,1355192,0,18167152
2026-07-26T05:55:14.413833+00:00,RM_COORD_GENERIC_SPLIT,16,65536,16,4,LOCAL_TCP,16812104,1355192,0,18167152
2026-07-26T05:55:16.220575+00:00,RM_COORD_GENERIC_SPLIT,16,65536,16,5,LOCAL_TCP,16812104,1355192,0,18167152
2026-07-26T05:55:17.977284+00:00,RM_COORD_GENERIC_SPLIT,16,65536,16,6,LOCAL_TCP,16812104,1355192,0,18167152
2026-07-26T05:55:19.884537+00:00,RM_COORD_GENERIC_SPLIT,16,65536,16,7,LOCAL_TCP,16812104,1355192,0,18167152
2026-07-26T05:55:21.749947+00:00,RM_COORD_GENERIC_SPLIT,16,65536,16,8,LOCAL_TCP,16812104,1355192,0,18167152
2026-07-26T05:55:23.509459+00:00,RM_COORD_GENERIC_SPLIT,16,65536,16,9,LOCAL_TCP,16812104,1355192,0,18167152
2026-07-26T05:55:24.015407+00:00,RM_VECTOR_OPT,16,65536,16,-2,LOCAL_TCP,2378072,9059080,0,0
2026-07-26T05:55:24.924137+00:00,RM_VECTOR_OPT,16,65536,16,0,LOCAL_TCP,2378072,146312,0,2524240
2026-07-26T05:55:25.378243+00:00,RM_VECTOR_OPT,16,65536,16,1,LOCAL_TCP,2378072,146312,0,2524240
2026-07-26T05:55:25.832311+00:00,RM_VECTOR_OPT,16,65536,16,2,LOCAL_TCP,2378072,146312,0,2524240
2026-07-26T05:55:26.286072+00:00,RM_VECTOR_OPT,16,65536,16,3,LOCAL_TCP,2378072,146312,0,2524240
2026-07-26T05:55:26.739557+00:00,RM_VECTOR_OPT,16,65536,16,4,LOCAL_TCP,2378072,146312,0,2524240
2026-07-26T05:55:27.193273+00:00,RM_VECTOR_OPT,16,65536,16,5,LOCAL_TCP,2378072,146312,0,2524240
2026-07-26T05:55:27.647353+00:00,RM_VECTOR_OPT,16,65536,16,6,LOCAL_TCP,2378072,146312,0,2524240
2026-07-26T05:55:28.101672+00:00,RM_VECTOR_OPT,16,65536,16,7,LOCAL_TCP,2378072,146312,0,2524240
2026-07-26T05:55:28.555690+00:00,RM_VECTOR_OPT,16,65536,16,8,LOCAL_TCP,2378072,146312,0,2524240
2026-07-26T05:55:29.009661+00:00,RM_VECTOR_OPT,16,65536,16,9,LOCAL_TCP,2378072,146312,0,2524240
2026-07-26T05:55:30.665479+00:00,RM_COORD_OPT,16,65536,16,-2,LOCAL_TCP,2378072,10267960,0,0
2026-07-26T05:55:33.876790+00:00,RM_COORD_OPT,16,65536,16,0,LOCAL_TCP,2378072,1355192,0,3733120
2026-07-26T05:55:35.482416+00:00,RM_COORD_OPT,16,65536,16,1,LOCAL_TCP,2378072,1355192,0,3733120
2026-07-26T05:55:37.138670+00:00,RM_COORD_OPT,16,65536,16,2,LOCAL_TCP,2378072,1355192,0,3733120
2026-07-26T05:55:38.744622+00:00,RM_COORD_OPT,16,65536,16,3,LOCAL_TCP,2378072,1355192,0,3733120
2026-07-26T05:55:40.401520+00:00,RM_COORD_OPT,16,65536,16,4,LOCAL_TCP,2378072,1355192,0,3733120
2026-07-26T05:55:42.157654+00:00,RM_COORD_OPT,16,65536,16,5,LOCAL_TCP,2378072,1355192,0,3733120
2026-07-26T05:55:43.913422+00:00,RM_COORD_OPT,16,65536,16,6,LOCAL_TCP,2378072,1355192,0,3733120
2026-07-26T05:55:45.569794+00:00,RM_COORD_OPT,16,65536,16,7,LOCAL_TCP,2378072,1355192,0,3733120
2026-07-26T05:55:47.476171+00:00,RM_COORD_OPT,16,65536,16,8,LOCAL_TCP,2378072,1355192,0,3733120
2026-07-26T05:55:49.182153+00:00,RM_COORD_OPT,16,65536,16,9,LOCAL_TCP,2378072,1355192,0,3733120
2026-07-26T05:55:50.137146+00:00,RM_VECTOR_GENERIC_SPLIT,16,65536,32,-2,LOCAL_TCP,67178568,17513224,0,50088784
2026-07-26T05:55:51.996299+00:00,RM_VECTOR_GENERIC_SPLIT,16,65536,32,0,LOCAL_TCP,67178568,211976,0,67390272
2026-07-26T05:55:52.951368+00:00,RM_VECTOR_GENERIC_SPLIT,16,65536,32,1,LOCAL_TCP,67178568,211976,0,67390272
2026-07-26T05:55:53.906500+00:00,RM_VECTOR_GENERIC_SPLIT,16,65536,32,2,LOCAL_TCP,67178568,211976,0,67390272
2026-07-26T05:55:54.861487+00:00,RM_VECTOR_GENERIC_SPLIT,16,65536,32,3,LOCAL_TCP,67178568,211976,0,67390272
2026-07-26T05:55:55.816235+00:00,RM_VECTOR_GENERIC_SPLIT,16,65536,32,4,LOCAL_TCP,67178568,211976,0,67390272
2026-07-26T05:55:56.770928+00:00,RM_VECTOR_GENERIC_SPLIT,16,65536,32,5,LOCAL_TCP,67178568,211976,0,67390272
2026-07-26T05:55:57.725882+00:00,RM_VECTOR_GENERIC_SPLIT,16,65536,32,6,LOCAL_TCP,67178568,211976,0,67390272
2026-07-26T05:55:58.681546+00:00,RM_VECTOR_GENERIC_SPLIT,16,65536,32,7,LOCAL_TCP,67178568,211976,0,67390272
2026-07-26T05:55:59.636721+00:00,RM_VECTOR_GENERIC_SPLIT,16,65536,32,8,LOCAL_TCP,67178568,211976,0,67390272
2026-07-26T05:56:00.591469+00:00,RM_VECTOR_GENERIC_SPLIT,16,65536,32,9,LOCAL_TCP,67178568,211976,0,67390272
2026-07-26T05:56:04.050259+00:00,RM_COORD_GENERIC_SPLIT,16,65536,32,-2,LOCAL_TCP,67178568,20011576,0,52587136
2026-07-26T05:56:10.867696+00:00,RM_COORD_GENERIC_SPLIT,16,65536,32,0,LOCAL_TCP,67178568,2710328,0,69888624
2026-07-26T05:56:14.276997+00:00,RM_COORD_GENERIC_SPLIT,16,65536,32,1,LOCAL_TCP,67178568,2710328,0,69888624
2026-07-26T05:56:17.936352+00:00,RM_COORD_GENERIC_SPLIT,16,65536,32,2,LOCAL_TCP,67178568,2710328,0,69888624
2026-07-26T05:56:21.495195+00:00,RM_COORD_GENERIC_SPLIT,16,65536,32,3,LOCAL_TCP,67178568,2710328,0,69888624
2026-07-26T05:56:24.954551+00:00,RM_COORD_GENERIC_SPLIT,16,65536,32,4,LOCAL_TCP,67178568,2710328,0,69888624
2026-07-26T05:56:28.312676+00:00,RM_COORD_GENERIC_SPLIT,16,65536,32,5,LOCAL_TCP,67178568,2710328,0,69888624
2026-07-26T05:56:31.621132+00:00,RM_COORD_GENERIC_SPLIT,16,65536,32,6,LOCAL_TCP,67178568,2710328,0,69888624
2026-07-26T05:56:34.878277+00:00,RM_COORD_GENERIC_SPLIT,16,65536,32,7,LOCAL_TCP,67178568,2710328,0,69888624
2026-07-26T05:56:38.135349+00:00,RM_COORD_GENERIC_SPLIT,16,65536,32,8,LOCAL_TCP,67178568,2710328,0,69888624
2026-07-26T05:56:41.392782+00:00,RM_COORD_GENERIC_SPLIT,16,65536,32,9,LOCAL_TCP,67178568,2710328,0,69888624
2026-07-26T05:56:41.946385+00:00,RM_VECTOR_OPT,16,65536,32,-2,LOCAL_TCP,4376920,17513224,0,0
2026-07-26T05:56:43.053705+00:00,RM_VECTOR_OPT,16,65536,32,0,LOCAL_TCP,4376920,211976,0,4588624
2026-07-26T05:56:43.607089+00:00,RM_VECTOR_OPT,16,65536,32,1,LOCAL_TCP,4376920,211976,0,4588624
2026-07-26T05:56:44.160637+00:00,RM_VECTOR_OPT,16,65536,32,2,LOCAL_TCP,4376920,211976,0,4588624
2026-07-26T05:56:44.664405+00:00,RM_VECTOR_OPT,16,65536,32,3,LOCAL_TCP,4376920,211976,0,4588624
2026-07-26T05:56:45.167886+00:00,RM_VECTOR_OPT,16,65536,32,4,LOCAL_TCP,4376920,211976,0,4588624
2026-07-26T05:56:45.671466+00:00,RM_VECTOR_OPT,16,65536,32,5,LOCAL_TCP,4376920,211976,0,4588624
2026-07-26T05:56:46.225020+00:00,RM_VECTOR_OPT,16,65536,32,6,LOCAL_TCP,4376920,211976,0,4588624
2026-07-26T05:56:46.728458+00:00,RM_VECTOR_OPT,16,65536,32,7,LOCAL_TCP,4376920,211976,0,4588624
2026-07-26T05:56:47.232037+00:00,RM_VECTOR_OPT,16,65536,32,8,LOCAL_TCP,4376920,211976,0,4588624
2026-07-26T05:56:47.785699+00:00,RM_VECTOR_OPT,16,65536,32,9,LOCAL_TCP,4376920,211976,0,4588624
2026-07-26T05:56:50.692458+00:00,RM_COORD_OPT,16,65536,32,-2,LOCAL_TCP,4376920,20011576,0,0
2026-07-26T05:56:56.406157+00:00,RM_COORD_OPT,16,65536,32,0,LOCAL_TCP,4376920,2710328,0,7086976
2026-07-26T05:56:59.262865+00:00,RM_COORD_OPT,16,65536,32,1,LOCAL_TCP,4376920,2710328,0,7086976
2026-07-26T05:57:02.119614+00:00,RM_COORD_OPT,16,65536,32,2,LOCAL_TCP,4376920,2710328,0,7086976
2026-07-26T05:57:04.976270+00:00,RM_COORD_OPT,16,65536,32,3,LOCAL_TCP,4376920,2710328,0,7086976
2026-07-26T05:57:07.883223+00:00,RM_COORD_OPT,16,65536,32,4,LOCAL_TCP,4376920,2710328,0,7086976
2026-07-26T05:57:10.739756+00:00,RM_COORD_OPT,16,65536,32,5,LOCAL_TCP,4376920,2710328,0,7086976
2026-07-26T05:57:13.596323+00:00,RM_COORD_OPT,16,65536,32,6,LOCAL_TCP,4376920,2710328,0,7086976
2026-07-26T05:57:16.503673+00:00,RM_COORD_OPT,16,65536,32,7,LOCAL_TCP,4376920,2710328,0,7086976
2026-07-26T05:57:19.360732+00:00,RM_COORD_OPT,16,65536,32,8,LOCAL_TCP,4376920,2710328,0,7086976
2026-07-26T05:57:22.318543+00:00,RM_COORD_OPT,16,65536,32,9,LOCAL_TCP,4376920,2710328,0,7086976
2026-07-26T05:57:22.973357+00:00,RM_VECTOR_GENERIC_SPLIT,18,262144,8,-2,LOCAL_TCP,4211784,19004680,0,0
2026-07-26T05:57:24.282921+00:00,RM_VECTOR_GENERIC_SPLIT,18,262144,8,0,LOCAL_TCP,4211784,130376,0,4342080
2026-07-26T05:57:24.937868+00:00,RM_VECTOR_GENERIC_SPLIT,18,262144,8,1,LOCAL_TCP,4211784,130376,0,4342080
2026-07-26T05:57:25.592462+00:00,RM_VECTOR_GENERIC_SPLIT,18,262144,8,2,LOCAL_TCP,4211784,130376,0,4342080
2026-07-26T05:57:26.247157+00:00,RM_VECTOR_GENERIC_SPLIT,18,262144,8,3,LOCAL_TCP,4211784,130376,0,4342080
2026-07-26T05:57:26.902109+00:00,RM_VECTOR_GENERIC_SPLIT,18,262144,8,4,LOCAL_TCP,4211784,130376,0,4342080
2026-07-26T05:57:27.558084+00:00,RM_VECTOR_GENERIC_SPLIT,18,262144,8,5,LOCAL_TCP,4211784,130376,0,4342080
2026-07-26T05:57:28.213066+00:00,RM_VECTOR_GENERIC_SPLIT,18,262144,8,6,LOCAL_TCP,4211784,130376,0,4342080
2026-07-26T05:57:28.868103+00:00,RM_VECTOR_GENERIC_SPLIT,18,262144,8,7,LOCAL_TCP,4211784,130376,0,4342080
2026-07-26T05:57:29.523371+00:00,RM_VECTOR_GENERIC_SPLIT,18,262144,8,8,LOCAL_TCP,4211784,130376,0,4342080
2026-07-26T05:57:30.177934+00:00,RM_VECTOR_GENERIC_SPLIT,18,262144,8,9,LOCAL_TCP,4211784,130376,0,4342080
2026-07-26T05:57:31.483630+00:00,RM_COORD_GENERIC_SPLIT,18,262144,8,-2,LOCAL_TCP,4211784,19687096,0,0
2026-07-26T05:57:34.145154+00:00,RM_COORD_GENERIC_SPLIT,18,262144,8,0,LOCAL_TCP,4211784,812792,0,5024496
2026-07-26T05:57:35.451086+00:00,RM_COORD_GENERIC_SPLIT,18,262144,8,1,LOCAL_TCP,4211784,812792,0,5024496
2026-07-26T05:57:36.757330+00:00,RM_COORD_GENERIC_SPLIT,18,262144,8,2,LOCAL_TCP,4211784,812792,0,5024496
2026-07-26T05:57:38.063663+00:00,RM_COORD_GENERIC_SPLIT,18,262144,8,3,LOCAL_TCP,4211784,812792,0,5024496
2026-07-26T05:57:39.369439+00:00,RM_COORD_GENERIC_SPLIT,18,262144,8,4,LOCAL_TCP,4211784,812792,0,5024496
2026-07-26T05:57:40.775021+00:00,RM_COORD_GENERIC_SPLIT,18,262144,8,5,LOCAL_TCP,4211784,812792,0,5024496
2026-07-26T05:57:42.131382+00:00,RM_COORD_GENERIC_SPLIT,18,262144,8,6,LOCAL_TCP,4211784,812792,0,5024496
2026-07-26T05:57:43.537647+00:00,RM_COORD_GENERIC_SPLIT,18,262144,8,7,LOCAL_TCP,4211784,812792,0,5024496
2026-07-26T05:57:44.893631+00:00,RM_COORD_GENERIC_SPLIT,18,262144,8,8,LOCAL_TCP,4211784,812792,0,5024496
2026-07-26T05:57:46.250763+00:00,RM_COORD_GENERIC_SPLIT,18,262144,8,9,LOCAL_TCP,4211784,812792,0,5024496
2026-07-26T05:57:46.855220+00:00,RM_VECTOR_OPT,18,262144,8,-2,LOCAL_TCP,1378648,19004680,0,0
2026-07-26T05:57:48.064849+00:00,RM_VECTOR_OPT,18,262144,8,0,LOCAL_TCP,1378648,130376,0,1508944
2026-07-26T05:57:48.669716+00:00,RM_VECTOR_OPT,18,262144,8,1,LOCAL_TCP,1378648,130376,0,1508944
2026-07-26T05:57:49.274356+00:00,RM_VECTOR_OPT,18,262144,8,2,LOCAL_TCP,1378648,130376,0,1508944
2026-07-26T05:57:49.878832+00:00,RM_VECTOR_OPT,18,262144,8,3,LOCAL_TCP,1378648,130376,0,1508944
2026-07-26T05:57:50.482768+00:00,RM_VECTOR_OPT,18,262144,8,4,LOCAL_TCP,1378648,130376,0,1508944
2026-07-26T05:57:51.087302+00:00,RM_VECTOR_OPT,18,262144,8,5,LOCAL_TCP,1378648,130376,0,1508944
2026-07-26T05:57:51.691940+00:00,RM_VECTOR_OPT,18,262144,8,6,LOCAL_TCP,1378648,130376,0,1508944
2026-07-26T05:57:52.296546+00:00,RM_VECTOR_OPT,18,262144,8,7,LOCAL_TCP,1378648,130376,0,1508944
2026-07-26T05:57:52.951306+00:00,RM_VECTOR_OPT,18,262144,8,8,LOCAL_TCP,1378648,130376,0,1508944
2026-07-26T05:57:53.605883+00:00,RM_VECTOR_OPT,18,262144,8,9,LOCAL_TCP,1378648,130376,0,1508944
2026-07-26T05:57:54.961765+00:00,RM_COORD_OPT,18,262144,8,-2,LOCAL_TCP,1378648,19687096,0,0
2026-07-26T05:57:57.724245+00:00,RM_COORD_OPT,18,262144,8,0,LOCAL_TCP,1378648,812792,0,2191360
2026-07-26T05:57:59.079997+00:00,RM_COORD_OPT,18,262144,8,1,LOCAL_TCP,1378648,812792,0,2191360
2026-07-26T05:58:00.385552+00:00,RM_COORD_OPT,18,262144,8,2,LOCAL_TCP,1378648,812792,0,2191360
2026-07-26T05:58:01.741315+00:00,RM_COORD_OPT,18,262144,8,3,LOCAL_TCP,1378648,812792,0,2191360
2026-07-26T05:58:02.997353+00:00,RM_COORD_OPT,18,262144,8,4,LOCAL_TCP,1378648,812792,0,2191360
2026-07-26T05:58:04.302963+00:00,RM_COORD_OPT,18,262144,8,5,LOCAL_TCP,1378648,812792,0,2191360
2026-07-26T05:58:05.660343+00:00,RM_COORD_OPT,18,262144,8,6,LOCAL_TCP,1378648,812792,0,2191360
2026-07-26T05:58:06.965943+00:00,RM_COORD_OPT,18,262144,8,7,LOCAL_TCP,1378648,812792,0,2191360
2026-07-26T05:58:08.221654+00:00,RM_COORD_OPT,18,262144,8,8,LOCAL_TCP,1378648,812792,0,2191360
2026-07-26T05:58:09.478105+00:00,RM_COORD_OPT,18,262144,8,9,LOCAL_TCP,1378648,812792,0,2191360
2026-07-26T05:58:10.483388+00:00,RM_VECTOR_GENERIC_SPLIT,18,262144,16,-2,LOCAL_TCP,16812104,35814664,0,0
2026-07-26T05:58:12.393529+00:00,RM_VECTOR_GENERIC_SPLIT,18,262144,16,0,LOCAL_TCP,16812104,163208,0,16975168
2026-07-26T05:58:13.398900+00:00,RM_VECTOR_GENERIC_SPLIT,18,262144,16,1,LOCAL_TCP,16812104,163208,0,16975168
2026-07-26T05:58:14.303985+00:00,RM_VECTOR_GENERIC_SPLIT,18,262144,16,2,LOCAL_TCP,16812104,163208,0,16975168
2026-07-26T05:58:15.259025+00:00,RM_VECTOR_GENERIC_SPLIT,18,262144,16,3,LOCAL_TCP,16812104,163208,0,16975168
2026-07-26T05:58:16.214267+00:00,RM_VECTOR_GENERIC_SPLIT,18,262144,16,4,LOCAL_TCP,16812104,163208,0,16975168
2026-07-26T05:58:17.219394+00:00,RM_VECTOR_GENERIC_SPLIT,18,262144,16,5,LOCAL_TCP,16812104,163208,0,16975168
2026-07-26T05:58:18.274447+00:00,RM_VECTOR_GENERIC_SPLIT,18,262144,16,6,LOCAL_TCP,16812104,163208,0,16975168
2026-07-26T05:58:19.229464+00:00,RM_VECTOR_GENERIC_SPLIT,18,262144,16,7,LOCAL_TCP,16812104,163208,0,16975168
2026-07-26T05:58:20.184245+00:00,RM_VECTOR_GENERIC_SPLIT,18,262144,16,8,LOCAL_TCP,16812104,163208,0,16975168
2026-07-26T05:58:21.190500+00:00,RM_VECTOR_GENERIC_SPLIT,18,262144,16,9,LOCAL_TCP,16812104,163208,0,16975168
2026-07-26T05:58:23.597691+00:00,RM_COORD_GENERIC_SPLIT,18,262144,16,-2,LOCAL_TCP,16812104,37276984,0,0
2026-07-26T05:58:28.716347+00:00,RM_COORD_GENERIC_SPLIT,18,262144,16,0,LOCAL_TCP,16812104,1625528,0,18437488
2026-07-26T05:58:31.175236+00:00,RM_COORD_GENERIC_SPLIT,18,262144,16,1,LOCAL_TCP,16812104,1625528,0,18437488
2026-07-26T05:58:33.732776+00:00,RM_COORD_GENERIC_SPLIT,18,262144,16,2,LOCAL_TCP,16812104,1625528,0,18437488
2026-07-26T05:58:36.092235+00:00,RM_COORD_GENERIC_SPLIT,18,262144,16,3,LOCAL_TCP,16812104,1625528,0,18437488
2026-07-26T05:58:38.398659+00:00,RM_COORD_GENERIC_SPLIT,18,262144,16,4,LOCAL_TCP,16812104,1625528,0,18437488
2026-07-26T05:58:40.905740+00:00,RM_COORD_GENERIC_SPLIT,18,262144,16,5,LOCAL_TCP,16812104,1625528,0,18437488
2026-07-26T05:58:43.263040+00:00,RM_COORD_GENERIC_SPLIT,18,262144,16,6,LOCAL_TCP,16812104,1625528,0,18437488
2026-07-26T05:58:45.670454+00:00,RM_COORD_GENERIC_SPLIT,18,262144,16,7,LOCAL_TCP,16812104,1625528,0,18437488
2026-07-26T05:58:48.078447+00:00,RM_COORD_GENERIC_SPLIT,18,262144,16,8,LOCAL_TCP,16812104,1625528,0,18437488
2026-07-26T05:58:50.535270+00:00,RM_COORD_GENERIC_SPLIT,18,262144,16,9,LOCAL_TCP,16812104,1625528,0,18437488
2026-07-26T05:58:51.389861+00:00,RM_VECTOR_OPT,18,262144,16,-2,LOCAL_TCP,2378072,35814664,0,0
2026-07-26T05:58:53.049383+00:00,RM_VECTOR_OPT,18,262144,16,0,LOCAL_TCP,2378072,163208,0,2541136
2026-07-26T05:58:53.853977+00:00,RM_VECTOR_OPT,18,262144,16,1,LOCAL_TCP,2378072,163208,0,2541136
2026-07-26T05:58:54.658433+00:00,RM_VECTOR_OPT,18,262144,16,2,LOCAL_TCP,2378072,163208,0,2541136
2026-07-26T05:58:55.463874+00:00,RM_VECTOR_OPT,18,262144,16,3,LOCAL_TCP,2378072,163208,0,2541136
2026-07-26T05:58:56.269044+00:00,RM_VECTOR_OPT,18,262144,16,4,LOCAL_TCP,2378072,163208,0,2541136
2026-07-26T05:58:57.074151+00:00,RM_VECTOR_OPT,18,262144,16,5,LOCAL_TCP,2378072,163208,0,2541136
2026-07-26T05:58:57.879151+00:00,RM_VECTOR_OPT,18,262144,16,6,LOCAL_TCP,2378072,163208,0,2541136
2026-07-26T05:58:58.733787+00:00,RM_VECTOR_OPT,18,262144,16,7,LOCAL_TCP,2378072,163208,0,2541136
2026-07-26T05:58:59.538461+00:00,RM_VECTOR_OPT,18,262144,16,8,LOCAL_TCP,2378072,163208,0,2541136
2026-07-26T05:59:00.343167+00:00,RM_VECTOR_OPT,18,262144,16,9,LOCAL_TCP,2378072,163208,0,2541136
2026-07-26T05:59:02.549953+00:00,RM_COORD_OPT,18,262144,16,-2,LOCAL_TCP,2378072,37276984,0,0
2026-07-26T05:59:07.163566+00:00,RM_COORD_OPT,18,262144,16,0,LOCAL_TCP,2378072,1625528,0,4003456
2026-07-26T05:59:09.470255+00:00,RM_COORD_OPT,18,262144,16,1,LOCAL_TCP,2378072,1625528,0,4003456
2026-07-26T05:59:11.778027+00:00,RM_COORD_OPT,18,262144,16,2,LOCAL_TCP,2378072,1625528,0,4003456
2026-07-26T05:59:14.135356+00:00,RM_COORD_OPT,18,262144,16,3,LOCAL_TCP,2378072,1625528,0,4003456
2026-07-26T05:59:16.393504+00:00,RM_COORD_OPT,18,262144,16,4,LOCAL_TCP,2378072,1625528,0,4003456
2026-07-26T05:59:18.750650+00:00,RM_COORD_OPT,18,262144,16,5,LOCAL_TCP,2378072,1625528,0,4003456
2026-07-26T05:59:21.107871+00:00,RM_COORD_OPT,18,262144,16,6,LOCAL_TCP,2378072,1625528,0,4003456
2026-07-26T05:59:23.364305+00:00,RM_COORD_OPT,18,262144,16,7,LOCAL_TCP,2378072,1625528,0,4003456
2026-07-26T05:59:25.720983+00:00,RM_COORD_OPT,18,262144,16,8,LOCAL_TCP,2378072,1625528,0,4003456
2026-07-26T05:59:27.977880+00:00,RM_COORD_OPT,18,262144,16,9,LOCAL_TCP,2378072,1625528,0,4003456
2026-07-26T05:59:29.734091+00:00,RM_VECTOR_GENERIC_SPLIT,18,262144,32,-2,LOCAL_TCP,67178568,69434632,0,0
2026-07-26T05:59:32.996091+00:00,RM_VECTOR_GENERIC_SPLIT,18,262144,32,0,LOCAL_TCP,67178568,228872,0,67407168
2026-07-26T05:59:34.602020+00:00,RM_VECTOR_GENERIC_SPLIT,18,262144,32,1,LOCAL_TCP,67178568,228872,0,67407168
2026-07-26T05:59:36.158409+00:00,RM_VECTOR_GENERIC_SPLIT,18,262144,32,2,LOCAL_TCP,67178568,228872,0,67407168
2026-07-26T05:59:37.764363+00:00,RM_VECTOR_GENERIC_SPLIT,18,262144,32,3,LOCAL_TCP,67178568,228872,0,67407168
2026-07-26T05:59:39.270201+00:00,RM_VECTOR_GENERIC_SPLIT,18,262144,32,4,LOCAL_TCP,67178568,228872,0,67407168
2026-07-26T05:59:40.775693+00:00,RM_VECTOR_GENERIC_SPLIT,18,262144,32,5,LOCAL_TCP,67178568,228872,0,67407168
2026-07-26T05:59:42.331747+00:00,RM_VECTOR_GENERIC_SPLIT,18,262144,32,6,LOCAL_TCP,67178568,228872,0,67407168
2026-07-26T05:59:43.837201+00:00,RM_VECTOR_GENERIC_SPLIT,18,262144,32,7,LOCAL_TCP,67178568,228872,0,67407168
2026-07-26T05:59:45.342917+00:00,RM_VECTOR_GENERIC_SPLIT,18,262144,32,8,LOCAL_TCP,67178568,228872,0,67407168
2026-07-26T05:59:46.948934+00:00,RM_VECTOR_GENERIC_SPLIT,18,262144,32,9,LOCAL_TCP,67178568,228872,0,67407168
2026-07-26T05:59:51.859584+00:00,RM_COORD_GENERIC_SPLIT,18,262144,32,-2,LOCAL_TCP,67178568,72456760,0,1223296
2026-07-26T06:00:01.080361+00:00,RM_COORD_GENERIC_SPLIT,18,262144,32,0,LOCAL_TCP,67178568,3251000,0,70429296
2026-07-26T06:00:05.741059+00:00,RM_COORD_GENERIC_SPLIT,18,262144,32,1,LOCAL_TCP,67178568,3251000,0,70429296
2026-07-26T06:00:10.250522+00:00,RM_COORD_GENERIC_SPLIT,18,262144,32,2,LOCAL_TCP,67178568,3251000,0,70429296
2026-07-26T06:00:14.861040+00:00,RM_COORD_GENERIC_SPLIT,18,262144,32,3,LOCAL_TCP,67178568,3251000,0,70429296
2026-07-26T06:00:19.472817+00:00,RM_COORD_GENERIC_SPLIT,18,262144,32,4,LOCAL_TCP,67178568,3251000,0,70429296
2026-07-26T06:00:24.034566+00:00,RM_COORD_GENERIC_SPLIT,18,262144,32,5,LOCAL_TCP,67178568,3251000,0,70429296
2026-07-26T06:00:28.846247+00:00,RM_COORD_GENERIC_SPLIT,18,262144,32,6,LOCAL_TCP,67178568,3251000,0,70429296
2026-07-26T06:00:33.508845+00:00,RM_COORD_GENERIC_SPLIT,18,262144,32,7,LOCAL_TCP,67178568,3251000,0,70429296
2026-07-26T06:00:38.021837+00:00,RM_COORD_GENERIC_SPLIT,18,262144,32,8,LOCAL_TCP,67178568,3251000,0,70429296
2026-07-26T06:00:42.836137+00:00,RM_COORD_GENERIC_SPLIT,18,262144,32,9,LOCAL_TCP,67178568,3251000,0,70429296
2026-07-26T06:00:44.193029+00:00,RM_VECTOR_OPT,18,262144,32,-2,LOCAL_TCP,4376920,69434632,0,0
2026-07-26T06:00:46.504274+00:00,RM_VECTOR_OPT,18,262144,32,0,LOCAL_TCP,4376920,228872,0,4605520
2026-07-26T06:00:47.709859+00:00,RM_VECTOR_OPT,18,262144,32,1,LOCAL_TCP,4376920,228872,0,4605520
2026-07-26T06:00:48.915423+00:00,RM_VECTOR_OPT,18,262144,32,2,LOCAL_TCP,4376920,228872,0,4605520
2026-07-26T06:00:50.021072+00:00,RM_VECTOR_OPT,18,262144,32,3,LOCAL_TCP,4376920,228872,0,4605520
2026-07-26T06:00:51.127303+00:00,RM_VECTOR_OPT,18,262144,32,4,LOCAL_TCP,4376920,228872,0,4605520
2026-07-26T06:00:52.283307+00:00,RM_VECTOR_OPT,18,262144,32,5,LOCAL_TCP,4376920,228872,0,4605520
2026-07-26T06:00:53.439180+00:00,RM_VECTOR_OPT,18,262144,32,6,LOCAL_TCP,4376920,228872,0,4605520
2026-07-26T06:00:54.644801+00:00,RM_VECTOR_OPT,18,262144,32,7,LOCAL_TCP,4376920,228872,0,4605520
2026-07-26T06:00:55.800157+00:00,RM_VECTOR_OPT,18,262144,32,8,LOCAL_TCP,4376920,228872,0,4605520
2026-07-26T06:00:56.955563+00:00,RM_VECTOR_OPT,18,262144,32,9,LOCAL_TCP,4376920,228872,0,4605520
2026-07-26T06:01:01.415766+00:00,RM_COORD_OPT,18,262144,32,-2,LOCAL_TCP,4376920,72456760,0,0
2026-07-26T06:01:09.986442+00:00,RM_COORD_OPT,18,262144,32,0,LOCAL_TCP,4376920,3251000,0,7627648
2026-07-26T06:01:14.296764+00:00,RM_COORD_OPT,18,262144,32,1,LOCAL_TCP,4376920,3251000,0,7627648
2026-07-26T06:01:18.657164+00:00,RM_COORD_OPT,18,262144,32,2,LOCAL_TCP,4376920,3251000,0,7627648
2026-07-26T06:01:23.119981+00:00,RM_COORD_OPT,18,262144,32,3,LOCAL_TCP,4376920,3251000,0,7627648
2026-07-26T06:01:27.580048+00:00,RM_COORD_OPT,18,262144,32,4,LOCAL_TCP,4376920,3251000,0,7627648
2026-07-26T06:01:31.940946+00:00,RM_COORD_OPT,18,262144,32,5,LOCAL_TCP,4376920,3251000,0,7627648
2026-07-26T06:01:36.250798+00:00,RM_COORD_OPT,18,262144,32,6,LOCAL_TCP,4376920,3251000,0,7627648
2026-07-26T06:01:40.309735+00:00,RM_COORD_OPT,18,262144,32,7,LOCAL_TCP,4376920,3251000,0,7627648
2026-07-26T06:01:44.317956+00:00,RM_COORD_OPT,18,262144,32,8,LOCAL_TCP,4376920,3251000,0,7627648
2026-07-26T06:01:48.326362+00:00,RM_COORD_OPT,18,262144,32,9,LOCAL_TCP,4376920,3251000,0,7627648
2026-07-26T06:01:49.881645+00:00,RM_VECTOR_GENERIC_SPLIT,20,1048576,8,-2,LOCAL_TCP,4211784,75644680,0,0
2026-07-26T06:01:52.691418+00:00,RM_VECTOR_GENERIC_SPLIT,20,1048576,8,0,LOCAL_TCP,4211784,147272,0,4358976
2026-07-26T06:01:54.096344+00:00,RM_VECTOR_GENERIC_SPLIT,20,1048576,8,1,LOCAL_TCP,4211784,147272,0,4358976
2026-07-26T06:01:55.501034+00:00,RM_VECTOR_GENERIC_SPLIT,20,1048576,8,2,LOCAL_TCP,4211784,147272,0,4358976
2026-07-26T06:01:56.906057+00:00,RM_VECTOR_GENERIC_SPLIT,20,1048576,8,3,LOCAL_TCP,4211784,147272,0,4358976
2026-07-26T06:01:58.310912+00:00,RM_VECTOR_GENERIC_SPLIT,20,1048576,8,4,LOCAL_TCP,4211784,147272,0,4358976
2026-07-26T06:01:59.715854+00:00,RM_VECTOR_GENERIC_SPLIT,20,1048576,8,5,LOCAL_TCP,4211784,147272,0,4358976
2026-07-26T06:02:01.120636+00:00,RM_VECTOR_GENERIC_SPLIT,20,1048576,8,6,LOCAL_TCP,4211784,147272,0,4358976
2026-07-26T06:02:02.525532+00:00,RM_VECTOR_GENERIC_SPLIT,20,1048576,8,7,LOCAL_TCP,4211784,147272,0,4358976
2026-07-26T06:02:03.930459+00:00,RM_VECTOR_GENERIC_SPLIT,20,1048576,8,8,LOCAL_TCP,4211784,147272,0,4358976
2026-07-26T06:02:05.335359+00:00,RM_VECTOR_GENERIC_SPLIT,20,1048576,8,9,LOCAL_TCP,4211784,147272,0,4358976
2026-07-26T06:02:07.691439+00:00,RM_COORD_GENERIC_SPLIT,20,1048576,8,-2,LOCAL_TCP,4211784,76445368,0,0
2026-07-26T06:02:12.203575+00:00,RM_COORD_GENERIC_SPLIT,20,1048576,8,0,LOCAL_TCP,4211784,947960,0,5159664
2026-07-26T06:02:14.459705+00:00,RM_COORD_GENERIC_SPLIT,20,1048576,8,1,LOCAL_TCP,4211784,947960,0,5159664
2026-07-26T06:02:16.715857+00:00,RM_COORD_GENERIC_SPLIT,20,1048576,8,2,LOCAL_TCP,4211784,947960,0,5159664
2026-07-26T06:02:18.971873+00:00,RM_COORD_GENERIC_SPLIT,20,1048576,8,3,LOCAL_TCP,4211784,947960,0,5159664
2026-07-26T06:02:21.228026+00:00,RM_COORD_GENERIC_SPLIT,20,1048576,8,4,LOCAL_TCP,4211784,947960,0,5159664
2026-07-26T06:02:23.484126+00:00,RM_COORD_GENERIC_SPLIT,20,1048576,8,5,LOCAL_TCP,4211784,947960,0,5159664
2026-07-26T06:02:25.740178+00:00,RM_COORD_GENERIC_SPLIT,20,1048576,8,6,LOCAL_TCP,4211784,947960,0,5159664
2026-07-26T06:02:27.996449+00:00,RM_COORD_GENERIC_SPLIT,20,1048576,8,7,LOCAL_TCP,4211784,947960,0,5159664
2026-07-26T06:02:30.252717+00:00,RM_COORD_GENERIC_SPLIT,20,1048576,8,8,LOCAL_TCP,4211784,947960,0,5159664
2026-07-26T06:02:32.508903+00:00,RM_COORD_GENERIC_SPLIT,20,1048576,8,9,LOCAL_TCP,4211784,947960,0,5159664
2026-07-26T06:02:34.014088+00:00,RM_VECTOR_OPT,20,1048576,8,-2,LOCAL_TCP,1378648,75644680,0,0
2026-07-26T06:02:36.723747+00:00,RM_VECTOR_OPT,20,1048576,8,0,LOCAL_TCP,1378648,147272,0,1525840
2026-07-26T06:02:38.128788+00:00,RM_VECTOR_OPT,20,1048576,8,1,LOCAL_TCP,1378648,147272,0,1525840
2026-07-26T06:02:39.483903+00:00,RM_VECTOR_OPT,20,1048576,8,2,LOCAL_TCP,1378648,147272,0,1525840
2026-07-26T06:02:40.838807+00:00,RM_VECTOR_OPT,20,1048576,8,3,LOCAL_TCP,1378648,147272,0,1525840
2026-07-26T06:02:42.193645+00:00,RM_VECTOR_OPT,20,1048576,8,4,LOCAL_TCP,1378648,147272,0,1525840
2026-07-26T06:02:43.548636+00:00,RM_VECTOR_OPT,20,1048576,8,5,LOCAL_TCP,1378648,147272,0,1525840
2026-07-26T06:02:44.903505+00:00,RM_VECTOR_OPT,20,1048576,8,6,LOCAL_TCP,1378648,147272,0,1525840
2026-07-26T06:02:46.258483+00:00,RM_VECTOR_OPT,20,1048576,8,7,LOCAL_TCP,1378648,147272,0,1525840
2026-07-26T06:02:47.613489+00:00,RM_VECTOR_OPT,20,1048576,8,8,LOCAL_TCP,1378648,147272,0,1525840
2026-07-26T06:02:48.968437+00:00,RM_VECTOR_OPT,20,1048576,8,9,LOCAL_TCP,1378648,147272,0,1525840
2026-07-26T06:02:51.274689+00:00,RM_COORD_OPT,20,1048576,8,-2,LOCAL_TCP,1378648,76445368,0,0
2026-07-26T06:02:55.686700+00:00,RM_COORD_OPT,20,1048576,8,0,LOCAL_TCP,1378648,947960,0,2326528
2026-07-26T06:02:57.892781+00:00,RM_COORD_OPT,20,1048576,8,1,LOCAL_TCP,1378648,947960,0,2326528
2026-07-26T06:03:00.098867+00:00,RM_COORD_OPT,20,1048576,8,2,LOCAL_TCP,1378648,947960,0,2326528
2026-07-26T06:03:02.305001+00:00,RM_COORD_OPT,20,1048576,8,3,LOCAL_TCP,1378648,947960,0,2326528
2026-07-26T06:03:04.511058+00:00,RM_COORD_OPT,20,1048576,8,4,LOCAL_TCP,1378648,947960,0,2326528
2026-07-26T06:03:06.717366+00:00,RM_COORD_OPT,20,1048576,8,5,LOCAL_TCP,1378648,947960,0,2326528
2026-07-26T06:03:08.923536+00:00,RM_COORD_OPT,20,1048576,8,6,LOCAL_TCP,1378648,947960,0,2326528
2026-07-26T06:03:11.129638+00:00,RM_COORD_OPT,20,1048576,8,7,LOCAL_TCP,1378648,947960,0,2326528
2026-07-26T06:03:13.335644+00:00,RM_COORD_OPT,20,1048576,8,8,LOCAL_TCP,1378648,947960,0,2326528
2026-07-26T06:03:15.541974+00:00,RM_COORD_OPT,20,1048576,8,9,LOCAL_TCP,1378648,947960,0,2326528
2026-07-26T06:03:18.148843+00:00,RM_VECTOR_GENERIC_SPLIT,20,1048576,16,-2,LOCAL_TCP,16812104,142786312,0,0
2026-07-26T06:03:22.761450+00:00,RM_VECTOR_GENERIC_SPLIT,20,1048576,16,0,LOCAL_TCP,16812104,180104,0,16992064
2026-07-26T06:03:25.067941+00:00,RM_VECTOR_GENERIC_SPLIT,20,1048576,16,1,LOCAL_TCP,16812104,180104,0,16992064
2026-07-26T06:03:27.374410+00:00,RM_VECTOR_GENERIC_SPLIT,20,1048576,16,2,LOCAL_TCP,16812104,180104,0,16992064
2026-07-26T06:03:29.680948+00:00,RM_VECTOR_GENERIC_SPLIT,20,1048576,16,3,LOCAL_TCP,16812104,180104,0,16992064
2026-07-26T06:03:31.987630+00:00,RM_VECTOR_GENERIC_SPLIT,20,1048576,16,4,LOCAL_TCP,16812104,180104,0,16992064
2026-07-26T06:03:34.294283+00:00,RM_VECTOR_GENERIC_SPLIT,20,1048576,16,5,LOCAL_TCP,16812104,180104,0,16992064
2026-07-26T06:03:36.600619+00:00,RM_VECTOR_GENERIC_SPLIT,20,1048576,16,6,LOCAL_TCP,16812104,180104,0,16992064
2026-07-26T06:03:38.906906+00:00,RM_VECTOR_GENERIC_SPLIT,20,1048576,16,7,LOCAL_TCP,16812104,180104,0,16992064
2026-07-26T06:03:41.213437+00:00,RM_VECTOR_GENERIC_SPLIT,20,1048576,16,8,LOCAL_TCP,16812104,180104,0,16992064
2026-07-26T06:03:43.519779+00:00,RM_VECTOR_GENERIC_SPLIT,20,1048576,16,9,LOCAL_TCP,16812104,180104,0,16992064
2026-07-26T06:03:47.828598+00:00,RM_COORD_GENERIC_SPLIT,20,1048576,16,-2,LOCAL_TCP,16812104,144502072,0,0
2026-07-26T06:03:55.845868+00:00,RM_COORD_GENERIC_SPLIT,20,1048576,16,0,LOCAL_TCP,16812104,1895864,0,18707824
2026-07-26T06:03:59.854418+00:00,RM_COORD_GENERIC_SPLIT,20,1048576,16,1,LOCAL_TCP,16812104,1895864,0,18707824
2026-07-26T06:04:03.863083+00:00,RM_COORD_GENERIC_SPLIT,20,1048576,16,2,LOCAL_TCP,16812104,1895864,0,18707824
2026-07-26T06:04:07.871565+00:00,RM_COORD_GENERIC_SPLIT,20,1048576,16,3,LOCAL_TCP,16812104,1895864,0,18707824
2026-07-26T06:04:11.880152+00:00,RM_COORD_GENERIC_SPLIT,20,1048576,16,4,LOCAL_TCP,16812104,1895864,0,18707824
2026-07-26T06:04:15.888790+00:00,RM_COORD_GENERIC_SPLIT,20,1048576,16,5,LOCAL_TCP,16812104,1895864,0,18707824
2026-07-26T06:04:19.897490+00:00,RM_COORD_GENERIC_SPLIT,20,1048576,16,6,LOCAL_TCP,16812104,1895864,0,18707824
2026-07-26T06:04:23.906119+00:00,RM_COORD_GENERIC_SPLIT,20,1048576,16,7,LOCAL_TCP,16812104,1895864,0,18707824
2026-07-26T06:04:27.914847+00:00,RM_COORD_GENERIC_SPLIT,20,1048576,16,8,LOCAL_TCP,16812104,1895864,0,18707824
2026-07-26T06:04:31.923558+00:00,RM_COORD_GENERIC_SPLIT,20,1048576,16,9,LOCAL_TCP,16812104,1895864,0,18707824
2026-07-26T06:04:34.380572+00:00,RM_VECTOR_OPT,20,1048576,16,-2,LOCAL_TCP,2378072,142786312,0,0
2026-07-26T06:04:38.692935+00:00,RM_VECTOR_OPT,20,1048576,16,0,LOCAL_TCP,2378072,180104,0,2558032
2026-07-26T06:04:40.849136+00:00,RM_VECTOR_OPT,20,1048576,16,1,LOCAL_TCP,2378072,180104,0,2558032
2026-07-26T06:04:43.005233+00:00,RM_VECTOR_OPT,20,1048576,16,2,LOCAL_TCP,2378072,180104,0,2558032
2026-07-26T06:04:45.161204+00:00,RM_VECTOR_OPT,20,1048576,16,3,LOCAL_TCP,2378072,180104,0,2558032
2026-07-26T06:04:47.317344+00:00,RM_VECTOR_OPT,20,1048576,16,4,LOCAL_TCP,2378072,180104,0,2558032
2026-07-26T06:04:49.473462+00:00,RM_VECTOR_OPT,20,1048576,16,5,LOCAL_TCP,2378072,180104,0,2558032
2026-07-26T06:04:51.629422+00:00,RM_VECTOR_OPT,20,1048576,16,6,LOCAL_TCP,2378072,180104,0,2558032
2026-07-26T06:04:53.835557+00:00,RM_VECTOR_OPT,20,1048576,16,7,LOCAL_TCP,2378072,180104,0,2558032
2026-07-26T06:04:55.991913+00:00,RM_VECTOR_OPT,20,1048576,16,8,LOCAL_TCP,2378072,180104,0,2558032
2026-07-26T06:04:58.198039+00:00,RM_VECTOR_OPT,20,1048576,16,9,LOCAL_TCP,2378072,180104,0,2558032
2026-07-26T06:05:02.356808+00:00,RM_COORD_OPT,20,1048576,16,-2,LOCAL_TCP,2378072,144502072,0,0
2026-07-26T06:05:10.073525+00:00,RM_COORD_OPT,20,1048576,16,0,LOCAL_TCP,2378072,1895864,0,4273792
2026-07-26T06:05:13.932031+00:00,RM_COORD_OPT,20,1048576,16,1,LOCAL_TCP,2378072,1895864,0,4273792
2026-07-26T06:05:17.790411+00:00,RM_COORD_OPT,20,1048576,16,2,LOCAL_TCP,2378072,1895864,0,4273792
2026-07-26T06:05:21.648837+00:00,RM_COORD_OPT,20,1048576,16,3,LOCAL_TCP,2378072,1895864,0,4273792
2026-07-26T06:05:25.507411+00:00,RM_COORD_OPT,20,1048576,16,4,LOCAL_TCP,2378072,1895864,0,4273792
2026-07-26T06:05:29.365621+00:00,RM_COORD_OPT,20,1048576,16,5,LOCAL_TCP,2378072,1895864,0,4273792
2026-07-26T06:05:33.224370+00:00,RM_COORD_OPT,20,1048576,16,6,LOCAL_TCP,2378072,1895864,0,4273792
2026-07-26T06:05:37.082942+00:00,RM_COORD_OPT,20,1048576,16,7,LOCAL_TCP,2378072,1895864,0,4273792
2026-07-26T06:05:40.941709+00:00,RM_COORD_OPT,20,1048576,16,8,LOCAL_TCP,2378072,1895864,0,4273792
2026-07-26T06:05:44.800306+00:00,RM_COORD_OPT,20,1048576,16,9,LOCAL_TCP,2378072,1895864,0,4273792
2026-07-26T06:05:49.560155+00:00,RM_VECTOR_GENERIC_SPLIT,20,1048576,32,-2,LOCAL_TCP,67178568,277069576,0,0
2026-07-26T06:05:57.928050+00:00,RM_VECTOR_GENERIC_SPLIT,20,1048576,32,0,LOCAL_TCP,67178568,245768,0,67424064
2026-07-26T06:06:02.086765+00:00,RM_VECTOR_GENERIC_SPLIT,20,1048576,32,1,LOCAL_TCP,67178568,245768,0,67424064
2026-07-26T06:06:06.245511+00:00,RM_VECTOR_GENERIC_SPLIT,20,1048576,32,2,LOCAL_TCP,67178568,245768,0,67424064
2026-07-26T06:06:10.454383+00:00,RM_VECTOR_GENERIC_SPLIT,20,1048576,32,3,LOCAL_TCP,67178568,245768,0,67424064
2026-07-26T06:06:14.613449+00:00,RM_VECTOR_GENERIC_SPLIT,20,1048576,32,4,LOCAL_TCP,67178568,245768,0,67424064
2026-07-26T06:06:18.772283+00:00,RM_VECTOR_GENERIC_SPLIT,20,1048576,32,5,LOCAL_TCP,67178568,245768,0,67424064
2026-07-26T06:06:22.981068+00:00,RM_VECTOR_GENERIC_SPLIT,20,1048576,32,6,LOCAL_TCP,67178568,245768,0,67424064
2026-07-26T06:06:27.140047+00:00,RM_VECTOR_GENERIC_SPLIT,20,1048576,32,7,LOCAL_TCP,67178568,245768,0,67424064
2026-07-26T06:06:31.298967+00:00,RM_VECTOR_GENERIC_SPLIT,20,1048576,32,8,LOCAL_TCP,67178568,245768,0,67424064
2026-07-26T06:06:35.457735+00:00,RM_VECTOR_GENERIC_SPLIT,20,1048576,32,9,LOCAL_TCP,67178568,245768,0,67424064
2026-07-26T06:06:43.772206+00:00,RM_COORD_GENERIC_SPLIT,20,1048576,32,-2,LOCAL_TCP,67178568,280615480,0,0
2026-07-26T06:06:59.099866+00:00,RM_COORD_GENERIC_SPLIT,20,1048576,32,0,LOCAL_TCP,67178568,3791672,0,70969968
2026-07-26T06:07:06.763331+00:00,RM_COORD_GENERIC_SPLIT,20,1048576,32,1,LOCAL_TCP,67178568,3791672,0,70969968
2026-07-26T06:07:14.427674+00:00,RM_COORD_GENERIC_SPLIT,20,1048576,32,2,LOCAL_TCP,67178568,3791672,0,70969968
2026-07-26T06:07:22.091147+00:00,RM_COORD_GENERIC_SPLIT,20,1048576,32,3,LOCAL_TCP,67178568,3791672,0,70969968
2026-07-26T06:07:29.754720+00:00,RM_COORD_GENERIC_SPLIT,20,1048576,32,4,LOCAL_TCP,67178568,3791672,0,70969968
2026-07-26T06:07:37.419186+00:00,RM_COORD_GENERIC_SPLIT,20,1048576,32,5,LOCAL_TCP,67178568,3791672,0,70969968
2026-07-26T06:07:45.082880+00:00,RM_COORD_GENERIC_SPLIT,20,1048576,32,6,LOCAL_TCP,67178568,3791672,0,70969968
2026-07-26T06:07:52.746139+00:00,RM_COORD_GENERIC_SPLIT,20,1048576,32,7,LOCAL_TCP,67178568,3791672,0,70969968
2026-07-26T06:08:00.409577+00:00,RM_COORD_GENERIC_SPLIT,20,1048576,32,8,LOCAL_TCP,67178568,3791672,0,70969968
2026-07-26T06:08:08.022884+00:00,RM_COORD_GENERIC_SPLIT,20,1048576,32,9,LOCAL_TCP,67178568,3791672,0,70969968
2026-07-26T06:08:12.432606+00:00,RM_VECTOR_OPT,20,1048576,32,-2,LOCAL_TCP,4376920,277069576,0,0
2026-07-26T06:08:20.049207+00:00,RM_VECTOR_OPT,20,1048576,32,0,LOCAL_TCP,4376920,245768,0,4622416
2026-07-26T06:08:23.857344+00:00,RM_VECTOR_OPT,20,1048576,32,1,LOCAL_TCP,4376920,245768,0,4622416
2026-07-26T06:08:27.665626+00:00,RM_VECTOR_OPT,20,1048576,32,2,LOCAL_TCP,4376920,245768,0,4622416
2026-07-26T06:08:31.473839+00:00,RM_VECTOR_OPT,20,1048576,32,3,LOCAL_TCP,4376920,245768,0,4622416
2026-07-26T06:08:35.282025+00:00,RM_VECTOR_OPT,20,1048576,32,4,LOCAL_TCP,4376920,245768,0,4622416
2026-07-26T06:08:39.090622+00:00,RM_VECTOR_OPT,20,1048576,32,5,LOCAL_TCP,4376920,245768,0,4622416
2026-07-26T06:08:42.899192+00:00,RM_VECTOR_OPT,20,1048576,32,6,LOCAL_TCP,4376920,245768,0,4622416
2026-07-26T06:08:46.707947+00:00,RM_VECTOR_OPT,20,1048576,32,7,LOCAL_TCP,4376920,245768,0,4622416
2026-07-26T06:08:50.517063+00:00,RM_VECTOR_OPT,20,1048576,32,8,LOCAL_TCP,4376920,245768,0,4622416
2026-07-26T06:08:54.325933+00:00,RM_VECTOR_OPT,20,1048576,32,9,LOCAL_TCP,4376920,245768,0,4622416
2026-07-26T06:09:02.241005+00:00,RM_COORD_OPT,20,1048576,32,-2,LOCAL_TCP,4376920,280615480,0,0
2026-07-26T06:09:16.769192+00:00,RM_COORD_OPT,20,1048576,32,0,LOCAL_TCP,4376920,3791672,0,8168320
2026-07-26T06:09:24.033130+00:00,RM_COORD_OPT,20,1048576,32,1,LOCAL_TCP,4376920,3791672,0,8168320
2026-07-26T06:09:31.347270+00:00,RM_COORD_OPT,20,1048576,32,2,LOCAL_TCP,4376920,3791672,0,8168320
2026-07-26T06:09:38.611366+00:00,RM_COORD_OPT,20,1048576,32,3,LOCAL_TCP,4376920,3791672,0,8168320
2026-07-26T06:09:45.874952+00:00,RM_COORD_OPT,20,1048576,32,4,LOCAL_TCP,4376920,3791672,0,8168320
2026-07-26T06:09:53.139733+00:00,RM_COORD_OPT,20,1048576,32,5,LOCAL_TCP,4376920,3791672,0,8168320
2026-07-26T06:10:00.453812+00:00,RM_COORD_OPT,20,1048576,32,6,LOCAL_TCP,4376920,3791672,0,8168320
2026-07-26T06:10:07.767443+00:00,RM_COORD_OPT,20,1048576,32,7,LOCAL_TCP,4376920,3791672,0,8168320
2026-07-26T06:10:15.080752+00:00,RM_COORD_OPT,20,1048576,32,8,LOCAL_TCP,4376920,3791672,0,8168320
2026-07-26T06:10:22.343781+00:00,RM_COORD_OPT,20,1048576,32,9,LOCAL_TCP,4376920,3791672,0,8168320
