timestamp,benchmark_source_commit,method,logN,N,m,trial_index,silent_extension_ms,local_output_mapping_ms,critical_path_ms,status
2026-07-26T06:15:57.493030+00:00,4a917afb6ebeca9bce885fae7f25d0ac0264ecb6,SILENT_EXTEND_ONLY,12,4096,8,-1,57.618,0.0,57.618,OK
2026-07-26T06:15:57.493067+00:00,4a917afb6ebeca9bce885fae7f25d0ac0264ecb6,SILENT_EXTEND_ONLY,12,4096,8,0,58.573,0.0,58.573,OK
2026-07-26T06:15:57.493074+00:00,4a917afb6ebeca9bce885fae7f25d0ac0264ecb6,SILENT_EXTEND_ONLY,12,4096,8,1,57.548,0.0,57.548,OK
2026-07-26T06:15:57.493081+00:00,4a917afb6ebeca9bce885fae7f25d0ac0264ecb6,SILENT_EXTEND_ONLY,12,4096,8,2,58.024,0.0,58.024,OK
2026-07-26T06:15:57.493087+00:00,4a917afb6ebeca9bce885fae7f25d0ac0264ecb6,SILENT_EXTEND_ONLY,12,4096,8,3,58.026,0.0,58.026,OK
2026-07-26T06:15:57.493094+00:00,4a917afb6ebeca9bce885fae7f25d0ac0264ecb6,SILENT_EXTEND_ONLY,12,4096,8,4,57.923,0.0,57.923,OK
2026-07-26T06:15:57.493101+00:00,4a917afb6ebeca9bce885fae7f25d0ac0264ecb6,SILENT_EXTEND_ONLY,12,4096,8,5,59.21,0.0,59.21,OK
2026-07-26T06:15:57.493107+00:00,4a917afb6ebeca9bce885fae7f25d0ac0264ecb6,SILENT_EXTEND_ONLY,12,4096,8,6,58.245,0.0,58.245,OK
2026-07-26T06:15:57.493115+00:00,4a917afb6ebeca9bce885fae7f25d0ac0264ecb6,SILENT_EXTEND_ONLY,12,4096,8,7,58.181999999999995,0.0,58.181999999999995,OK
2026-07-26T06:15:57.493123+00:00,4a917afb6ebeca9bce885fae7f25d0ac0264ecb6,SILENT_EXTEND_ONLY,12,4096,8,8,58.501,0.0,58.501,OK
2026-07-26T06:15:57.493129+00:00,4a917afb6ebeca9bce885fae7f25d0ac0264ecb6,SILENT_EXTEND_ONLY,12,4096,8,9,58.271,0.0,58.271,OK
2026-07-26T06:15:57.493138+00:00,4a917afb6ebeca9bce885fae7f25d0ac0264ecb6,SILENT_EXTEND_ONLY,12,4096,16,-1,89.68900000000001,0.0,89.68900000000001,OK
2026-07-26T06:15:57.493145+00:00,4a917afb6ebeca9bce885fae7f25d0ac0264ecb6,SILENT_EXTEND_ONLY,12,4096,16,0,88.87299999999999,0.0,88.87299999999999,OK
2026-07-26T06:15:57.493152+00:00,4a917afb6ebeca9bce885fae7f25d0ac0264ecb6,SILENT_EXTEND_ONLY,12,4096,16,1,89.756,0.0,89.756,OK
2026-07-26T06:15:57.493158+00:00,4a917afb6ebeca9bce885fae7f25d0ac0264ecb6,SILENT_EXTEND_ONLY,12,4096,16,2,89.78899999999999,0.0,89.78899999999999,OK
2026-07-26T06:15:57.493167+00:00,4a917afb6ebeca9bce885fae7f25d0ac0264ecb6,SILENT_EXTEND_ONLY,12,4096,16,3,89.628,0.0,89.628,OK
2026-07-26T06:15:57.493174+00:00,4a917afb6ebeca9bce885fae7f25d0ac0264ecb6,SILENT_EXTEND_ONLY,12,4096,16,4,89.117,0.0,89.117,OK
2026-07-26T06:15:57.493180+00:00,4a917afb6ebeca9bce885fae7f25d0ac0264ecb6,SILENT_EXTEND_ONLY,12,4096,16,5,89.409,0.0,89.409,OK
2026-07-26T06:15:57.493189+00:00,4a917afb6ebeca9bce885fae7f25d0ac0264ecb6,SILENT_EXTEND_ONLY,12,4096,16,6,89.734,0.0,89.734,OK
2026-07-26T06:15:57.493195+00:00,4a917afb6ebeca9bce885fae7f25d0ac0264ecb6,SILENT_EXTEND_ONLY,12,4096,16,7,90.585,0.0,90.585,OK
2026-07-26T06:15:57.493202+00:00,4a917afb6ebeca9bce885fae7f25d0ac0264ecb6,SILENT_EXTEND_ONLY,12,4096,16,8,90.18299999999999,0.0,90.18299999999999,OK
2026-07-26T06:15:57.493208+00:00,4a917afb6ebeca9bce885fae7f25d0ac0264ecb6,SILENT_EXTEND_ONLY,12,4096,16,9,89.90299999999999,0.0,89.90299999999999,OK
2026-07-26T06:15:57.493217+00:00,4a917afb6ebeca9bce885fae7f25d0ac0264ecb6,SILENT_EXTEND_ONLY,12,4096,32,-1,230.4,0.0,230.4,OK
2026-07-26T06:15:57.493224+00:00,4a917afb6ebeca9bce885fae7f25d0ac0264ecb6,SILENT_EXTEND_ONLY,12,4096,32,0,230.526,0.0,230.526,OK
2026-07-26T06:15:57.493230+00:00,4a917afb6ebeca9bce885fae7f25d0ac0264ecb6,SILENT_EXTEND_ONLY,12,4096,32,1,230.326,0.0,230.326,OK
2026-07-26T06:15:57.493239+00:00,4a917afb6ebeca9bce885fae7f25d0ac0264ecb6,SILENT_EXTEND_ONLY,12,4096,32,2,229.439,0.0,229.439,OK
2026-07-26T06:15:57.493246+00:00,4a917afb6ebeca9bce885fae7f25d0ac0264ecb6,SILENT_EXTEND_ONLY,12,4096,32,3,230.86599999999999,0.0,230.86599999999999,OK
2026-07-26T06:15:57.493253+00:00,4a917afb6ebeca9bce885fae7f25d0ac0264ecb6,SILENT_EXTEND_ONLY,12,4096,32,4,230.77900000000002,0.0,230.77900000000002,OK
2026-07-26T06:15:57.493260+00:00,4a917afb6ebeca9bce885fae7f25d0ac0264ecb6,SILENT_EXTEND_ONLY,12,4096,32,5,230.673,0.0,230.673,OK
2026-07-26T06:15:57.493269+00:00,4a917afb6ebeca9bce885fae7f25d0ac0264ecb6,SILENT_EXTEND_ONLY,12,4096,32,6,231.843,0.0,231.843,OK
2026-07-26T06:15:57.493276+00:00,4a917afb6ebeca9bce885fae7f25d0ac0264ecb6,SILENT_EXTEND_ONLY,12,4096,32,7,231.064,0.0,231.064,OK
2026-07-26T06:15:57.493282+00:00,4a917afb6ebeca9bce885fae7f25d0ac0264ecb6,SILENT_EXTEND_ONLY,12,4096,32,8,233.212,0.0,233.212,OK
2026-07-26T06:15:57.493291+00:00,4a917afb6ebeca9bce885fae7f25d0ac0264ecb6,SILENT_EXTEND_ONLY,12,4096,32,9,231.482,0.0,231.482,OK
2026-07-26T06:15:57.493297+00:00,4a917afb6ebeca9bce885fae7f25d0ac0264ecb6,SILENT_EXTEND_ONLY,14,16384,8,-1,105.62299999999999,0.0,105.62299999999999,OK
2026-07-26T06:15:57.493304+00:00,4a917afb6ebeca9bce885fae7f25d0ac0264ecb6,SILENT_EXTEND_ONLY,14,16384,8,0,104.837,0.0,104.837,OK
2026-07-26T06:15:57.493309+00:00,4a917afb6ebeca9bce885fae7f25d0ac0264ecb6,SILENT_EXTEND_ONLY,14,16384,8,1,105.62100000000001,0.0,105.62100000000001,OK
2026-07-26T06:15:57.493319+00:00,4a917afb6ebeca9bce885fae7f25d0ac0264ecb6,SILENT_EXTEND_ONLY,14,16384,8,2,105.462,0.0,105.462,OK
2026-07-26T06:15:57.493325+00:00,4a917afb6ebeca9bce885fae7f25d0ac0264ecb6,SILENT_EXTEND_ONLY,14,16384,8,3,106.001,0.0,106.001,OK
2026-07-26T06:15:57.493331+00:00,4a917afb6ebeca9bce885fae7f25d0ac0264ecb6,SILENT_EXTEND_ONLY,14,16384,8,4,105.534,0.0,105.534,OK
2026-07-26T06:15:57.493342+00:00,4a917afb6ebeca9bce885fae7f25d0ac0264ecb6,SILENT_EXTEND_ONLY,14,16384,8,5,101.451,0.0,101.451,OK
2026-07-26T06:15:57.493349+00:00,4a917afb6ebeca9bce885fae7f25d0ac0264ecb6,SILENT_EXTEND_ONLY,14,16384,8,6,102.84400000000001,0.0,102.84400000000001,OK
2026-07-26T06:15:57.493355+00:00,4a917afb6ebeca9bce885fae7f25d0ac0264ecb6,SILENT_EXTEND_ONLY,14,16384,8,7,105.116,0.0,105.116,OK
2026-07-26T06:15:57.493364+00:00,4a917afb6ebeca9bce885fae7f25d0ac0264ecb6,SILENT_EXTEND_ONLY,14,16384,8,8,106.004,0.0,106.004,OK
2026-07-26T06:15:57.493372+00:00,4a917afb6ebeca9bce885fae7f25d0ac0264ecb6,SILENT_EXTEND_ONLY,14,16384,8,9,103.937,0.0,103.937,OK
2026-07-26T06:15:57.493378+00:00,4a917afb6ebeca9bce885fae7f25d0ac0264ecb6,SILENT_EXTEND_ONLY,14,16384,16,-1,112.697,0.0,112.697,OK
2026-07-26T06:15:57.493385+00:00,4a917afb6ebeca9bce885fae7f25d0ac0264ecb6,SILENT_EXTEND_ONLY,14,16384,16,0,115.617,0.0,115.617,OK
2026-07-26T06:15:57.493393+00:00,4a917afb6ebeca9bce885fae7f25d0ac0264ecb6,SILENT_EXTEND_ONLY,14,16384,16,1,116.066,0.0,116.066,OK
2026-07-26T06:15:57.493402+00:00,4a917afb6ebeca9bce885fae7f25d0ac0264ecb6,SILENT_EXTEND_ONLY,14,16384,16,2,113.051,0.0,113.051,OK
2026-07-26T06:15:57.493408+00:00,4a917afb6ebeca9bce885fae7f25d0ac0264ecb6,SILENT_EXTEND_ONLY,14,16384,16,3,112.21499999999999,0.0,112.21499999999999,OK
2026-07-26T06:15:57.493417+00:00,4a917afb6ebeca9bce885fae7f25d0ac0264ecb6,SILENT_EXTEND_ONLY,14,16384,16,4,113.096,0.0,113.096,OK
2026-07-26T06:15:57.493423+00:00,4a917afb6ebeca9bce885fae7f25d0ac0264ecb6,SILENT_EXTEND_ONLY,14,16384,16,5,116.23400000000001,0.0,116.23400000000001,OK
2026-07-26T06:15:57.493430+00:00,4a917afb6ebeca9bce885fae7f25d0ac0264ecb6,SILENT_EXTEND_ONLY,14,16384,16,6,112.389,0.0,112.389,OK
2026-07-26T06:15:57.493436+00:00,4a917afb6ebeca9bce885fae7f25d0ac0264ecb6,SILENT_EXTEND_ONLY,14,16384,16,7,113.99900000000001,0.0,113.99900000000001,OK
2026-07-26T06:15:57.493444+00:00,4a917afb6ebeca9bce885fae7f25d0ac0264ecb6,SILENT_EXTEND_ONLY,14,16384,16,8,116.395,0.0,116.395,OK
2026-07-26T06:15:57.493450+00:00,4a917afb6ebeca9bce885fae7f25d0ac0264ecb6,SILENT_EXTEND_ONLY,14,16384,16,9,113.20700000000001,0.0,113.20700000000001,OK
2026-07-26T06:15:57.493468+00:00,4a917afb6ebeca9bce885fae7f25d0ac0264ecb6,SILENT_EXTEND_ONLY,14,16384,32,-1,256.79400000000004,0.0,256.79400000000004,OK
2026-07-26T06:15:57.493477+00:00,4a917afb6ebeca9bce885fae7f25d0ac0264ecb6,SILENT_EXTEND_ONLY,14,16384,32,0,257.164,0.0,257.164,OK
2026-07-26T06:15:57.493483+00:00,4a917afb6ebeca9bce885fae7f25d0ac0264ecb6,SILENT_EXTEND_ONLY,14,16384,32,1,255.814,0.0,255.814,OK
2026-07-26T06:15:57.493489+00:00,4a917afb6ebeca9bce885fae7f25d0ac0264ecb6,SILENT_EXTEND_ONLY,14,16384,32,2,256.524,0.0,256.524,OK
2026-07-26T06:15:57.493497+00:00,4a917afb6ebeca9bce885fae7f25d0ac0264ecb6,SILENT_EXTEND_ONLY,14,16384,32,3,256.699,0.0,256.699,OK
2026-07-26T06:15:57.493503+00:00,4a917afb6ebeca9bce885fae7f25d0ac0264ecb6,SILENT_EXTEND_ONLY,14,16384,32,4,257.336,0.0,257.336,OK
2026-07-26T06:15:57.493509+00:00,4a917afb6ebeca9bce885fae7f25d0ac0264ecb6,SILENT_EXTEND_ONLY,14,16384,32,5,256.801,0.0,256.801,OK
2026-07-26T06:15:57.493517+00:00,4a917afb6ebeca9bce885fae7f25d0ac0264ecb6,SILENT_EXTEND_ONLY,14,16384,32,6,255.471,0.0,255.471,OK
2026-07-26T06:15:57.493524+00:00,4a917afb6ebeca9bce885fae7f25d0ac0264ecb6,SILENT_EXTEND_ONLY,14,16384,32,7,257.425,0.0,257.425,OK
2026-07-26T06:15:57.493530+00:00,4a917afb6ebeca9bce885fae7f25d0ac0264ecb6,SILENT_EXTEND_ONLY,14,16384,32,8,256.335,0.0,256.335,OK
2026-07-26T06:15:57.493537+00:00,4a917afb6ebeca9bce885fae7f25d0ac0264ecb6,SILENT_EXTEND_ONLY,14,16384,32,9,255.452,0.0,255.452,OK
2026-07-26T06:15:57.493544+00:00,4a917afb6ebeca9bce885fae7f25d0ac0264ecb6,SILENT_EXTEND_ONLY,16,65536,8,-1,179.53,0.0,179.53,OK
2026-07-26T06:15:57.493550+00:00,4a917afb6ebeca9bce885fae7f25d0ac0264ecb6,SILENT_EXTEND_ONLY,16,65536,8,0,179.311,0.0,179.311,OK
2026-07-26T06:15:57.493557+00:00,4a917afb6ebeca9bce885fae7f25d0ac0264ecb6,SILENT_EXTEND_ONLY,16,65536,8,1,180.24699999999999,0.0,180.24699999999999,OK
2026-07-26T06:15:57.493566+00:00,4a917afb6ebeca9bce885fae7f25d0ac0264ecb6,SILENT_EXTEND_ONLY,16,65536,8,2,181.013,0.0,181.013,OK
2026-07-26T06:15:57.493572+00:00,4a917afb6ebeca9bce885fae7f25d0ac0264ecb6,SILENT_EXTEND_ONLY,16,65536,8,3,180.065,0.0,180.065,OK
2026-07-26T06:15:57.493578+00:00,4a917afb6ebeca9bce885fae7f25d0ac0264ecb6,SILENT_EXTEND_ONLY,16,65536,8,4,182.969,0.0,182.969,OK
2026-07-26T06:15:57.493584+00:00,4a917afb6ebeca9bce885fae7f25d0ac0264ecb6,SILENT_EXTEND_ONLY,16,65536,8,5,179.29700000000003,0.0,179.29700000000003,OK
2026-07-26T06:15:57.493594+00:00,4a917afb6ebeca9bce885fae7f25d0ac0264ecb6,SILENT_EXTEND_ONLY,16,65536,8,6,180.446,0.0,180.446,OK
2026-07-26T06:15:57.493600+00:00,4a917afb6ebeca9bce885fae7f25d0ac0264ecb6,SILENT_EXTEND_ONLY,16,65536,8,7,180.542,0.0,180.542,OK
2026-07-26T06:15:57.493608+00:00,4a917afb6ebeca9bce885fae7f25d0ac0264ecb6,SILENT_EXTEND_ONLY,16,65536,8,8,179.334,0.0,179.334,OK
2026-07-26T06:15:57.493616+00:00,4a917afb6ebeca9bce885fae7f25d0ac0264ecb6,SILENT_EXTEND_ONLY,16,65536,8,9,181.40800000000002,0.0,181.40800000000002,OK
2026-07-26T06:15:57.493623+00:00,4a917afb6ebeca9bce885fae7f25d0ac0264ecb6,SILENT_EXTEND_ONLY,16,65536,16,-1,174.74,0.0,174.74,OK
2026-07-26T06:15:57.493629+00:00,4a917afb6ebeca9bce885fae7f25d0ac0264ecb6,SILENT_EXTEND_ONLY,16,65536,16,0,173.546,0.0,173.546,OK
2026-07-26T06:15:57.493637+00:00,4a917afb6ebeca9bce885fae7f25d0ac0264ecb6,SILENT_EXTEND_ONLY,16,65536,16,1,175.88400000000001,0.0,175.88400000000001,OK
2026-07-26T06:15:57.493643+00:00,4a917afb6ebeca9bce885fae7f25d0ac0264ecb6,SILENT_EXTEND_ONLY,16,65536,16,2,178.062,0.0,178.062,OK
2026-07-26T06:15:57.493652+00:00,4a917afb6ebeca9bce885fae7f25d0ac0264ecb6,SILENT_EXTEND_ONLY,16,65536,16,3,173.47299999999998,0.0,173.47299999999998,OK
2026-07-26T06:15:57.493658+00:00,4a917afb6ebeca9bce885fae7f25d0ac0264ecb6,SILENT_EXTEND_ONLY,16,65536,16,4,176.35700000000003,0.0,176.35700000000003,OK
2026-07-26T06:15:57.493667+00:00,4a917afb6ebeca9bce885fae7f25d0ac0264ecb6,SILENT_EXTEND_ONLY,16,65536,16,5,181.37300000000002,0.0,181.37300000000002,OK
2026-07-26T06:15:57.493673+00:00,4a917afb6ebeca9bce885fae7f25d0ac0264ecb6,SILENT_EXTEND_ONLY,16,65536,16,6,176.604,0.0,176.604,OK
2026-07-26T06:15:57.493679+00:00,4a917afb6ebeca9bce885fae7f25d0ac0264ecb6,SILENT_EXTEND_ONLY,16,65536,16,7,174.591,0.0,174.591,OK
2026-07-26T06:15:57.493687+00:00,4a917afb6ebeca9bce885fae7f25d0ac0264ecb6,SILENT_EXTEND_ONLY,16,65536,16,8,177.072,0.0,177.072,OK
2026-07-26T06:15:57.493693+00:00,4a917afb6ebeca9bce885fae7f25d0ac0264ecb6,SILENT_EXTEND_ONLY,16,65536,16,9,175.175,0.0,175.175,OK
2026-07-26T06:15:57.493700+00:00,4a917afb6ebeca9bce885fae7f25d0ac0264ecb6,SILENT_EXTEND_ONLY,16,65536,32,-1,328.837,0.0,328.837,OK
2026-07-26T06:15:57.493708+00:00,4a917afb6ebeca9bce885fae7f25d0ac0264ecb6,SILENT_EXTEND_ONLY,16,65536,32,0,329.37,0.0,329.37,OK
2026-07-26T06:15:57.493715+00:00,4a917afb6ebeca9bce885fae7f25d0ac0264ecb6,SILENT_EXTEND_ONLY,16,65536,32,1,332.141,0.0,332.141,OK
2026-07-26T06:15:57.493721+00:00,4a917afb6ebeca9bce885fae7f25d0ac0264ecb6,SILENT_EXTEND_ONLY,16,65536,32,2,336.203,0.0,336.203,OK
2026-07-26T06:15:57.493726+00:00,4a917afb6ebeca9bce885fae7f25d0ac0264ecb6,SILENT_EXTEND_ONLY,16,65536,32,3,332.626,0.0,332.626,OK
2026-07-26T06:15:57.493734+00:00,4a917afb6ebeca9bce885fae7f25d0ac0264ecb6,SILENT_EXTEND_ONLY,16,65536,32,4,332.08,0.0,332.08,OK
2026-07-26T06:15:57.493740+00:00,4a917afb6ebeca9bce885fae7f25d0ac0264ecb6,SILENT_EXTEND_ONLY,16,65536,32,5,333.69,0.0,333.69,OK
2026-07-26T06:15:57.493745+00:00,4a917afb6ebeca9bce885fae7f25d0ac0264ecb6,SILENT_EXTEND_ONLY,16,65536,32,6,332.56,0.0,332.56,OK
2026-07-26T06:15:57.493753+00:00,4a917afb6ebeca9bce885fae7f25d0ac0264ecb6,SILENT_EXTEND_ONLY,16,65536,32,7,331.338,0.0,331.338,OK
2026-07-26T06:15:57.493759+00:00,4a917afb6ebeca9bce885fae7f25d0ac0264ecb6,SILENT_EXTEND_ONLY,16,65536,32,8,329.033,0.0,329.033,OK
2026-07-26T06:15:57.493765+00:00,4a917afb6ebeca9bce885fae7f25d0ac0264ecb6,SILENT_EXTEND_ONLY,16,65536,32,9,333.01599999999996,0.0,333.01599999999996,OK
2026-07-26T06:15:57.493771+00:00,4a917afb6ebeca9bce885fae7f25d0ac0264ecb6,SILENT_EXTEND_ONLY,18,262144,8,-1,394.171,0.0,394.171,OK
2026-07-26T06:15:57.493779+00:00,4a917afb6ebeca9bce885fae7f25d0ac0264ecb6,SILENT_EXTEND_ONLY,18,262144,8,0,391.324,0.0,391.324,OK
2026-07-26T06:15:57.493785+00:00,4a917afb6ebeca9bce885fae7f25d0ac0264ecb6,SILENT_EXTEND_ONLY,18,262144,8,1,391.365,0.0,391.365,OK
2026-07-26T06:15:57.493793+00:00,4a917afb6ebeca9bce885fae7f25d0ac0264ecb6,SILENT_EXTEND_ONLY,18,262144,8,2,399.914,0.0,399.914,OK
2026-07-26T06:15:57.493801+00:00,4a917afb6ebeca9bce885fae7f25d0ac0264ecb6,SILENT_EXTEND_ONLY,18,262144,8,3,393.882,0.0,393.882,OK
2026-07-26T06:15:57.493807+00:00,4a917afb6ebeca9bce885fae7f25d0ac0264ecb6,SILENT_EXTEND_ONLY,18,262144,8,4,395.378,0.0,395.378,OK
2026-07-26T06:15:57.493813+00:00,4a917afb6ebeca9bce885fae7f25d0ac0264ecb6,SILENT_EXTEND_ONLY,18,262144,8,5,395.592,0.0,395.592,OK
2026-07-26T06:15:57.493823+00:00,4a917afb6ebeca9bce885fae7f25d0ac0264ecb6,SILENT_EXTEND_ONLY,18,262144,8,6,390.594,0.0,390.594,OK
2026-07-26T06:15:57.493829+00:00,4a917afb6ebeca9bce885fae7f25d0ac0264ecb6,SILENT_EXTEND_ONLY,18,262144,8,7,392.517,0.0,392.517,OK
2026-07-26T06:15:57.493835+00:00,4a917afb6ebeca9bce885fae7f25d0ac0264ecb6,SILENT_EXTEND_ONLY,18,262144,8,8,391.88800000000003,0.0,391.88800000000003,OK
2026-07-26T06:15:57.493845+00:00,4a917afb6ebeca9bce885fae7f25d0ac0264ecb6,SILENT_EXTEND_ONLY,18,262144,8,9,391.599,0.0,391.599,OK
2026-07-26T06:15:57.493850+00:00,4a917afb6ebeca9bce885fae7f25d0ac0264ecb6,SILENT_EXTEND_ONLY,18,262144,16,-1,531.898,0.0,531.898,OK
2026-07-26T06:15:57.493856+00:00,4a917afb6ebeca9bce885fae7f25d0ac0264ecb6,SILENT_EXTEND_ONLY,18,262144,16,0,535.833,0.0,535.833,OK
2026-07-26T06:15:57.493862+00:00,4a917afb6ebeca9bce885fae7f25d0ac0264ecb6,SILENT_EXTEND_ONLY,18,262144,16,1,542.982,0.0,542.982,OK
2026-07-26T06:15:57.493868+00:00,4a917afb6ebeca9bce885fae7f25d0ac0264ecb6,SILENT_EXTEND_ONLY,18,262144,16,2,527.366,0.0,527.366,OK
2026-07-26T06:15:57.493874+00:00,4a917afb6ebeca9bce885fae7f25d0ac0264ecb6,SILENT_EXTEND_ONLY,18,262144,16,3,534.0129999999999,0.0,534.0129999999999,OK
2026-07-26T06:15:57.493880+00:00,4a917afb6ebeca9bce885fae7f25d0ac0264ecb6,SILENT_EXTEND_ONLY,18,262144,16,4,526.8119999999999,0.0,526.8119999999999,OK
2026-07-26T06:15:57.493886+00:00,4a917afb6ebeca9bce885fae7f25d0ac0264ecb6,SILENT_EXTEND_ONLY,18,262144,16,5,523.4929999999999,0.0,523.4929999999999,OK
2026-07-26T06:15:57.493892+00:00,4a917afb6ebeca9bce885fae7f25d0ac0264ecb6,SILENT_EXTEND_ONLY,18,262144,16,6,530.355,0.0,530.355,OK
2026-07-26T06:15:57.493898+00:00,4a917afb6ebeca9bce885fae7f25d0ac0264ecb6,SILENT_EXTEND_ONLY,18,262144,16,7,537.1519999999999,0.0,537.1519999999999,OK
2026-07-26T06:15:57.493904+00:00,4a917afb6ebeca9bce885fae7f25d0ac0264ecb6,SILENT_EXTEND_ONLY,18,262144,16,8,542.628,0.0,542.628,OK
2026-07-26T06:15:57.493910+00:00,4a917afb6ebeca9bce885fae7f25d0ac0264ecb6,SILENT_EXTEND_ONLY,18,262144,16,9,533.351,0.0,533.351,OK
2026-07-26T06:15:57.493915+00:00,4a917afb6ebeca9bce885fae7f25d0ac0264ecb6,SILENT_EXTEND_ONLY,18,262144,32,-1,765.086,0.0,765.086,OK
2026-07-26T06:15:57.493921+00:00,4a917afb6ebeca9bce885fae7f25d0ac0264ecb6,SILENT_EXTEND_ONLY,18,262144,32,0,778.369,0.0,778.369,OK
2026-07-26T06:15:57.493931+00:00,4a917afb6ebeca9bce885fae7f25d0ac0264ecb6,SILENT_EXTEND_ONLY,18,262144,32,1,738.486,0.0,738.486,OK
2026-07-26T06:15:57.493937+00:00,4a917afb6ebeca9bce885fae7f25d0ac0264ecb6,SILENT_EXTEND_ONLY,18,262144,32,2,766.758,0.0,766.758,OK
2026-07-26T06:15:57.493943+00:00,4a917afb6ebeca9bce885fae7f25d0ac0264ecb6,SILENT_EXTEND_ONLY,18,262144,32,3,763.159,0.0,763.159,OK
2026-07-26T06:15:57.493948+00:00,4a917afb6ebeca9bce885fae7f25d0ac0264ecb6,SILENT_EXTEND_ONLY,18,262144,32,4,738.093,0.0,738.093,OK
2026-07-26T06:15:57.493957+00:00,4a917afb6ebeca9bce885fae7f25d0ac0264ecb6,SILENT_EXTEND_ONLY,18,262144,32,5,771.957,0.0,771.957,OK
2026-07-26T06:15:57.493963+00:00,4a917afb6ebeca9bce885fae7f25d0ac0264ecb6,SILENT_EXTEND_ONLY,18,262144,32,6,746.096,0.0,746.096,OK
2026-07-26T06:15:57.493970+00:00,4a917afb6ebeca9bce885fae7f25d0ac0264ecb6,SILENT_EXTEND_ONLY,18,262144,32,7,736.223,0.0,736.223,OK
2026-07-26T06:15:57.493977+00:00,4a917afb6ebeca9bce885fae7f25d0ac0264ecb6,SILENT_EXTEND_ONLY,18,262144,32,8,758.571,0.0,758.571,OK
2026-07-26T06:15:57.493982+00:00,4a917afb6ebeca9bce885fae7f25d0ac0264ecb6,SILENT_EXTEND_ONLY,18,262144,32,9,741.143,0.0,741.143,OK
2026-07-26T06:15:57.493988+00:00,4a917afb6ebeca9bce885fae7f25d0ac0264ecb6,SILENT_EXTEND_ONLY,20,1048576,8,-1,1401.697,0.0,1401.697,OK
2026-07-26T06:15:57.493996+00:00,4a917afb6ebeca9bce885fae7f25d0ac0264ecb6,SILENT_EXTEND_ONLY,20,1048576,8,0,1399.9660000000001,0.0,1399.9660000000001,OK
2026-07-26T06:15:57.494002+00:00,4a917afb6ebeca9bce885fae7f25d0ac0264ecb6,SILENT_EXTEND_ONLY,20,1048576,8,1,1411.935,0.0,1411.935,OK
2026-07-26T06:15:57.494008+00:00,4a917afb6ebeca9bce885fae7f25d0ac0264ecb6,SILENT_EXTEND_ONLY,20,1048576,8,2,1413.094,0.0,1413.094,OK
2026-07-26T06:15:57.494016+00:00,4a917afb6ebeca9bce885fae7f25d0ac0264ecb6,SILENT_EXTEND_ONLY,20,1048576,8,3,1409.9470000000001,0.0,1409.9470000000001,OK
2026-07-26T06:15:57.494022+00:00,4a917afb6ebeca9bce885fae7f25d0ac0264ecb6,SILENT_EXTEND_ONLY,20,1048576,8,4,1409.6,0.0,1409.6,OK
2026-07-26T06:15:57.494030+00:00,4a917afb6ebeca9bce885fae7f25d0ac0264ecb6,SILENT_EXTEND_ONLY,20,1048576,8,5,1396.363,0.0,1396.363,OK
2026-07-26T06:15:57.494036+00:00,4a917afb6ebeca9bce885fae7f25d0ac0264ecb6,SILENT_EXTEND_ONLY,20,1048576,8,6,1403.1100000000001,0.0,1403.1100000000001,OK
2026-07-26T06:15:57.494054+00:00,4a917afb6ebeca9bce885fae7f25d0ac0264ecb6,SILENT_EXTEND_ONLY,20,1048576,8,7,1398.9560000000001,0.0,1398.9560000000001,OK
2026-07-26T06:15:57.494062+00:00,4a917afb6ebeca9bce885fae7f25d0ac0264ecb6,SILENT_EXTEND_ONLY,20,1048576,8,8,1413.766,0.0,1413.766,OK
2026-07-26T06:15:57.494068+00:00,4a917afb6ebeca9bce885fae7f25d0ac0264ecb6,SILENT_EXTEND_ONLY,20,1048576,8,9,1401.008,0.0,1401.008,OK
2026-07-26T06:15:57.494076+00:00,4a917afb6ebeca9bce885fae7f25d0ac0264ecb6,SILENT_EXTEND_ONLY,20,1048576,16,-1,2264.7400000000002,0.0,2264.7400000000002,OK
2026-07-26T06:15:57.494085+00:00,4a917afb6ebeca9bce885fae7f25d0ac0264ecb6,SILENT_EXTEND_ONLY,20,1048576,16,0,2264.472,0.0,2264.472,OK
2026-07-26T06:15:57.494091+00:00,4a917afb6ebeca9bce885fae7f25d0ac0264ecb6,SILENT_EXTEND_ONLY,20,1048576,16,1,2281.819,0.0,2281.819,OK
2026-07-26T06:15:57.494097+00:00,4a917afb6ebeca9bce885fae7f25d0ac0264ecb6,SILENT_EXTEND_ONLY,20,1048576,16,2,2258.803,0.0,2258.803,OK
2026-07-26T06:15:57.494105+00:00,4a917afb6ebeca9bce885fae7f25d0ac0264ecb6,SILENT_EXTEND_ONLY,20,1048576,16,3,2250.856,0.0,2250.856,OK
2026-07-26T06:15:57.494111+00:00,4a917afb6ebeca9bce885fae7f25d0ac0264ecb6,SILENT_EXTEND_ONLY,20,1048576,16,4,2267.9840000000004,0.0,2267.9840000000004,OK
2026-07-26T06:15:57.494119+00:00,4a917afb6ebeca9bce885fae7f25d0ac0264ecb6,SILENT_EXTEND_ONLY,20,1048576,16,5,2263.082,0.0,2263.082,OK
2026-07-26T06:15:57.494125+00:00,4a917afb6ebeca9bce885fae7f25d0ac0264ecb6,SILENT_EXTEND_ONLY,20,1048576,16,6,2251.735,0.0,2251.735,OK
2026-07-26T06:15:57.494131+00:00,4a917afb6ebeca9bce885fae7f25d0ac0264ecb6,SILENT_EXTEND_ONLY,20,1048576,16,7,2262.3269999999998,0.0,2262.3269999999998,OK
2026-07-26T06:15:57.494137+00:00,4a917afb6ebeca9bce885fae7f25d0ac0264ecb6,SILENT_EXTEND_ONLY,20,1048576,16,8,2251.8720000000003,0.0,2251.8720000000003,OK
2026-07-26T06:15:57.494145+00:00,4a917afb6ebeca9bce885fae7f25d0ac0264ecb6,SILENT_EXTEND_ONLY,20,1048576,16,9,2262.715,0.0,2262.715,OK
2026-07-26T06:15:57.494151+00:00,4a917afb6ebeca9bce885fae7f25d0ac0264ecb6,SILENT_EXTEND_ONLY,20,1048576,32,-1,2908.655,0.0,2908.655,OK
2026-07-26T06:15:57.494157+00:00,4a917afb6ebeca9bce885fae7f25d0ac0264ecb6,SILENT_EXTEND_ONLY,20,1048576,32,0,2822.12,0.0,2822.12,OK
2026-07-26T06:15:57.494163+00:00,4a917afb6ebeca9bce885fae7f25d0ac0264ecb6,SILENT_EXTEND_ONLY,20,1048576,32,1,2860.3070000000002,0.0,2860.3070000000002,OK
2026-07-26T06:15:57.494171+00:00,4a917afb6ebeca9bce885fae7f25d0ac0264ecb6,SILENT_EXTEND_ONLY,20,1048576,32,2,2890.462,0.0,2890.462,OK
2026-07-26T06:15:57.494176+00:00,4a917afb6ebeca9bce885fae7f25d0ac0264ecb6,SILENT_EXTEND_ONLY,20,1048576,32,3,2848.776,0.0,2848.776,OK
2026-07-26T06:15:57.494182+00:00,4a917afb6ebeca9bce885fae7f25d0ac0264ecb6,SILENT_EXTEND_ONLY,20,1048576,32,4,2907.697,0.0,2907.697,OK
2026-07-26T06:15:57.494191+00:00,4a917afb6ebeca9bce885fae7f25d0ac0264ecb6,SILENT_EXTEND_ONLY,20,1048576,32,5,2856.9390000000003,0.0,2856.9390000000003,OK
2026-07-26T06:15:57.494197+00:00,4a917afb6ebeca9bce885fae7f25d0ac0264ecb6,SILENT_EXTEND_ONLY,20,1048576,32,6,2920.1079999999997,0.0,2920.1079999999997,OK
2026-07-26T06:15:57.494203+00:00,4a917afb6ebeca9bce885fae7f25d0ac0264ecb6,SILENT_EXTEND_ONLY,20,1048576,32,7,2886.192,0.0,2886.192,OK
2026-07-26T06:15:57.494208+00:00,4a917afb6ebeca9bce885fae7f25d0ac0264ecb6,SILENT_EXTEND_ONLY,20,1048576,32,8,2891.06,0.0,2891.06,OK
2026-07-26T06:15:57.494220+00:00,4a917afb6ebeca9bce885fae7f25d0ac0264ecb6,SILENT_EXTEND_ONLY,20,1048576,32,9,2907.99,0.0,2907.99,OK
