method,logN,m,metric,count,median,mean,stddev,min,max,p25,p75
RM_VECTOR,12,8,setup_wall_ms,1,106.117,106.117,0.0,106.117,106.117,106.117,106.117
RM_VECTOR,12,8,expand_wall_ms,1,1.153,1.153,0.0,1.153,1.153,1.153,1.153
RM_VECTOR,12,8,total_wall_ms,1,107.16000000000001,107.16000000000001,0.0,107.16000000000001,107.16000000000001,107.16000000000001,107.16000000000001
RM_VECTOR,12,8,total_cpu_work_ms,1,117.16900000000001,117.16900000000001,0.0,117.16900000000001,117.16900000000001,117.16900000000001,117.16900000000001
RM_VECTOR,12,16,setup_wall_ms,1,212.103,212.103,0.0,212.103,212.103,212.103,212.103
RM_VECTOR,12,16,expand_wall_ms,1,1.4220000000000002,1.4220000000000002,0.0,1.4220000000000002,1.4220000000000002,1.4220000000000002,1.4220000000000002
RM_VECTOR,12,16,total_wall_ms,1,213.505,213.505,0.0,213.505,213.505,213.505,213.505
RM_VECTOR,12,16,total_cpu_work_ms,1,250.05599999999998,250.05599999999998,0.0,250.05599999999998,250.05599999999998,250.05599999999998,250.05599999999998
RM_VECTOR,12,32,setup_wall_ms,1,460.667,460.667,0.0,460.667,460.667,460.667,460.667
RM_VECTOR,12,32,expand_wall_ms,1,4.646,4.646,0.0,4.646,4.646,4.646,4.646
RM_VECTOR,12,32,total_wall_ms,1,465.264,465.264,0.0,465.264,465.264,465.264,465.264
RM_VECTOR,12,32,total_cpu_work_ms,1,556.5379999999999,556.5379999999999,0.0,556.5379999999999,556.5379999999999,556.5379999999999,556.5379999999999
RM_VECTOR,14,8,setup_wall_ms,1,137.10500000000002,137.10500000000002,0.0,137.10500000000002,137.10500000000002,137.10500000000002,137.10500000000002
RM_VECTOR,14,8,expand_wall_ms,1,4.954,4.954,0.0,4.954,4.954,4.954,4.954
RM_VECTOR,14,8,total_wall_ms,1,141.787,141.787,0.0,141.787,141.787,141.787,141.787
RM_VECTOR,14,8,total_cpu_work_ms,1,155.46899999999997,155.46899999999997,0.0,155.46899999999997,155.46899999999997,155.46899999999997,155.46899999999997
RM_VECTOR,14,16,setup_wall_ms,1,235.369,235.369,0.0,235.369,235.369,235.369,235.369
RM_VECTOR,14,16,expand_wall_ms,1,9.697000000000001,9.697000000000001,0.0,9.697000000000001,9.697000000000001,9.697000000000001,9.697000000000001
RM_VECTOR,14,16,total_wall_ms,1,244.785,244.785,0.0,244.785,244.785,244.785,244.785
RM_VECTOR,14,16,total_cpu_work_ms,1,290.01,290.01,0.0,290.01,290.01,290.01,290.01
RM_VECTOR,14,32,setup_wall_ms,1,482.432,482.432,0.0,482.432,482.432,482.432,482.432
RM_VECTOR,14,32,expand_wall_ms,1,12.304,12.304,0.0,12.304,12.304,12.304,12.304
RM_VECTOR,14,32,total_wall_ms,1,494.399,494.399,0.0,494.399,494.399,494.399,494.399
RM_VECTOR,14,32,total_cpu_work_ms,1,593.752,593.752,0.0,593.752,593.752,593.752,593.752
RM_VECTOR,16,8,setup_wall_ms,1,168.243,168.243,0.0,168.243,168.243,168.243,168.243
RM_VECTOR,16,8,expand_wall_ms,1,13.934999999999999,13.934999999999999,0.0,13.934999999999999,13.934999999999999,13.934999999999999,13.934999999999999
RM_VECTOR,16,8,total_wall_ms,1,181.106,181.106,0.0,181.106,181.106,181.106,181.106
RM_VECTOR,16,8,total_cpu_work_ms,1,204.445,204.445,0.0,204.445,204.445,204.445,204.445
RM_VECTOR,16,16,setup_wall_ms,1,302.118,302.118,0.0,302.118,302.118,302.118,302.118
RM_VECTOR,16,16,expand_wall_ms,1,26.41,26.41,0.0,26.41,26.41,26.41,26.41
RM_VECTOR,16,16,total_wall_ms,1,327.5,327.5,0.0,327.5,327.5,327.5,327.5
RM_VECTOR,16,16,total_cpu_work_ms,1,389.41700000000003,389.41700000000003,0.0,389.41700000000003,389.41700000000003,389.41700000000003,389.41700000000003
RM_VECTOR,16,32,setup_wall_ms,1,549.684,549.684,0.0,549.684,549.684,549.684,549.684
RM_VECTOR,16,32,expand_wall_ms,1,80.353,80.353,0.0,80.353,80.353,80.353,80.353
RM_VECTOR,16,32,total_wall_ms,1,629.98,629.98,0.0,629.98,629.98,629.98,629.98
RM_VECTOR,16,32,total_cpu_work_ms,1,799.435,799.435,0.0,799.435,799.435,799.435,799.435
RM_VECTOR,18,8,setup_wall_ms,1,251.35600000000002,251.35600000000002,0.0,251.35600000000002,251.35600000000002,251.35600000000002,251.35600000000002
RM_VECTOR,18,8,expand_wall_ms,1,69.268,69.268,0.0,69.268,69.268,69.268,69.268
RM_VECTOR,18,8,total_wall_ms,1,315.806,315.806,0.0,315.806,315.806,315.806,315.806
RM_VECTOR,18,8,total_cpu_work_ms,1,396.604,396.604,0.0,396.604,396.604,396.604,396.604
RM_VECTOR,18,16,setup_wall_ms,1,400.18,400.18,0.0,400.18,400.18,400.18,400.18
RM_VECTOR,18,16,expand_wall_ms,1,157.88,157.88,0.0,157.88,157.88,157.88,157.88
RM_VECTOR,18,16,total_wall_ms,1,542.713,542.713,0.0,542.713,542.713,542.713,542.713
RM_VECTOR,18,16,total_cpu_work_ms,1,738.839,738.839,0.0,738.839,738.839,738.839,738.839
RM_VECTOR,18,32,setup_wall_ms,1,763.355,763.355,0.0,763.355,763.355,763.355,763.355
RM_VECTOR,18,32,expand_wall_ms,1,294.153,294.153,0.0,294.153,294.153,294.153,294.153
RM_VECTOR,18,32,total_wall_ms,1,1055.5410000000002,1055.5410000000002,0.0,1055.5410000000002,1055.5410000000002,1055.5410000000002,1055.5410000000002
RM_VECTOR,18,32,total_cpu_work_ms,1,1444.631,1444.631,0.0,1444.631,1444.631,1444.631,1444.631
RM_VECTOR,20,8,setup_wall_ms,1,594.1809999999999,594.1809999999999,0.0,594.1809999999999,594.1809999999999,594.1809999999999,594.1809999999999
RM_VECTOR,20,8,expand_wall_ms,1,356.768,356.768,0.0,356.768,356.768,356.768,356.768
RM_VECTOR,20,8,total_wall_ms,1,913.472,913.472,0.0,913.472,913.472,913.472,913.472
RM_VECTOR,20,8,total_cpu_work_ms,1,1286.196,1286.196,0.0,1286.196,1286.196,1286.196,1286.196
RM_VECTOR,20,16,setup_wall_ms,1,892.083,892.083,0.0,892.083,892.083,892.083,892.083
RM_VECTOR,20,16,expand_wall_ms,1,704.666,704.666,0.0,704.666,704.666,704.666,704.666
RM_VECTOR,20,16,total_wall_ms,1,1564.853,1564.853,0.0,1564.853,1564.853,1564.853,1564.853
RM_VECTOR,20,16,total_cpu_work_ms,1,2312.881,2312.881,0.0,2312.881,2312.881,2312.881,2312.881
RM_VECTOR,20,32,setup_wall_ms,1,1457.5800000000002,1457.5800000000002,0.0,1457.5800000000002,1457.5800000000002,1457.5800000000002,1457.5800000000002
RM_VECTOR,20,32,expand_wall_ms,1,1559.5140000000001,1559.5140000000001,0.0,1559.5140000000001,1559.5140000000001,1559.5140000000001,1559.5140000000001
RM_VECTOR,20,32,total_wall_ms,1,3017.094,3017.094,0.0,3017.094,3017.094,3017.094,3017.094
RM_VECTOR,20,32,total_cpu_work_ms,1,4590.924,4590.924,0.0,4590.924,4590.924,4590.924,4590.924
