timestamp,benchmark_source_commit,method,base_ot_mode,p,base_field_bits,base_coordinate_storage_bits,lambda,logN,N,m,trial_index,warmup,status,data_source,network,transport,relation,security_mode,requested_N,generated_N,code_family,code_size,noise_weight,partition_count,size_per_partition,base_ot_count,base_ot_protocol_invocations,pprf_instance_count,pprf_base_ot_count,base_noisy_vole_count,silent_extension_count,base_correlation_setup_ms,silent_extension_ms,local_output_mapping_ms,total_wall_ms,p0_cpu_work_ms,p1_cpu_work_ms,total_cpu_work_ms,p0_peak_rss_bytes,p1_peak_rss_bytes,p0_bytes_sent,p0_bytes_received,p1_bytes_sent,p1_bytes_received,total_comm_bytes,total_received_bytes,sent_received_delta_bytes,base_ot_bytes,base_noisy_vole_bytes,silent_payload_bytes,direct_base_ot_bytes,direct_payload_bytes,silent_base_ot_bytes,silent_base_noisy_vole_bytes,silent_extension_payload_bytes,framing_bytes,bytes_per_svole_coordinate,bits_per_base_field_matrix_entry,notes
2026-07-24T02:36:11.483120+00:00,562e21bc6bf16bfc32ac3e2d6f21719f28965a23,DIRECT_NOISY_SVOLE,INCLUDING_BASE_OT,2305843009213693951,61,64,128,12,4096,8,-1,1,OK,measured,tcp-loopback,TCP loopback,Z0[i][j] + Z1[i][j] = x[i] * Delta[j] mod p,semi-honest-128,4096,4096,,0,0,0,0,512,1,0,0,0,0,912.087,0.0,0.0,912.087,572.757,912.087,1484.8439999999998,,,134217872,17432,17432,134217872,134235240,134235240,0,,,,0,134235240,,,,0,4096.534423828125,32772.275390625,tcp_two_process;
2026-07-24T02:36:12.608986+00:00,562e21bc6bf16bfc32ac3e2d6f21719f28965a23,DIRECT_NOISY_SVOLE,INCLUDING_BASE_OT,2305843009213693951,61,64,128,12,4096,8,0,0,OK,measured,tcp-loopback,TCP loopback,Z0[i][j] + Z1[i][j] = x[i] * Delta[j] mod p,semi-honest-128,4096,4096,,0,0,0,0,512,1,0,0,0,0,914.7429999999999,0.0,0.0,914.7429999999999,573.096,914.7429999999999,1487.8390000000002,,,134217872,17432,17432,134217872,134235240,134235240,0,,,,0,134235240,,,,0,4096.534423828125,32772.275390625,tcp_two_process;
2026-07-24T02:36:13.729625+00:00,562e21bc6bf16bfc32ac3e2d6f21719f28965a23,DIRECT_NOISY_SVOLE,INCLUDING_BASE_OT,2305843009213693951,61,64,128,12,4096,8,1,0,OK,measured,tcp-loopback,TCP loopback,Z0[i][j] + Z1[i][j] = x[i] * Delta[j] mod p,semi-honest-128,4096,4096,,0,0,0,0,512,1,0,0,0,0,910.52,0.0,0.0,910.52,572.87,910.52,1483.3899999999999,,,134217872,17432,17432,134217872,134235240,134235240,0,,,,0,134235240,,,,0,4096.534423828125,32772.275390625,tcp_two_process;
2026-07-24T02:36:14.853284+00:00,562e21bc6bf16bfc32ac3e2d6f21719f28965a23,DIRECT_NOISY_SVOLE,INCLUDING_BASE_OT,2305843009213693951,61,64,128,12,4096,8,2,0,OK,measured,tcp-loopback,TCP loopback,Z0[i][j] + Z1[i][j] = x[i] * Delta[j] mod p,semi-honest-128,4096,4096,,0,0,0,0,512,1,0,0,0,0,914.172,0.0,0.0,914.172,574.271,914.172,1488.443,,,134217872,17432,17432,134217872,134235240,134235240,0,,,,0,134235240,,,,0,4096.534423828125,32772.275390625,tcp_two_process;
2026-07-24T02:36:15.975445+00:00,562e21bc6bf16bfc32ac3e2d6f21719f28965a23,DIRECT_NOISY_SVOLE,INCLUDING_BASE_OT,2305843009213693951,61,64,128,12,4096,8,3,0,OK,measured,tcp-loopback,TCP loopback,Z0[i][j] + Z1[i][j] = x[i] * Delta[j] mod p,semi-honest-128,4096,4096,,0,0,0,0,512,1,0,0,0,0,912.468,0.0,0.0,912.468,573.173,912.468,1485.641,,,134217872,17432,17432,134217872,134235240,134235240,0,,,,0,134235240,,,,0,4096.534423828125,32772.275390625,tcp_two_process;
2026-07-24T02:36:17.098907+00:00,562e21bc6bf16bfc32ac3e2d6f21719f28965a23,DIRECT_NOISY_SVOLE,INCLUDING_BASE_OT,2305843009213693951,61,64,128,12,4096,8,4,0,OK,measured,tcp-loopback,TCP loopback,Z0[i][j] + Z1[i][j] = x[i] * Delta[j] mod p,semi-honest-128,4096,4096,,0,0,0,0,512,1,0,0,0,0,913.888,0.0,0.0,913.888,573.677,913.888,1487.565,,,134217872,17432,17432,134217872,134235240,134235240,0,,,,0,134235240,,,,0,4096.534423828125,32772.275390625,tcp_two_process;
2026-07-24T02:36:18.223378+00:00,562e21bc6bf16bfc32ac3e2d6f21719f28965a23,DIRECT_NOISY_SVOLE,INCLUDING_BASE_OT,2305843009213693951,61,64,128,12,4096,8,5,0,OK,measured,tcp-loopback,TCP loopback,Z0[i][j] + Z1[i][j] = x[i] * Delta[j] mod p,semi-honest-128,4096,4096,,0,0,0,0,512,1,0,0,0,0,915.036,0.0,0.0,915.036,572.982,915.036,1488.0179999999998,,,134217872,17432,17432,134217872,134235240,134235240,0,,,,0,134235240,,,,0,4096.534423828125,32772.275390625,tcp_two_process;
2026-07-24T02:36:19.353029+00:00,562e21bc6bf16bfc32ac3e2d6f21719f28965a23,DIRECT_NOISY_SVOLE,INCLUDING_BASE_OT,2305843009213693951,61,64,128,12,4096,8,6,0,OK,measured,tcp-loopback,TCP loopback,Z0[i][j] + Z1[i][j] = x[i] * Delta[j] mod p,semi-honest-128,4096,4096,,0,0,0,0,512,1,0,0,0,0,918.942,0.0,0.0,918.942,578.774,918.942,1497.7160000000001,,,134217872,17432,17432,134217872,134235240,134235240,0,,,,0,134235240,,,,0,4096.534423828125,32772.275390625,tcp_two_process;
2026-07-24T02:36:20.474966+00:00,562e21bc6bf16bfc32ac3e2d6f21719f28965a23,DIRECT_NOISY_SVOLE,INCLUDING_BASE_OT,2305843009213693951,61,64,128,12,4096,8,7,0,OK,measured,tcp-loopback,TCP loopback,Z0[i][j] + Z1[i][j] = x[i] * Delta[j] mod p,semi-honest-128,4096,4096,,0,0,0,0,512,1,0,0,0,0,912.1179999999999,0.0,0.0,912.1179999999999,572.662,912.1179999999999,1484.78,,,134217872,17432,17432,134217872,134235240,134235240,0,,,,0,134235240,,,,0,4096.534423828125,32772.275390625,tcp_two_process;
2026-07-24T02:36:21.600353+00:00,562e21bc6bf16bfc32ac3e2d6f21719f28965a23,DIRECT_NOISY_SVOLE,INCLUDING_BASE_OT,2305843009213693951,61,64,128,12,4096,8,8,0,OK,measured,tcp-loopback,TCP loopback,Z0[i][j] + Z1[i][j] = x[i] * Delta[j] mod p,semi-honest-128,4096,4096,,0,0,0,0,512,1,0,0,0,0,915.952,0.0,0.0,915.952,573.461,915.952,1489.4129999999998,,,134217872,17432,17432,134217872,134235240,134235240,0,,,,0,134235240,,,,0,4096.534423828125,32772.275390625,tcp_two_process;
2026-07-24T02:36:22.725761+00:00,562e21bc6bf16bfc32ac3e2d6f21719f28965a23,DIRECT_NOISY_SVOLE,INCLUDING_BASE_OT,2305843009213693951,61,64,128,12,4096,8,9,0,OK,measured,tcp-loopback,TCP loopback,Z0[i][j] + Z1[i][j] = x[i] * Delta[j] mod p,semi-honest-128,4096,4096,,0,0,0,0,512,1,0,0,0,0,915.701,0.0,0.0,915.701,573.82,915.701,1489.521,,,134217872,17432,17432,134217872,134235240,134235240,0,,,,0,134235240,,,,0,4096.534423828125,32772.275390625,tcp_two_process;
2026-07-24T02:36:30.416752+00:00,562e21bc6bf16bfc32ac3e2d6f21719f28965a23,DIRECT_NOISY_SVOLE,INCLUDING_BASE_OT,2305843009213693951,61,64,128,12,4096,16,-1,1,OK,measured,tcp-loopback,TCP loopback,Z0[i][j] + Z1[i][j] = x[i] * Delta[j] mod p,semi-honest-128,4096,4096,,0,0,0,0,1024,1,0,0,0,0,3635.273,0.0,0.0,3635.273,2306.0420000000004,3635.273,5941.3150000000005,,,536871120,34840,34840,536871120,536905832,536905832,0,,,,0,536905832,,,,0,8192.532836914062,65540.2626953125,tcp_two_process;
2026-07-24T02:36:34.253875+00:00,562e21bc6bf16bfc32ac3e2d6f21719f28965a23,DIRECT_NOISY_SVOLE,INCLUDING_BASE_OT,2305843009213693951,61,64,128,12,4096,16,0,0,OK,measured,tcp-loopback,TCP loopback,Z0[i][j] + Z1[i][j] = x[i] * Delta[j] mod p,semi-honest-128,4096,4096,,0,0,0,0,1024,1,0,0,0,0,3626.043,0.0,0.0,3626.043,2306.6,3626.043,5932.643000000001,,,536871120,34840,34840,536871120,536905832,536905832,0,,,,0,536905832,,,,0,8192.532836914062,65540.2626953125,tcp_two_process;
2026-07-24T02:36:38.107942+00:00,562e21bc6bf16bfc32ac3e2d6f21719f28965a23,DIRECT_NOISY_SVOLE,INCLUDING_BASE_OT,2305843009213693951,61,64,128,12,4096,16,1,0,OK,measured,tcp-loopback,TCP loopback,Z0[i][j] + Z1[i][j] = x[i] * Delta[j] mod p,semi-honest-128,4096,4096,,0,0,0,0,1024,1,0,0,0,0,3643.4950000000003,0.0,0.0,3643.4950000000003,2319.778,3643.4950000000003,5963.273,,,536871120,34840,34840,536871120,536905832,536905832,0,,,,0,536905832,,,,0,8192.532836914062,65540.2626953125,tcp_two_process;
2026-07-24T02:36:41.966783+00:00,562e21bc6bf16bfc32ac3e2d6f21719f28965a23,DIRECT_NOISY_SVOLE,INCLUDING_BASE_OT,2305843009213693951,61,64,128,12,4096,16,2,0,OK,measured,tcp-loopback,TCP loopback,Z0[i][j] + Z1[i][j] = x[i] * Delta[j] mod p,semi-honest-128,4096,4096,,0,0,0,0,1024,1,0,0,0,0,3647.341,0.0,0.0,3647.341,2309.802,3647.341,5957.143,,,536871120,34840,34840,536871120,536905832,536905832,0,,,,0,536905832,,,,0,8192.532836914062,65540.2626953125,tcp_two_process;
2026-07-24T02:36:45.795895+00:00,562e21bc6bf16bfc32ac3e2d6f21719f28965a23,DIRECT_NOISY_SVOLE,INCLUDING_BASE_OT,2305843009213693951,61,64,128,12,4096,16,3,0,OK,measured,tcp-loopback,TCP loopback,Z0[i][j] + Z1[i][j] = x[i] * Delta[j] mod p,semi-honest-128,4096,4096,,0,0,0,0,1024,1,0,0,0,0,3618.8349999999996,0.0,0.0,3618.8349999999996,2304.8129999999996,3618.8349999999996,5923.648,,,536871120,34840,34840,536871120,536905832,536905832,0,,,,0,536905832,,,,0,8192.532836914062,65540.2626953125,tcp_two_process;
2026-07-24T02:36:49.644218+00:00,562e21bc6bf16bfc32ac3e2d6f21719f28965a23,DIRECT_NOISY_SVOLE,INCLUDING_BASE_OT,2305843009213693951,61,64,128,12,4096,16,4,0,OK,measured,tcp-loopback,TCP loopback,Z0[i][j] + Z1[i][j] = x[i] * Delta[j] mod p,semi-honest-128,4096,4096,,0,0,0,0,1024,1,0,0,0,0,3638.2780000000002,0.0,0.0,3638.2780000000002,2303.448,3638.2780000000002,5941.726,,,536871120,34840,34840,536871120,536905832,536905832,0,,,,0,536905832,,,,0,8192.532836914062,65540.2626953125,tcp_two_process;
2026-07-24T02:36:53.504909+00:00,562e21bc6bf16bfc32ac3e2d6f21719f28965a23,DIRECT_NOISY_SVOLE,INCLUDING_BASE_OT,2305843009213693951,61,64,128,12,4096,16,5,0,OK,measured,tcp-loopback,TCP loopback,Z0[i][j] + Z1[i][j] = x[i] * Delta[j] mod p,semi-honest-128,4096,4096,,0,0,0,0,1024,1,0,0,0,0,3651.1059999999998,0.0,0.0,3651.1059999999998,2311.248,3651.1059999999998,5962.353999999999,,,536871120,34840,34840,536871120,536905832,536905832,0,,,,0,536905832,,,,0,8192.532836914062,65540.2626953125,tcp_two_process;
2026-07-24T02:36:57.355767+00:00,562e21bc6bf16bfc32ac3e2d6f21719f28965a23,DIRECT_NOISY_SVOLE,INCLUDING_BASE_OT,2305843009213693951,61,64,128,12,4096,16,6,0,OK,measured,tcp-loopback,TCP loopback,Z0[i][j] + Z1[i][j] = x[i] * Delta[j] mod p,semi-honest-128,4096,4096,,0,0,0,0,1024,1,0,0,0,0,3640.43,0.0,0.0,3640.43,2303.6150000000002,3640.43,5944.045,,,536871120,34840,34840,536871120,536905832,536905832,0,,,,0,536905832,,,,0,8192.532836914062,65540.2626953125,tcp_two_process;
2026-07-24T02:37:01.195077+00:00,562e21bc6bf16bfc32ac3e2d6f21719f28965a23,DIRECT_NOISY_SVOLE,INCLUDING_BASE_OT,2305843009213693951,61,64,128,12,4096,16,7,0,OK,measured,tcp-loopback,TCP loopback,Z0[i][j] + Z1[i][j] = x[i] * Delta[j] mod p,semi-honest-128,4096,4096,,0,0,0,0,1024,1,0,0,0,0,3628.705,0.0,0.0,3628.705,2305.8070000000002,3628.705,5934.512,,,536871120,34840,34840,536871120,536905832,536905832,0,,,,0,536905832,,,,0,8192.532836914062,65540.2626953125,tcp_two_process;
2026-07-24T02:37:05.052023+00:00,562e21bc6bf16bfc32ac3e2d6f21719f28965a23,DIRECT_NOISY_SVOLE,INCLUDING_BASE_OT,2305843009213693951,61,64,128,12,4096,16,8,0,OK,measured,tcp-loopback,TCP loopback,Z0[i][j] + Z1[i][j] = x[i] * Delta[j] mod p,semi-honest-128,4096,4096,,0,0,0,0,1024,1,0,0,0,0,3647.163,0.0,0.0,3647.163,2311.035,3647.163,5958.197999999999,,,536871120,34840,34840,536871120,536905832,536905832,0,,,,0,536905832,,,,0,8192.532836914062,65540.2626953125,tcp_two_process;
2026-07-24T02:37:08.902032+00:00,562e21bc6bf16bfc32ac3e2d6f21719f28965a23,DIRECT_NOISY_SVOLE,INCLUDING_BASE_OT,2305843009213693951,61,64,128,12,4096,16,9,0,OK,measured,tcp-loopback,TCP loopback,Z0[i][j] + Z1[i][j] = x[i] * Delta[j] mod p,semi-honest-128,4096,4096,,0,0,0,0,1024,1,0,0,0,0,3639.308,0.0,0.0,3639.308,2311.887,3639.308,5951.195000000001,,,536871120,34840,34840,536871120,536905832,536905832,0,,,,0,536905832,,,,0,8192.532836914062,65540.2626953125,tcp_two_process;
2026-07-24T02:37:29.341855+00:00,562e21bc6bf16bfc32ac3e2d6f21719f28965a23,DIRECT_NOISY_SVOLE,INCLUDING_BASE_OT,2305843009213693951,61,64,128,12,4096,32,-1,1,OK,measured,tcp-loopback,TCP loopback,Z0[i][j] + Z1[i][j] = x[i] * Delta[j] mod p,semi-honest-128,4096,4096,,0,0,0,0,2048,1,0,0,0,0,9962.863000000001,0.0,0.0,9962.863000000001,6383.0289999999995,9962.863000000001,16345.892,,,2147483984,69656,69656,2147483984,2147553384,2147553384,0,,,,0,2147553384,,,,0,16384.53204345703,131076.25634765625,tcp_two_process;
2026-07-24T02:37:39.469907+00:00,562e21bc6bf16bfc32ac3e2d6f21719f28965a23,DIRECT_NOISY_SVOLE,INCLUDING_BASE_OT,2305843009213693951,61,64,128,12,4096,32,0,0,OK,measured,tcp-loopback,TCP loopback,Z0[i][j] + Z1[i][j] = x[i] * Delta[j] mod p,semi-honest-128,4096,4096,,0,0,0,0,2048,1,0,0,0,0,9917.360999999999,0.0,0.0,9917.360999999999,6359.8679999999995,9917.360999999999,16277.228999999998,,,2147483984,69656,69656,2147483984,2147553384,2147553384,0,,,,0,2147553384,,,,0,16384.53204345703,131076.25634765625,tcp_two_process;
2026-07-24T02:37:49.653804+00:00,562e21bc6bf16bfc32ac3e2d6f21719f28965a23,DIRECT_NOISY_SVOLE,INCLUDING_BASE_OT,2305843009213693951,61,64,128,12,4096,32,1,0,OK,measured,tcp-loopback,TCP loopback,Z0[i][j] + Z1[i][j] = x[i] * Delta[j] mod p,semi-honest-128,4096,4096,,0,0,0,0,2048,1,0,0,0,0,9972.654999999999,0.0,0.0,9972.654999999999,6407.995,9972.654999999999,16380.65,,,2147483984,69656,69656,2147483984,2147553384,2147553384,0,,,,0,2147553384,,,,0,16384.53204345703,131076.25634765625,tcp_two_process;
2026-07-24T02:37:59.896571+00:00,562e21bc6bf16bfc32ac3e2d6f21719f28965a23,DIRECT_NOISY_SVOLE,INCLUDING_BASE_OT,2305843009213693951,61,64,128,12,4096,32,2,0,OK,measured,tcp-loopback,TCP loopback,Z0[i][j] + Z1[i][j] = x[i] * Delta[j] mod p,semi-honest-128,4096,4096,,0,0,0,0,2048,1,0,0,0,0,10032.623,0.0,0.0,10032.623,6459.253000000001,10032.623,16491.875999999997,,,2147483984,69656,69656,2147483984,2147553384,2147553384,0,,,,0,2147553384,,,,0,16384.53204345703,131076.25634765625,tcp_two_process;
2026-07-24T02:38:10.077228+00:00,562e21bc6bf16bfc32ac3e2d6f21719f28965a23,DIRECT_NOISY_SVOLE,INCLUDING_BASE_OT,2305843009213693951,61,64,128,12,4096,32,3,0,OK,measured,tcp-loopback,TCP loopback,Z0[i][j] + Z1[i][j] = x[i] * Delta[j] mod p,semi-honest-128,4096,4096,,0,0,0,0,2048,1,0,0,0,0,9969.713,0.0,0.0,9969.713,6395.317,9969.713,16365.03,,,2147483984,69656,69656,2147483984,2147553384,2147553384,0,,,,0,2147553384,,,,0,16384.53204345703,131076.25634765625,tcp_two_process;
2026-07-24T02:38:20.229604+00:00,562e21bc6bf16bfc32ac3e2d6f21719f28965a23,DIRECT_NOISY_SVOLE,INCLUDING_BASE_OT,2305843009213693951,61,64,128,12,4096,32,4,0,OK,measured,tcp-loopback,TCP loopback,Z0[i][j] + Z1[i][j] = x[i] * Delta[j] mod p,semi-honest-128,4096,4096,,0,0,0,0,2048,1,0,0,0,0,9941.152,0.0,0.0,9941.152,6375.195,9941.152,16316.347,,,2147483984,69656,69656,2147483984,2147553384,2147553384,0,,,,0,2147553384,,,,0,16384.53204345703,131076.25634765625,tcp_two_process;
2026-07-24T02:38:28.188813+00:00,562e21bc6bf16bfc32ac3e2d6f21719f28965a23,DIRECT_NOISY_SVOLE,INCLUDING_BASE_OT,2305843009213693951,61,64,128,14,16384,8,-1,1,OK,measured,tcp-loopback,TCP loopback,Z0[i][j] + Z1[i][j] = x[i] * Delta[j] mod p,semi-honest-128,16384,16384,,0,0,0,0,512,1,0,0,0,0,3759.4449999999997,0.0,0.0,3759.4449999999997,2401.017,3759.4449999999997,6160.4619999999995,,,536871056,17432,17432,536871056,536888424,536888424,0,,,,0,536888424,,,,0,4096.133605957031,32769.06884765625,tcp_two_process;
2026-07-24T02:38:32.163278+00:00,562e21bc6bf16bfc32ac3e2d6f21719f28965a23,DIRECT_NOISY_SVOLE,INCLUDING_BASE_OT,2305843009213693951,61,64,128,14,16384,8,0,0,OK,measured,tcp-loopback,TCP loopback,Z0[i][j] + Z1[i][j] = x[i] * Delta[j] mod p,semi-honest-128,16384,16384,,0,0,0,0,512,1,0,0,0,0,3763.088,0.0,0.0,3763.088,2401.948,3763.088,6165.036000000001,,,536871056,17432,17432,536871056,536888424,536888424,0,,,,0,536888424,,,,0,4096.133605957031,32769.06884765625,tcp_two_process;
2026-07-24T02:38:36.144513+00:00,562e21bc6bf16bfc32ac3e2d6f21719f28965a23,DIRECT_NOISY_SVOLE,INCLUDING_BASE_OT,2305843009213693951,61,64,128,14,16384,8,1,0,OK,measured,tcp-loopback,TCP loopback,Z0[i][j] + Z1[i][j] = x[i] * Delta[j] mod p,semi-honest-128,16384,16384,,0,0,0,0,512,1,0,0,0,0,3770.96,0.0,0.0,3770.96,2405.84,3770.96,6176.8,,,536871056,17432,17432,536871056,536888424,536888424,0,,,,0,536888424,,,,0,4096.133605957031,32769.06884765625,tcp_two_process;
2026-07-24T02:38:40.133586+00:00,562e21bc6bf16bfc32ac3e2d6f21719f28965a23,DIRECT_NOISY_SVOLE,INCLUDING_BASE_OT,2305843009213693951,61,64,128,14,16384,8,2,0,OK,measured,tcp-loopback,TCP loopback,Z0[i][j] + Z1[i][j] = x[i] * Delta[j] mod p,semi-honest-128,16384,16384,,0,0,0,0,512,1,0,0,0,0,3779.057,0.0,0.0,3779.057,2400.925,3779.057,6179.982,,,536871056,17432,17432,536871056,536888424,536888424,0,,,,0,536888424,,,,0,4096.133605957031,32769.06884765625,tcp_two_process;
2026-07-24T02:38:44.133488+00:00,562e21bc6bf16bfc32ac3e2d6f21719f28965a23,DIRECT_NOISY_SVOLE,INCLUDING_BASE_OT,2305843009213693951,61,64,128,14,16384,8,3,0,OK,measured,tcp-loopback,TCP loopback,Z0[i][j] + Z1[i][j] = x[i] * Delta[j] mod p,semi-honest-128,16384,16384,,0,0,0,0,512,1,0,0,0,0,3788.604,0.0,0.0,3788.604,2402.753,3788.604,6191.357,,,536871056,17432,17432,536871056,536888424,536888424,0,,,,0,536888424,,,,0,4096.133605957031,32769.06884765625,tcp_two_process;
2026-07-24T02:38:48.118428+00:00,562e21bc6bf16bfc32ac3e2d6f21719f28965a23,DIRECT_NOISY_SVOLE,INCLUDING_BASE_OT,2305843009213693951,61,64,128,14,16384,8,4,0,OK,measured,tcp-loopback,TCP loopback,Z0[i][j] + Z1[i][j] = x[i] * Delta[j] mod p,semi-honest-128,16384,16384,,0,0,0,0,512,1,0,0,0,0,3774.1910000000003,0.0,0.0,3774.1910000000003,2410.824,3774.1910000000003,6185.015,,,536871056,17432,17432,536871056,536888424,536888424,0,,,,0,536888424,,,,0,4096.133605957031,32769.06884765625,tcp_two_process;
2026-07-24T02:38:52.102490+00:00,562e21bc6bf16bfc32ac3e2d6f21719f28965a23,DIRECT_NOISY_SVOLE,INCLUDING_BASE_OT,2305843009213693951,61,64,128,14,16384,8,5,0,OK,measured,tcp-loopback,TCP loopback,Z0[i][j] + Z1[i][j] = x[i] * Delta[j] mod p,semi-honest-128,16384,16384,,0,0,0,0,512,1,0,0,0,0,3774.112,0.0,0.0,3774.112,2411.657,3774.112,6185.769,,,536871056,17432,17432,536871056,536888424,536888424,0,,,,0,536888424,,,,0,4096.133605957031,32769.06884765625,tcp_two_process;
2026-07-24T02:38:56.090528+00:00,562e21bc6bf16bfc32ac3e2d6f21719f28965a23,DIRECT_NOISY_SVOLE,INCLUDING_BASE_OT,2305843009213693951,61,64,128,14,16384,8,6,0,OK,measured,tcp-loopback,TCP loopback,Z0[i][j] + Z1[i][j] = x[i] * Delta[j] mod p,semi-honest-128,16384,16384,,0,0,0,0,512,1,0,0,0,0,3777.612,0.0,0.0,3777.612,2406.977,3777.612,6184.589,,,536871056,17432,17432,536871056,536888424,536888424,0,,,,0,536888424,,,,0,4096.133605957031,32769.06884765625,tcp_two_process;
2026-07-24T02:39:00.083460+00:00,562e21bc6bf16bfc32ac3e2d6f21719f28965a23,DIRECT_NOISY_SVOLE,INCLUDING_BASE_OT,2305843009213693951,61,64,128,14,16384,8,7,0,OK,measured,tcp-loopback,TCP loopback,Z0[i][j] + Z1[i][j] = x[i] * Delta[j] mod p,semi-honest-128,16384,16384,,0,0,0,0,512,1,0,0,0,0,3782.652,0.0,0.0,3782.652,2402.755,3782.652,6185.406999999999,,,536871056,17432,17432,536871056,536888424,536888424,0,,,,0,536888424,,,,0,4096.133605957031,32769.06884765625,tcp_two_process;
2026-07-24T02:39:04.071128+00:00,562e21bc6bf16bfc32ac3e2d6f21719f28965a23,DIRECT_NOISY_SVOLE,INCLUDING_BASE_OT,2305843009213693951,61,64,128,14,16384,8,8,0,OK,measured,tcp-loopback,TCP loopback,Z0[i][j] + Z1[i][j] = x[i] * Delta[j] mod p,semi-honest-128,16384,16384,,0,0,0,0,512,1,0,0,0,0,3776.8199999999997,0.0,0.0,3776.8199999999997,2400.678,3776.8199999999997,6177.498,,,536871056,17432,17432,536871056,536888424,536888424,0,,,,0,536888424,,,,0,4096.133605957031,32769.06884765625,tcp_two_process;
2026-07-24T02:39:08.047545+00:00,562e21bc6bf16bfc32ac3e2d6f21719f28965a23,DIRECT_NOISY_SVOLE,INCLUDING_BASE_OT,2305843009213693951,61,64,128,14,16384,8,9,0,OK,measured,tcp-loopback,TCP loopback,Z0[i][j] + Z1[i][j] = x[i] * Delta[j] mod p,semi-honest-128,16384,16384,,0,0,0,0,512,1,0,0,0,0,3766.311,0.0,0.0,3766.311,2402.895,3766.311,6169.206,,,536871056,17432,17432,536871056,536888424,536888424,0,,,,0,536888424,,,,0,4096.133605957031,32769.06884765625,tcp_two_process;
2026-07-24T02:39:37.035424+00:00,562e21bc6bf16bfc32ac3e2d6f21719f28965a23,DIRECT_NOISY_SVOLE,INCLUDING_BASE_OT,2305843009213693951,61,64,128,14,16384,16,-1,1,OK,measured,tcp-loopback,TCP loopback,Z0[i][j] + Z1[i][j] = x[i] * Delta[j] mod p,semi-honest-128,16384,16384,,0,0,0,0,1024,1,0,0,0,0,14277.329,0.0,0.0,14277.329,9013.464,14277.329,23290.793,,,2147483856,34840,34840,2147483856,2147518568,2147518568,0,,,,0,2147518568,,,,0,8192.133209228516,65537.06567382812,tcp_two_process;
2026-07-24T02:39:51.509727+00:00,562e21bc6bf16bfc32ac3e2d6f21719f28965a23,DIRECT_NOISY_SVOLE,INCLUDING_BASE_OT,2305843009213693951,61,64,128,14,16384,16,0,0,OK,measured,tcp-loopback,TCP loopback,Z0[i][j] + Z1[i][j] = x[i] * Delta[j] mod p,semi-honest-128,16384,16384,,0,0,0,0,1024,1,0,0,0,0,14263.964,0.0,0.0,14263.964,9017.899,14263.964,23281.863,,,2147483856,34840,34840,2147483856,2147518568,2147518568,0,,,,0,2147518568,,,,0,8192.133209228516,65537.06567382812,tcp_two_process;
2026-07-24T02:40:05.979472+00:00,562e21bc6bf16bfc32ac3e2d6f21719f28965a23,DIRECT_NOISY_SVOLE,INCLUDING_BASE_OT,2305843009213693951,61,64,128,14,16384,16,1,0,OK,measured,tcp-loopback,TCP loopback,Z0[i][j] + Z1[i][j] = x[i] * Delta[j] mod p,semi-honest-128,16384,16384,,0,0,0,0,1024,1,0,0,0,0,14259.329,0.0,0.0,14259.329,9012.368,14259.329,23271.697,,,2147483856,34840,34840,2147483856,2147518568,2147518568,0,,,,0,2147518568,,,,0,8192.133209228516,65537.06567382812,tcp_two_process;
2026-07-24T02:40:20.453896+00:00,562e21bc6bf16bfc32ac3e2d6f21719f28965a23,DIRECT_NOISY_SVOLE,INCLUDING_BASE_OT,2305843009213693951,61,64,128,14,16384,16,2,0,OK,measured,tcp-loopback,TCP loopback,Z0[i][j] + Z1[i][j] = x[i] * Delta[j] mod p,semi-honest-128,16384,16384,,0,0,0,0,1024,1,0,0,0,0,14263.087000000001,0.0,0.0,14263.087000000001,9037.789,14263.087000000001,23300.876000000004,,,2147483856,34840,34840,2147483856,2147518568,2147518568,0,,,,0,2147518568,,,,0,8192.133209228516,65537.06567382812,tcp_two_process;
2026-07-24T02:40:34.919579+00:00,562e21bc6bf16bfc32ac3e2d6f21719f28965a23,DIRECT_NOISY_SVOLE,INCLUDING_BASE_OT,2305843009213693951,61,64,128,14,16384,16,3,0,OK,measured,tcp-loopback,TCP loopback,Z0[i][j] + Z1[i][j] = x[i] * Delta[j] mod p,semi-honest-128,16384,16384,,0,0,0,0,1024,1,0,0,0,0,14254.31,0.0,0.0,14254.31,9023.009,14254.31,23277.319,,,2147483856,34840,34840,2147483856,2147518568,2147518568,0,,,,0,2147518568,,,,0,8192.133209228516,65537.06567382812,tcp_two_process;
2026-07-24T02:40:49.365131+00:00,562e21bc6bf16bfc32ac3e2d6f21719f28965a23,DIRECT_NOISY_SVOLE,INCLUDING_BASE_OT,2305843009213693951,61,64,128,14,16384,16,4,0,OK,measured,tcp-loopback,TCP loopback,Z0[i][j] + Z1[i][j] = x[i] * Delta[j] mod p,semi-honest-128,16384,16384,,0,0,0,0,1024,1,0,0,0,0,14235.492,0.0,0.0,14235.492,9020.945,14235.492,23256.436999999998,,,2147483856,34840,34840,2147483856,2147518568,2147518568,0,,,,0,2147518568,,,,0,8192.133209228516,65537.06567382812,tcp_two_process;
2026-07-24T02:41:19.566738+00:00,562e21bc6bf16bfc32ac3e2d6f21719f28965a23,DIRECT_NOISY_SVOLE,INCLUDING_BASE_OT,2305843009213693951,61,64,128,16,65536,8,-1,1,OK,measured,tcp-loopback,TCP loopback,Z0[i][j] + Z1[i][j] = x[i] * Delta[j] mod p,semi-honest-128,65536,65536,,0,0,0,0,512,1,0,0,0,0,14890.817000000001,0.0,0.0,14890.817000000001,9471.05,14890.817000000001,24361.867,,,2147483792,17432,17432,2147483792,2147501160,2147501160,0,,,,0,2147501160,,,,0,4096.033401489258,32768.26721191406,tcp_two_process;
2026-07-24T02:41:34.549421+00:00,562e21bc6bf16bfc32ac3e2d6f21719f28965a23,DIRECT_NOISY_SVOLE,INCLUDING_BASE_OT,2305843009213693951,61,64,128,16,65536,8,0,0,OK,measured,tcp-loopback,TCP loopback,Z0[i][j] + Z1[i][j] = x[i] * Delta[j] mod p,semi-honest-128,65536,65536,,0,0,0,0,512,1,0,0,0,0,14771.689999999999,0.0,0.0,14771.689999999999,9455.312,14771.689999999999,24227.002,,,2147483792,17432,17432,2147483792,2147501160,2147501160,0,,,,0,2147501160,,,,0,4096.033401489258,32768.26721191406,tcp_two_process;
2026-07-24T02:41:49.677365+00:00,562e21bc6bf16bfc32ac3e2d6f21719f28965a23,DIRECT_NOISY_SVOLE,INCLUDING_BASE_OT,2305843009213693951,61,64,128,16,65536,8,1,0,OK,measured,tcp-loopback,TCP loopback,Z0[i][j] + Z1[i][j] = x[i] * Delta[j] mod p,semi-honest-128,65536,65536,,0,0,0,0,512,1,0,0,0,0,14916.11,0.0,0.0,14916.11,9470.633,14916.11,24386.743,,,2147483792,17432,17432,2147483792,2147501160,2147501160,0,,,,0,2147501160,,,,0,4096.033401489258,32768.26721191406,tcp_two_process;
2026-07-24T02:42:04.760712+00:00,562e21bc6bf16bfc32ac3e2d6f21719f28965a23,DIRECT_NOISY_SVOLE,INCLUDING_BASE_OT,2305843009213693951,61,64,128,16,65536,8,2,0,OK,measured,tcp-loopback,TCP loopback,Z0[i][j] + Z1[i][j] = x[i] * Delta[j] mod p,semi-honest-128,65536,65536,,0,0,0,0,512,1,0,0,0,0,14872.467,0.0,0.0,14872.467,9457.589,14872.467,24330.056,,,2147483792,17432,17432,2147483792,2147501160,2147501160,0,,,,0,2147501160,,,,0,4096.033401489258,32768.26721191406,tcp_two_process;
2026-07-24T02:42:19.859327+00:00,562e21bc6bf16bfc32ac3e2d6f21719f28965a23,DIRECT_NOISY_SVOLE,INCLUDING_BASE_OT,2305843009213693951,61,64,128,16,65536,8,3,0,OK,measured,tcp-loopback,TCP loopback,Z0[i][j] + Z1[i][j] = x[i] * Delta[j] mod p,semi-honest-128,65536,65536,,0,0,0,0,512,1,0,0,0,0,14886.868,0.0,0.0,14886.868,9475.525,14886.868,24362.392999999996,,,2147483792,17432,17432,2147483792,2147501160,2147501160,0,,,,0,2147501160,,,,0,4096.033401489258,32768.26721191406,tcp_two_process;
2026-07-24T02:42:34.913449+00:00,562e21bc6bf16bfc32ac3e2d6f21719f28965a23,DIRECT_NOISY_SVOLE,INCLUDING_BASE_OT,2305843009213693951,61,64,128,16,65536,8,4,0,OK,measured,tcp-loopback,TCP loopback,Z0[i][j] + Z1[i][j] = x[i] * Delta[j] mod p,semi-honest-128,65536,65536,,0,0,0,0,512,1,0,0,0,0,14843.291000000001,0.0,0.0,14843.291000000001,9463.389,14843.291000000001,24306.68,,,2147483792,17432,17432,2147483792,2147501160,2147501160,0,,,,0,2147501160,,,,0,4096.033401489258,32768.26721191406,tcp_two_process;
