method,base_ot_mode,logN,m,metric,count,median,mean,stddev,q25,q75,min,max
COORDINATE_PPRF,INCLUDING_OT,12,8,key_setup_wall_ms,10,578.0175,576.1829,3.82875083922798,574.29,578.9815000000001,569.601,580.1610000000001
COORDINATE_PPRF,INCLUDING_OT,12,8,pprf_only_time_ms,10,578.0175,576.1829,3.82875083922798,574.29,578.9815000000001,569.601,580.1610000000001
COORDINATE_PPRF,INCLUDING_OT,12,8,pprf_setup_bytes,10,407216.0,407216.0,0.0,407216.0,407216.0,407216.0,407216.0
COORDINATE_PPRF,INCLUDING_OT,12,8,total_comm_bytes,10,407216.0,407216.0,0.0,407216.0,407216.0,407216.0,407216.0
COORDINATE_PPRF,INCLUDING_OT,12,16,key_setup_wall_ms,10,1151.141,1148.5166,13.205618191596466,1136.6205,1160.84275,1131.146,1162.2920000000001
COORDINATE_PPRF,INCLUDING_OT,12,16,pprf_only_time_ms,10,1151.141,1148.5166,13.205618191596466,1136.6205,1160.84275,1131.146,1162.2920000000001
COORDINATE_PPRF,INCLUDING_OT,12,16,pprf_setup_bytes,10,814384.0,814384.0,0.0,814384.0,814384.0,814384.0,814384.0
COORDINATE_PPRF,INCLUDING_OT,12,16,total_comm_bytes,10,814384.0,814384.0,0.0,814384.0,814384.0,814384.0,814384.0
COORDINATE_PPRF,INCLUDING_OT,12,32,key_setup_wall_ms,10,2304.4925,2301.8822999999998,20.164779294877256,2284.1385,2318.67925,2275.518,2325.781
COORDINATE_PPRF,INCLUDING_OT,12,32,pprf_only_time_ms,10,2304.4925,2301.8822999999998,20.164779294877256,2284.1385,2318.67925,2275.518,2325.781
COORDINATE_PPRF,INCLUDING_OT,12,32,pprf_setup_bytes,10,1628720.0,1628720.0,0.0,1628720.0,1628720.0,1628720.0,1628720.0
COORDINATE_PPRF,INCLUDING_OT,12,32,total_comm_bytes,10,1628720.0,1628720.0,0.0,1628720.0,1628720.0,1628720.0,1628720.0
COORDINATE_PPRF,INCLUDING_OT,14,8,key_setup_wall_ms,10,768.0535,766.5439,5.403231182460317,761.376,771.2257500000001,759.328,772.6800000000001
COORDINATE_PPRF,INCLUDING_OT,14,8,pprf_only_time_ms,10,768.0535,766.5439,5.403231182460317,761.376,771.2257500000001,759.328,772.6800000000001
COORDINATE_PPRF,INCLUDING_OT,14,8,pprf_setup_bytes,10,542384.0,542384.0,0.0,542384.0,542384.0,542384.0,542384.0
COORDINATE_PPRF,INCLUDING_OT,14,8,total_comm_bytes,10,542384.0,542384.0,0.0,542384.0,542384.0,542384.0,542384.0
COORDINATE_PPRF,INCLUDING_OT,14,16,key_setup_wall_ms,10,1526.7075,1524.0166,11.293495425834033,1514.80375,1532.65775,1504.625,1539.525
COORDINATE_PPRF,INCLUDING_OT,14,16,pprf_only_time_ms,10,1526.7075,1524.0166,11.293495425834033,1514.80375,1532.65775,1504.625,1539.525
COORDINATE_PPRF,INCLUDING_OT,14,16,pprf_setup_bytes,10,1084720.0,1084720.0,0.0,1084720.0,1084720.0,1084720.0,1084720.0
COORDINATE_PPRF,INCLUDING_OT,14,16,total_comm_bytes,10,1084720.0,1084720.0,0.0,1084720.0,1084720.0,1084720.0,1084720.0
COORDINATE_PPRF,INCLUDING_OT,14,32,key_setup_wall_ms,10,3029.3894999999998,3032.258,11.014798328713221,3028.285,3031.0325,3024.306,3062.78
COORDINATE_PPRF,INCLUDING_OT,14,32,pprf_only_time_ms,10,3029.3894999999998,3032.258,11.014798328713221,3028.285,3031.0325,3024.306,3062.78
COORDINATE_PPRF,INCLUDING_OT,14,32,pprf_setup_bytes,10,2169392.0,2169392.0,0.0,2169392.0,2169392.0,2169392.0,2169392.0
COORDINATE_PPRF,INCLUDING_OT,14,32,total_comm_bytes,10,2169392.0,2169392.0,0.0,2169392.0,2169392.0,2169392.0,2169392.0
COORDINATE_PPRF,INCLUDING_OT,16,8,key_setup_wall_ms,10,964.7,964.7343,5.910521673723526,960.817,967.66,956.8919999999999,977.117
COORDINATE_PPRF,INCLUDING_OT,16,8,pprf_only_time_ms,10,964.7,964.7343,5.910521673723526,960.817,967.66,956.8919999999999,977.117
COORDINATE_PPRF,INCLUDING_OT,16,8,pprf_setup_bytes,10,677552.0,677552.0,0.0,677552.0,677552.0,677552.0,677552.0
COORDINATE_PPRF,INCLUDING_OT,16,8,total_comm_bytes,10,677552.0,677552.0,0.0,677552.0,677552.0,677552.0,677552.0
COORDINATE_PPRF,INCLUDING_OT,16,16,key_setup_wall_ms,10,1929.5425,1926.9467,9.042588260866221,1921.33925,1932.09775,1911.375,1938.5529999999999
COORDINATE_PPRF,INCLUDING_OT,16,16,pprf_only_time_ms,10,1929.5425,1926.9467,9.042588260866221,1921.33925,1932.09775,1911.375,1938.5529999999999
COORDINATE_PPRF,INCLUDING_OT,16,16,pprf_setup_bytes,10,1355056.0,1355056.0,0.0,1355056.0,1355056.0,1355056.0,1355056.0
COORDINATE_PPRF,INCLUDING_OT,16,16,total_comm_bytes,10,1355056.0,1355056.0,0.0,1355056.0,1355056.0,1355056.0,1355056.0
COORDINATE_PPRF,INCLUDING_OT,16,32,key_setup_wall_ms,10,3840.5070000000005,3845.8477000000003,29.93395553566405,3823.5665,3855.2257500000005,3813.622,3897.915
COORDINATE_PPRF,INCLUDING_OT,16,32,pprf_only_time_ms,10,3840.5070000000005,3845.8477000000003,29.93395553566405,3823.5665,3855.2257500000005,3813.622,3897.915
COORDINATE_PPRF,INCLUDING_OT,16,32,pprf_setup_bytes,10,2710064.0,2710064.0,0.0,2710064.0,2710064.0,2710064.0,2710064.0
COORDINATE_PPRF,INCLUDING_OT,16,32,total_comm_bytes,10,2710064.0,2710064.0,0.0,2710064.0,2710064.0,2710064.0,2710064.0
COORDINATE_PPRF,INCLUDING_OT,18,8,key_setup_wall_ms,10,1228.1155,1230.0433,8.801253926445762,1223.3522500000001,1231.86625,1221.978,1249.609
COORDINATE_PPRF,INCLUDING_OT,18,8,pprf_only_time_ms,10,1228.1155,1230.0433,8.801253926445762,1223.3522500000001,1231.86625,1221.978,1249.609
COORDINATE_PPRF,INCLUDING_OT,18,8,pprf_setup_bytes,10,812720.0,812720.0,0.0,812720.0,812720.0,812720.0,812720.0
COORDINATE_PPRF,INCLUDING_OT,18,8,total_comm_bytes,10,812720.0,812720.0,0.0,812720.0,812720.0,812720.0,812720.0
COORDINATE_PPRF,INCLUDING_OT,18,16,key_setup_wall_ms,10,2493.4415,2481.083,22.264401182156263,2464.5295,2496.1507500000002,2445.5209999999997,2505.036
COORDINATE_PPRF,INCLUDING_OT,18,16,pprf_only_time_ms,10,2493.4415,2481.083,22.264401182156263,2464.5295,2496.1507500000002,2445.5209999999997,2505.036
COORDINATE_PPRF,INCLUDING_OT,18,16,pprf_setup_bytes,10,1625392.0,1625392.0,0.0,1625392.0,1625392.0,1625392.0,1625392.0
COORDINATE_PPRF,INCLUDING_OT,18,16,total_comm_bytes,10,1625392.0,1625392.0,0.0,1625392.0,1625392.0,1625392.0,1625392.0
COORDINATE_PPRF,INCLUDING_OT,18,32,key_setup_wall_ms,10,4937.266,4944.7880000000005,44.311205094071745,4903.8105000000005,4987.0827500000005,4893.377,5000.705
COORDINATE_PPRF,INCLUDING_OT,18,32,pprf_only_time_ms,10,4937.266,4944.7880000000005,44.311205094071745,4903.8105000000005,4987.0827500000005,4893.377,5000.705
COORDINATE_PPRF,INCLUDING_OT,18,32,pprf_setup_bytes,10,3250736.0,3250736.0,0.0,3250736.0,3250736.0,3250736.0,3250736.0
COORDINATE_PPRF,INCLUDING_OT,18,32,total_comm_bytes,10,3250736.0,3250736.0,0.0,3250736.0,3250736.0,3250736.0,3250736.0
COORDINATE_PPRF,INCLUDING_OT,20,8,key_setup_wall_ms,10,1763.039,1756.1207,15.369098520877632,1740.1755,1768.8367500000002,1733.354,1771.385
COORDINATE_PPRF,INCLUDING_OT,20,8,pprf_only_time_ms,10,1763.039,1756.1207,15.369098520877632,1740.1755,1768.8367500000002,1733.354,1771.385
COORDINATE_PPRF,INCLUDING_OT,20,8,pprf_setup_bytes,10,947888.0,947888.0,0.0,947888.0,947888.0,947888.0,947888.0
COORDINATE_PPRF,INCLUDING_OT,20,8,total_comm_bytes,10,947888.0,947888.0,0.0,947888.0,947888.0,947888.0,947888.0
COORDINATE_PPRF,INCLUDING_OT,20,16,key_setup_wall_ms,10,3497.474,3504.223,36.22460149615941,3471.577,3538.42875,3464.277,3553.163
COORDINATE_PPRF,INCLUDING_OT,20,16,pprf_only_time_ms,10,3497.474,3504.223,36.22460149615941,3471.577,3538.42875,3464.277,3553.163
COORDINATE_PPRF,INCLUDING_OT,20,16,pprf_setup_bytes,10,1895728.0,1895728.0,0.0,1895728.0,1895728.0,1895728.0,1895728.0
COORDINATE_PPRF,INCLUDING_OT,20,16,total_comm_bytes,10,1895728.0,1895728.0,0.0,1895728.0,1895728.0,1895728.0,1895728.0
COORDINATE_PPRF,INCLUDING_OT,20,32,key_setup_wall_ms,10,6993.8385,6989.2825,64.09042185546231,6943.4015,7038.80975,6889.501,7076.034
COORDINATE_PPRF,INCLUDING_OT,20,32,pprf_only_time_ms,10,6993.8385,6989.2825,64.09042185546231,6943.4015,7038.80975,6889.501,7076.034
COORDINATE_PPRF,INCLUDING_OT,20,32,pprf_setup_bytes,10,3791408.0,3791408.0,0.0,3791408.0,3791408.0,3791408.0,3791408.0
COORDINATE_PPRF,INCLUDING_OT,20,32,total_comm_bytes,10,3791408.0,3791408.0,0.0,3791408.0,3791408.0,3791408.0,3791408.0
VECTOR_PPRF,INCLUDING_OT,12,8,key_setup_wall_ms,10,73.348,73.7792,1.4744708881493733,72.934,73.80850000000001,72.715,77.727
VECTOR_PPRF,INCLUDING_OT,12,8,pprf_only_time_ms,10,73.348,73.7792,1.4744708881493733,72.934,73.80850000000001,72.715,77.727
VECTOR_PPRF,INCLUDING_OT,12,8,pprf_setup_bytes,10,79616.0,79616.0,0.0,79616.0,79616.0,79616.0,79616.0
VECTOR_PPRF,INCLUDING_OT,12,8,total_comm_bytes,10,79616.0,79616.0,0.0,79616.0,79616.0,79616.0,79616.0
VECTOR_PPRF,INCLUDING_OT,12,16,key_setup_wall_ms,10,74.366,74.4147,0.2819184476246798,74.298,74.6245,73.891,74.847
VECTOR_PPRF,INCLUDING_OT,12,16,pprf_only_time_ms,10,74.366,74.4147,0.2819184476246798,74.298,74.6245,73.891,74.847
VECTOR_PPRF,INCLUDING_OT,12,16,pprf_setup_bytes,10,112384.0,112384.0,0.0,112384.0,112384.0,112384.0,112384.0
VECTOR_PPRF,INCLUDING_OT,12,16,total_comm_bytes,10,112384.0,112384.0,0.0,112384.0,112384.0,112384.0,112384.0
VECTOR_PPRF,INCLUDING_OT,12,32,key_setup_wall_ms,10,76.195,76.3829,0.6748449122246969,75.84525,76.9595,75.565,77.494
VECTOR_PPRF,INCLUDING_OT,12,32,pprf_only_time_ms,10,76.195,76.3829,0.6748449122246969,75.84525,76.9595,75.565,77.494
VECTOR_PPRF,INCLUDING_OT,12,32,pprf_setup_bytes,10,177920.0,177920.0,0.0,177920.0,177920.0,177920.0,177920.0
VECTOR_PPRF,INCLUDING_OT,12,32,total_comm_bytes,10,177920.0,177920.0,0.0,177920.0,177920.0,177920.0,177920.0
VECTOR_PPRF,INCLUDING_OT,14,8,key_setup_wall_ms,10,100.52349999999998,100.2629,0.7115464301240074,99.56275,100.85175,99.30600000000001,101.14099999999999
VECTOR_PPRF,INCLUDING_OT,14,8,pprf_only_time_ms,10,100.52349999999998,100.2629,0.7115464301240074,99.56275,100.85175,99.30600000000001,101.14099999999999
VECTOR_PPRF,INCLUDING_OT,14,8,pprf_setup_bytes,10,96512.0,96512.0,0.0,96512.0,96512.0,96512.0,96512.0
VECTOR_PPRF,INCLUDING_OT,14,8,total_comm_bytes,10,96512.0,96512.0,0.0,96512.0,96512.0,96512.0,96512.0
VECTOR_PPRF,INCLUDING_OT,14,16,key_setup_wall_ms,10,104.9185,104.9942,0.5928432058029088,104.57325,105.43325,104.105,106.07600000000001
VECTOR_PPRF,INCLUDING_OT,14,16,pprf_only_time_ms,10,104.9185,104.9942,0.5928432058029088,104.57325,105.43325,104.105,106.07600000000001
VECTOR_PPRF,INCLUDING_OT,14,16,pprf_setup_bytes,10,129280.0,129280.0,0.0,129280.0,129280.0,129280.0,129280.0
VECTOR_PPRF,INCLUDING_OT,14,16,total_comm_bytes,10,129280.0,129280.0,0.0,129280.0,129280.0,129280.0,129280.0
VECTOR_PPRF,INCLUDING_OT,14,32,key_setup_wall_ms,10,112.04849999999999,112.2393,0.5935535265575382,111.82625,112.73400000000001,111.539,113.135
VECTOR_PPRF,INCLUDING_OT,14,32,pprf_only_time_ms,10,112.04849999999999,112.2393,0.5935535265575382,111.82625,112.73400000000001,111.539,113.135
VECTOR_PPRF,INCLUDING_OT,14,32,pprf_setup_bytes,10,194816.0,194816.0,0.0,194816.0,194816.0,194816.0,194816.0
VECTOR_PPRF,INCLUDING_OT,14,32,total_comm_bytes,10,194816.0,194816.0,0.0,194816.0,194816.0,194816.0,194816.0
VECTOR_PPRF,INCLUDING_OT,16,8,key_setup_wall_ms,10,139.43349999999998,139.6539,1.0193800349013866,138.87225,140.59475,138.373,141.184
VECTOR_PPRF,INCLUDING_OT,16,8,pprf_only_time_ms,10,139.43349999999998,139.6539,1.0193800349013866,138.87225,140.59475,138.373,141.184
VECTOR_PPRF,INCLUDING_OT,16,8,pprf_setup_bytes,10,113408.0,113408.0,0.0,113408.0,113408.0,113408.0,113408.0
VECTOR_PPRF,INCLUDING_OT,16,8,total_comm_bytes,10,113408.0,113408.0,0.0,113408.0,113408.0,113408.0,113408.0
VECTOR_PPRF,INCLUDING_OT,16,16,key_setup_wall_ms,10,156.75400000000002,157.80610000000001,2.2819700772212888,156.5555,159.14225,155.447,161.573
VECTOR_PPRF,INCLUDING_OT,16,16,pprf_only_time_ms,10,156.75400000000002,157.80610000000001,2.2819700772212888,156.5555,159.14225,155.447,161.573
VECTOR_PPRF,INCLUDING_OT,16,16,pprf_setup_bytes,10,146176.0,146176.0,0.0,146176.0,146176.0,146176.0,146176.0
VECTOR_PPRF,INCLUDING_OT,16,16,total_comm_bytes,10,146176.0,146176.0,0.0,146176.0,146176.0,146176.0,146176.0
VECTOR_PPRF,INCLUDING_OT,16,32,key_setup_wall_ms,10,196.89249999999998,196.6842,1.2389870235173805,196.10725000000002,197.315,194.37699999999998,198.526
VECTOR_PPRF,INCLUDING_OT,16,32,pprf_only_time_ms,10,196.89249999999998,196.6842,1.2389870235173805,196.10725000000002,197.315,194.37699999999998,198.526
VECTOR_PPRF,INCLUDING_OT,16,32,pprf_setup_bytes,10,211712.0,211712.0,0.0,211712.0,211712.0,211712.0,211712.0
VECTOR_PPRF,INCLUDING_OT,16,32,total_comm_bytes,10,211712.0,211712.0,0.0,211712.0,211712.0,211712.0,211712.0
VECTOR_PPRF,INCLUDING_OT,18,8,key_setup_wall_ms,10,228.05399999999997,228.1025,1.2045310060120675,227.57899999999998,228.4305,226.223,230.494
VECTOR_PPRF,INCLUDING_OT,18,8,pprf_only_time_ms,10,228.05399999999997,228.1025,1.2045310060120675,227.57899999999998,228.4305,226.223,230.494
VECTOR_PPRF,INCLUDING_OT,18,8,pprf_setup_bytes,10,130304.0,130304.0,0.0,130304.0,130304.0,130304.0,130304.0
VECTOR_PPRF,INCLUDING_OT,18,8,total_comm_bytes,10,130304.0,130304.0,0.0,130304.0,130304.0,130304.0,130304.0
VECTOR_PPRF,INCLUDING_OT,18,16,key_setup_wall_ms,10,306.09900000000005,306.1063,1.0800066923660963,305.4655,306.64075,304.34,307.993
VECTOR_PPRF,INCLUDING_OT,18,16,pprf_only_time_ms,10,306.09900000000005,306.1063,1.0800066923660963,305.4655,306.64075,304.34,307.993
VECTOR_PPRF,INCLUDING_OT,18,16,pprf_setup_bytes,10,163072.0,163072.0,0.0,163072.0,163072.0,163072.0,163072.0
VECTOR_PPRF,INCLUDING_OT,18,16,total_comm_bytes,10,163072.0,163072.0,0.0,163072.0,163072.0,163072.0,163072.0
VECTOR_PPRF,INCLUDING_OT,18,32,key_setup_wall_ms,10,465.947,465.37199999999996,2.239624720547814,464.1935,467.13149999999996,461.18399999999997,468.147
VECTOR_PPRF,INCLUDING_OT,18,32,pprf_only_time_ms,10,465.947,465.37199999999996,2.239624720547814,464.1935,467.13149999999996,461.18399999999997,468.147
VECTOR_PPRF,INCLUDING_OT,18,32,pprf_setup_bytes,10,228608.0,228608.0,0.0,228608.0,228608.0,228608.0,228608.0
VECTOR_PPRF,INCLUDING_OT,18,32,total_comm_bytes,10,228608.0,228608.0,0.0,228608.0,228608.0,228608.0,228608.0
VECTOR_PPRF,INCLUDING_OT,20,8,key_setup_wall_ms,10,521.4825,521.4634,2.658340091945444,520.32825,522.6405000000001,517.77,526.2
VECTOR_PPRF,INCLUDING_OT,20,8,pprf_only_time_ms,10,521.4825,521.4634,2.658340091945444,520.32825,522.6405000000001,517.77,526.2
VECTOR_PPRF,INCLUDING_OT,20,8,pprf_setup_bytes,10,147200.0,147200.0,0.0,147200.0,147200.0,147200.0,147200.0
VECTOR_PPRF,INCLUDING_OT,20,8,total_comm_bytes,10,147200.0,147200.0,0.0,147200.0,147200.0,147200.0,147200.0
VECTOR_PPRF,INCLUDING_OT,20,16,key_setup_wall_ms,10,844.4069999999999,845.9162,4.317132994116473,843.296,848.30025,840.4639999999999,853.388
VECTOR_PPRF,INCLUDING_OT,20,16,pprf_only_time_ms,10,844.4069999999999,845.9162,4.317132994116473,843.296,848.30025,840.4639999999999,853.388
VECTOR_PPRF,INCLUDING_OT,20,16,pprf_setup_bytes,10,179968.0,179968.0,0.0,179968.0,179968.0,179968.0,179968.0
VECTOR_PPRF,INCLUDING_OT,20,16,total_comm_bytes,10,179968.0,179968.0,0.0,179968.0,179968.0,179968.0,179968.0
VECTOR_PPRF,INCLUDING_OT,20,32,key_setup_wall_ms,10,1512.938,1514.0249,5.405098589911777,1510.3575,1516.46075,1508.219,1526.54
VECTOR_PPRF,INCLUDING_OT,20,32,pprf_only_time_ms,10,1512.938,1514.0249,5.405098589911777,1510.3575,1516.46075,1508.219,1526.54
VECTOR_PPRF,INCLUDING_OT,20,32,pprf_setup_bytes,10,245504.0,245504.0,0.0,245504.0,245504.0,245504.0,245504.0
VECTOR_PPRF,INCLUDING_OT,20,32,total_comm_bytes,10,245504.0,245504.0,0.0,245504.0,245504.0,245504.0,245504.0
